2025/11/27 17:56:41 PM - __main__ - INFO - Logging timestamps are respect to America/Lima timezone
2025/11/27 17:56:41 PM - __main__ - INFO - ---FOR DMI = 1.0 J/m2---
2025/11/27 17:56:41 PM - __main__ - INFO - ---FOR Ku = 0.02 MJ/m3---
2025/11/27 17:56:41 PM - __main__ - INFO - Ignoring DMI=1.0, Ku=0.02
2025/11/27 17:56:41 PM - __main__ - INFO - ---FOR Ku = 0.04 MJ/m3---
2025/11/27 17:56:41 PM - __main__ - INFO - Ignoring DMI=1.0, Ku=0.04
2025/11/27 17:56:41 PM - __main__ - INFO - ---FOR Ku = 0.06 MJ/m3---
2025/11/27 17:56:41 PM - __main__ - INFO - Ignoring DMI=1.0, Ku=0.06, D=525, Ms=260
2025/11/27 17:56:41 PM - __main__ - INFO - Ignoring DMI=1.0, Ku=0.06, D=525, Ms=280
2025/11/27 17:56:41 PM - __main__ - INFO - Ignoring DMI=1.0, Ku=0.06, D=525, Ms=300
2025/11/27 17:56:41 PM - __main__ - INFO - Running simulation for D=525 nm and Msat=320 kA/m
2025/11/27 18:13:14 PM - __main__ - INFO - 	 Simulation time=993.14 s
2025/11/27 18:13:28 PM - __main__ - INFO - 	Finished converting image for hysteresis at D=525 nm and Ms=320 kA/m
2025/11/27 18:13:28 PM - __main__ - INFO - Running simulation for D=525 nm and Msat=340 kA/m
2025/11/27 18:39:09 PM - __main__ - INFO - 	 Simulation time=1540.47 s
2025/11/27 18:39:22 PM - __main__ - INFO - 	Finished converting image for hysteresis at D=525 nm and Ms=340 kA/m
2025/11/27 18:39:22 PM - __main__ - INFO - Running simulation for D=525 nm and Msat=360 kA/m
2025/11/27 19:03:07 PM - __main__ - INFO - 	 Simulation time=1425.35 s
2025/11/27 19:03:21 PM - __main__ - INFO - 	Finished converting image for hysteresis at D=525 nm and Ms=360 kA/m
2025/11/27 19:03:21 PM - __main__ - INFO - Running simulation for D=525 nm and Msat=380 kA/m
2025/11/27 19:41:43 PM - __main__ - INFO - 	 Simulation time=2302.77 s
2025/11/27 19:41:57 PM - __main__ - INFO - 	Finished converting image for hysteresis at D=525 nm and Ms=380 kA/m
2025/11/27 19:41:57 PM - __main__ - INFO - Running simulation for D=525 nm and Msat=400 kA/m
2025/11/27 20:39:43 PM - __main__ - INFO - 	 Simulation time=3466.67 s
2025/11/27 20:39:56 PM - __main__ - INFO - 	Finished converting image for hysteresis at D=525 nm and Ms=400 kA/m
2025/11/27 20:39:56 PM - __main__ - INFO - Running simulation for D=525 nm and Msat=420 kA/m
2025/11/27 21:19:16 PM - __main__ - INFO - 	 Simulation time=2359.45 s
2025/11/27 21:19:29 PM - __main__ - INFO - 	Finished converting image for hysteresis at D=525 nm and Ms=420 kA/m
2025/11/27 21:19:29 PM - __main__ - INFO - Running simulation for D=525 nm and Msat=440 kA/m
2025/11/27 21:37:22 PM - __main__ - INFO - 	 Simulation time=1073.14 s
2025/11/27 21:37:35 PM - __main__ - INFO - 	Finished converting image for hysteresis at D=525 nm and Ms=440 kA/m
2025/11/27 21:37:35 PM - __main__ - INFO - Running simulation for D=600 nm and Msat=260 kA/m
2025/11/27 21:58:19 PM - __main__ - INFO - 	 Simulation time=1244.32 s
2025/11/27 21:58:33 PM - __main__ - INFO - 	Finished converting image for hysteresis at D=600 nm and Ms=260 kA/m
2025/11/27 21:58:33 PM - __main__ - INFO - Running simulation for D=600 nm and Msat=280 kA/m
2025/11/27 22:20:59 PM - __main__ - INFO - 	 Simulation time=1345.39 s
2025/11/27 22:21:13 PM - __main__ - INFO - 	Finished converting image for hysteresis at D=600 nm and Ms=280 kA/m
2025/11/27 22:21:13 PM - __main__ - INFO - Running simulation for D=600 nm and Msat=300 kA/m
2025/11/27 22:57:24 PM - __main__ - INFO - 	 Simulation time=2171.09 s
2025/11/27 22:57:38 PM - __main__ - INFO - 	Finished converting image for hysteresis at D=600 nm and Ms=300 kA/m
2025/11/27 22:57:38 PM - __main__ - INFO - Running simulation for D=600 nm and Msat=320 kA/m
2025/11/27 23:22:32 PM - __main__ - INFO - 	 Simulation time=1494.73 s
2025/11/27 23:22:46 PM - __main__ - INFO - 	Finished converting image for hysteresis at D=600 nm and Ms=320 kA/m
2025/11/27 23:22:46 PM - __main__ - INFO - Running simulation for D=600 nm and Msat=340 kA/m
2025/11/28 00:29:46 AM - __main__ - INFO - 	 Simulation time=4019.98 s
2025/11/28 00:30:00 AM - __main__ - INFO - 	Finished converting image for hysteresis at D=600 nm and Ms=340 kA/m
2025/11/28 00:30:00 AM - __main__ - INFO - Running simulation for D=600 nm and Msat=360 kA/m
2025/11/28 01:35:25 AM - __main__ - INFO - 	 Simulation time=3924.98 s
2025/11/28 01:35:39 AM - __main__ - INFO - 	Finished converting image for hysteresis at D=600 nm and Ms=360 kA/m
2025/11/28 01:35:39 AM - __main__ - INFO - Running simulation for D=600 nm and Msat=380 kA/m
2025/11/28 02:33:56 AM - __main__ - INFO - 	 Simulation time=3496.49 s
2025/11/28 02:34:10 AM - __main__ - INFO - 	Finished converting image for hysteresis at D=600 nm and Ms=380 kA/m
2025/11/28 02:34:10 AM - __main__ - INFO - Running simulation for D=600 nm and Msat=400 kA/m
2025/11/28 03:18:17 AM - __main__ - INFO - 	 Simulation time=2647.53 s
2025/11/28 03:18:31 AM - __main__ - INFO - 	Finished converting image for hysteresis at D=600 nm and Ms=400 kA/m
2025/11/28 03:18:31 AM - __main__ - INFO - Running simulation for D=600 nm and Msat=420 kA/m
2025/11/28 04:04:11 AM - __main__ - INFO - 	 Simulation time=2739.63 s
2025/11/28 04:04:25 AM - __main__ - INFO - 	Finished converting image for hysteresis at D=600 nm and Ms=420 kA/m
2025/11/28 04:04:25 AM - __main__ - INFO - Running simulation for D=600 nm and Msat=440 kA/m
2025/11/28 04:25:26 AM - __main__ - INFO - 	 Simulation time=1260.87 s
2025/11/28 04:25:40 AM - __main__ - INFO - 	Finished converting image for hysteresis at D=600 nm and Ms=440 kA/m
2025/11/28 04:25:40 AM - __main__ - INFO - Running simulation for D=675 nm and Msat=260 kA/m
2025/11/28 05:01:10 AM - __main__ - INFO - 	 Simulation time=2130.63 s
2025/11/28 05:01:25 AM - __main__ - INFO - 	Finished converting image for hysteresis at D=675 nm and Ms=260 kA/m
2025/11/28 05:01:25 AM - __main__ - INFO - Running simulation for D=675 nm and Msat=280 kA/m
2025/11/28 06:02:33 AM - __main__ - INFO - 	 Simulation time=3667.97 s
2025/11/28 06:02:48 AM - __main__ - INFO - 	Finished converting image for hysteresis at D=675 nm and Ms=280 kA/m
2025/11/28 06:02:48 AM - __main__ - INFO - Running simulation for D=675 nm and Msat=300 kA/m
2025/11/28 07:12:59 AM - __main__ - INFO - 	 Simulation time=4210.80 s
2025/11/28 07:13:14 AM - __main__ - INFO - 	Finished converting image for hysteresis at D=675 nm and Ms=300 kA/m
2025/11/28 07:13:14 AM - __main__ - INFO - Running simulation for D=675 nm and Msat=320 kA/m
2025/11/28 07:43:21 AM - __main__ - INFO - 	 Simulation time=1806.58 s
2025/11/28 07:43:36 AM - __main__ - INFO - 	Finished converting image for hysteresis at D=675 nm and Ms=320 kA/m
2025/11/28 07:43:36 AM - __main__ - INFO - Running simulation for D=675 nm and Msat=340 kA/m
2025/11/28 08:33:07 AM - __main__ - INFO - 	 Simulation time=2971.10 s
2025/11/28 08:33:22 AM - __main__ - INFO - 	Finished converting image for hysteresis at D=675 nm and Ms=340 kA/m
2025/11/28 08:33:22 AM - __main__ - INFO - Running simulation for D=675 nm and Msat=360 kA/m
2025/11/28 10:57:58 AM - __main__ - INFO - 	 Simulation time=8675.30 s
2025/11/28 10:58:13 AM - __main__ - INFO - 	Finished converting image for hysteresis at D=675 nm and Ms=360 kA/m
2025/11/28 10:58:13 AM - __main__ - INFO - Running simulation for D=675 nm and Msat=380 kA/m
2025/11/28 12:04:10 PM - __main__ - INFO - 	 Simulation time=3957.26 s
2025/11/28 12:04:25 PM - __main__ - INFO - 	Finished converting image for hysteresis at D=675 nm and Ms=380 kA/m
2025/11/28 12:04:25 PM - __main__ - INFO - Running simulation for D=675 nm and Msat=400 kA/m
2025/11/28 13:09:40 PM - __main__ - INFO - 	 Simulation time=3914.90 s
2025/11/28 13:09:55 PM - __main__ - INFO - 	Finished converting image for hysteresis at D=675 nm and Ms=400 kA/m
2025/11/28 13:09:55 PM - __main__ - INFO - Running simulation for D=675 nm and Msat=420 kA/m
2025/11/28 14:17:51 PM - __main__ - INFO - 	 Simulation time=4075.48 s
2025/11/28 14:18:06 PM - __main__ - INFO - 	Finished converting image for hysteresis at D=675 nm and Ms=420 kA/m
2025/11/28 14:18:06 PM - __main__ - INFO - Running simulation for D=675 nm and Msat=440 kA/m
2025/11/28 14:40:05 PM - __main__ - INFO - 	 Simulation time=1319.05 s
2025/11/28 14:40:20 PM - __main__ - INFO - 	Finished converting image for hysteresis at D=675 nm and Ms=440 kA/m
2025/11/28 14:40:20 PM - __main__ - INFO - Running simulation for D=750 nm and Msat=260 kA/m
2025/11/28 16:25:21 PM - __main__ - INFO - 	 Simulation time=6301.39 s
2025/11/28 16:25:37 PM - __main__ - INFO - 	Finished converting image for hysteresis at D=750 nm and Ms=260 kA/m
2025/11/28 16:25:37 PM - __main__ - INFO - Running simulation for D=750 nm and Msat=280 kA/m
2025/11/28 17:46:37 PM - __main__ - INFO - 	 Simulation time=4860.20 s
2025/11/28 17:46:53 PM - __main__ - INFO - 	Finished converting image for hysteresis at D=750 nm and Ms=280 kA/m
2025/11/28 17:46:53 PM - __main__ - INFO - Running simulation for D=750 nm and Msat=300 kA/m
2025/11/28 21:08:44 PM - __main__ - INFO - 	 Simulation time=12110.34 s
2025/11/28 21:08:59 PM - __main__ - INFO - 	Finished converting image for hysteresis at D=750 nm and Ms=300 kA/m
2025/11/28 21:08:59 PM - __main__ - INFO - Running simulation for D=750 nm and Msat=320 kA/m
2025/11/28 21:52:26 PM - __main__ - INFO - 	 Simulation time=2607.05 s
2025/11/28 21:52:42 PM - __main__ - INFO - 	Finished converting image for hysteresis at D=750 nm and Ms=320 kA/m
2025/11/28 21:52:42 PM - __main__ - INFO - Running simulation for D=750 nm and Msat=340 kA/m
2025/11/28 23:18:25 PM - __main__ - INFO - 	 Simulation time=5143.26 s
2025/11/28 23:18:41 PM - __main__ - INFO - 	Finished converting image for hysteresis at D=750 nm and Ms=340 kA/m
2025/11/28 23:18:41 PM - __main__ - INFO - Running simulation for D=750 nm and Msat=360 kA/m
2025/11/29 01:39:04 AM - __main__ - INFO - 	 Simulation time=8423.39 s
2025/11/29 01:39:20 AM - __main__ - INFO - 	Finished converting image for hysteresis at D=750 nm and Ms=360 kA/m
2025/11/29 01:39:20 AM - __main__ - INFO - Running simulation for D=750 nm and Msat=380 kA/m
2025/11/29 04:01:14 AM - __main__ - INFO - 	 Simulation time=8513.72 s
2025/11/29 04:01:29 AM - __main__ - INFO - 	Finished converting image for hysteresis at D=750 nm and Ms=380 kA/m
2025/11/29 04:01:29 AM - __main__ - INFO - Running simulation for D=750 nm and Msat=400 kA/m
2025/11/29 05:09:16 AM - __main__ - INFO - 	 Simulation time=4066.94 s
2025/11/29 05:09:32 AM - __main__ - INFO - 	Finished converting image for hysteresis at D=750 nm and Ms=400 kA/m
2025/11/29 05:09:32 AM - __main__ - INFO - Running simulation for D=750 nm and Msat=420 kA/m
2025/11/29 07:20:04 AM - __main__ - INFO - 	 Simulation time=7832.03 s
2025/11/29 07:20:20 AM - __main__ - INFO - 	Finished converting image for hysteresis at D=750 nm and Ms=420 kA/m
2025/11/29 07:20:20 AM - __main__ - INFO - Running simulation for D=750 nm and Msat=440 kA/m
2025/11/29 07:42:50 AM - __main__ - INFO - 	 Simulation time=1349.50 s
2025/11/29 07:43:05 AM - __main__ - INFO - 	Finished converting image for hysteresis at D=750 nm and Ms=440 kA/m
2025/11/29 07:43:05 AM - __main__ - INFO - ---FOR Ku = 0.08 MJ/m3---
2025/11/29 07:43:05 AM - __main__ - INFO - Running simulation for D=150 nm and Msat=260 kA/m
2025/11/29 07:43:29 AM - __main__ - INFO - 	 Simulation time=24.02 s
2025/11/29 07:43:39 AM - __main__ - INFO - 	Finished converting image for hysteresis at D=150 nm and Ms=260 kA/m
2025/11/29 07:43:39 AM - __main__ - INFO - Running simulation for D=150 nm and Msat=280 kA/m
2025/11/29 07:44:23 AM - __main__ - INFO - 	 Simulation time=43.50 s
2025/11/29 07:44:33 AM - __main__ - INFO - 	Finished converting image for hysteresis at D=150 nm and Ms=280 kA/m
2025/11/29 07:44:33 AM - __main__ - INFO - Running simulation for D=150 nm and Msat=300 kA/m
2025/11/29 07:44:57 AM - __main__ - INFO - 	 Simulation time=24.66 s
2025/11/29 07:45:07 AM - __main__ - INFO - 	Finished converting image for hysteresis at D=150 nm and Ms=300 kA/m
2025/11/29 07:45:07 AM - __main__ - INFO - Running simulation for D=150 nm and Msat=320 kA/m
2025/11/29 07:46:18 AM - __main__ - INFO - 	 Simulation time=70.53 s
2025/11/29 07:46:28 AM - __main__ - INFO - 	Finished converting image for hysteresis at D=150 nm and Ms=320 kA/m
2025/11/29 07:46:28 AM - __main__ - INFO - Running simulation for D=150 nm and Msat=340 kA/m
2025/11/29 07:48:30 AM - __main__ - INFO - 	 Simulation time=122.17 s
2025/11/29 07:48:40 AM - __main__ - INFO - 	Finished converting image for hysteresis at D=150 nm and Ms=340 kA/m
2025/11/29 07:48:40 AM - __main__ - INFO - Running simulation for D=150 nm and Msat=360 kA/m
2025/11/29 07:51:44 AM - __main__ - INFO - 	 Simulation time=184.30 s
2025/11/29 07:51:54 AM - __main__ - INFO - 	Finished converting image for hysteresis at D=150 nm and Ms=360 kA/m
2025/11/29 07:51:54 AM - __main__ - INFO - Running simulation for D=150 nm and Msat=380 kA/m
2025/11/29 07:54:01 AM - __main__ - INFO - 	 Simulation time=126.79 s
2025/11/29 07:54:11 AM - __main__ - INFO - 	Finished converting image for hysteresis at D=150 nm and Ms=380 kA/m
2025/11/29 07:54:11 AM - __main__ - INFO - Running simulation for D=150 nm and Msat=400 kA/m
2025/11/29 07:54:52 AM - __main__ - INFO - 	 Simulation time=41.10 s
2025/11/29 07:55:02 AM - __main__ - INFO - 	Finished converting image for hysteresis at D=150 nm and Ms=400 kA/m
2025/11/29 07:55:02 AM - __main__ - INFO - Running simulation for D=150 nm and Msat=420 kA/m
2025/11/29 07:55:35 AM - __main__ - INFO - 	 Simulation time=33.31 s
2025/11/29 07:55:45 AM - __main__ - INFO - 	Finished converting image for hysteresis at D=150 nm and Ms=420 kA/m
2025/11/29 07:55:45 AM - __main__ - INFO - Running simulation for D=150 nm and Msat=440 kA/m
2025/11/29 07:56:19 AM - __main__ - INFO - 	 Simulation time=34.04 s
2025/11/29 07:56:29 AM - __main__ - INFO - 	Finished converting image for hysteresis at D=150 nm and Ms=440 kA/m
2025/11/29 07:56:29 AM - __main__ - INFO - Running simulation for D=225 nm and Msat=260 kA/m
2025/11/29 07:57:03 AM - __main__ - INFO - 	 Simulation time=34.48 s
2025/11/29 07:57:14 AM - __main__ - INFO - 	Finished converting image for hysteresis at D=225 nm and Ms=260 kA/m
2025/11/29 07:57:14 AM - __main__ - INFO - Running simulation for D=225 nm and Msat=280 kA/m
2025/11/29 07:58:00 AM - __main__ - INFO - 	 Simulation time=46.96 s
2025/11/29 07:58:11 AM - __main__ - INFO - 	Finished converting image for hysteresis at D=225 nm and Ms=280 kA/m
2025/11/29 07:58:11 AM - __main__ - INFO - Running simulation for D=225 nm and Msat=300 kA/m
2025/11/29 07:59:03 AM - __main__ - INFO - 	 Simulation time=51.79 s
2025/11/29 07:59:13 AM - __main__ - INFO - 	Finished converting image for hysteresis at D=225 nm and Ms=300 kA/m
2025/11/29 07:59:13 AM - __main__ - INFO - Running simulation for D=225 nm and Msat=320 kA/m
2025/11/29 07:59:57 AM - __main__ - INFO - 	 Simulation time=43.87 s
2025/11/29 08:00:07 AM - __main__ - INFO - 	Finished converting image for hysteresis at D=225 nm and Ms=320 kA/m
2025/11/29 08:00:07 AM - __main__ - INFO - Running simulation for D=225 nm and Msat=340 kA/m
2025/11/29 08:00:57 AM - __main__ - INFO - 	 Simulation time=50.06 s
2025/11/29 08:01:08 AM - __main__ - INFO - 	Finished converting image for hysteresis at D=225 nm and Ms=340 kA/m
2025/11/29 08:01:08 AM - __main__ - INFO - Running simulation for D=225 nm and Msat=360 kA/m
2025/11/29 08:04:56 AM - __main__ - INFO - 	 Simulation time=228.39 s
2025/11/29 08:05:06 AM - __main__ - INFO - 	Finished converting image for hysteresis at D=225 nm and Ms=360 kA/m
2025/11/29 08:05:06 AM - __main__ - INFO - Running simulation for D=225 nm and Msat=380 kA/m
2025/11/29 08:07:38 AM - __main__ - INFO - 	 Simulation time=151.58 s
2025/11/29 08:07:48 AM - __main__ - INFO - 	Finished converting image for hysteresis at D=225 nm and Ms=380 kA/m
2025/11/29 08:07:48 AM - __main__ - INFO - Running simulation for D=225 nm and Msat=400 kA/m
2025/11/29 08:08:54 AM - __main__ - INFO - 	 Simulation time=65.44 s
2025/11/29 08:09:04 AM - __main__ - INFO - 	Finished converting image for hysteresis at D=225 nm and Ms=400 kA/m
2025/11/29 08:09:04 AM - __main__ - INFO - Running simulation for D=225 nm and Msat=420 kA/m
2025/11/29 08:10:43 AM - __main__ - INFO - 	 Simulation time=98.43 s
2025/11/29 08:10:53 AM - __main__ - INFO - 	Finished converting image for hysteresis at D=225 nm and Ms=420 kA/m
2025/11/29 08:10:53 AM - __main__ - INFO - Running simulation for D=225 nm and Msat=440 kA/m
2025/11/29 08:11:36 AM - __main__ - INFO - 	 Simulation time=42.70 s
2025/11/29 08:11:46 AM - __main__ - INFO - 	Finished converting image for hysteresis at D=225 nm and Ms=440 kA/m
2025/11/29 08:11:46 AM - __main__ - INFO - Running simulation for D=300 nm and Msat=260 kA/m
2025/11/29 08:12:41 AM - __main__ - INFO - 	 Simulation time=54.62 s
2025/11/29 08:12:51 AM - __main__ - INFO - 	Finished converting image for hysteresis at D=300 nm and Ms=260 kA/m
2025/11/29 08:12:51 AM - __main__ - INFO - Running simulation for D=300 nm and Msat=280 kA/m
2025/11/29 08:13:54 AM - __main__ - INFO - 	 Simulation time=62.67 s
2025/11/29 08:14:04 AM - __main__ - INFO - 	Finished converting image for hysteresis at D=300 nm and Ms=280 kA/m
2025/11/29 08:14:04 AM - __main__ - INFO - Running simulation for D=300 nm and Msat=300 kA/m
2025/11/29 08:17:45 AM - __main__ - INFO - 	 Simulation time=220.81 s
2025/11/29 08:17:56 AM - __main__ - INFO - 	Finished converting image for hysteresis at D=300 nm and Ms=300 kA/m
2025/11/29 08:17:56 AM - __main__ - INFO - Running simulation for D=300 nm and Msat=320 kA/m
2025/11/29 08:18:59 AM - __main__ - INFO - 	 Simulation time=63.44 s
2025/11/29 08:19:10 AM - __main__ - INFO - 	Finished converting image for hysteresis at D=300 nm and Ms=320 kA/m
2025/11/29 08:19:10 AM - __main__ - INFO - Running simulation for D=300 nm and Msat=340 kA/m
2025/11/29 08:20:53 AM - __main__ - INFO - 	 Simulation time=103.80 s
2025/11/29 08:21:04 AM - __main__ - INFO - 	Finished converting image for hysteresis at D=300 nm and Ms=340 kA/m
2025/11/29 08:21:04 AM - __main__ - INFO - Running simulation for D=300 nm and Msat=360 kA/m
2025/11/29 08:26:50 AM - __main__ - INFO - 	 Simulation time=346.28 s
2025/11/29 08:27:01 AM - __main__ - INFO - 	Finished converting image for hysteresis at D=300 nm and Ms=360 kA/m
2025/11/29 08:27:01 AM - __main__ - INFO - Running simulation for D=300 nm and Msat=380 kA/m
2025/11/29 08:34:54 AM - __main__ - INFO - 	 Simulation time=473.11 s
2025/11/29 08:35:04 AM - __main__ - INFO - 	Finished converting image for hysteresis at D=300 nm and Ms=380 kA/m
2025/11/29 08:35:04 AM - __main__ - INFO - Running simulation for D=300 nm and Msat=400 kA/m
2025/11/29 08:40:46 AM - __main__ - INFO - 	 Simulation time=341.87 s
2025/11/29 08:40:57 AM - __main__ - INFO - 	Finished converting image for hysteresis at D=300 nm and Ms=400 kA/m
2025/11/29 08:40:57 AM - __main__ - INFO - Running simulation for D=300 nm and Msat=420 kA/m
2025/11/29 08:44:12 AM - __main__ - INFO - 	 Simulation time=195.27 s
2025/11/29 08:44:23 AM - __main__ - INFO - 	Finished converting image for hysteresis at D=300 nm and Ms=420 kA/m
2025/11/29 08:44:23 AM - __main__ - INFO - Running simulation for D=300 nm and Msat=440 kA/m
2025/11/29 08:46:41 AM - __main__ - INFO - 	 Simulation time=138.53 s
2025/11/29 08:46:52 AM - __main__ - INFO - 	Finished converting image for hysteresis at D=300 nm and Ms=440 kA/m
2025/11/29 08:46:52 AM - __main__ - INFO - Running simulation for D=375 nm and Msat=260 kA/m
2025/11/29 08:51:17 AM - __main__ - INFO - 	 Simulation time=265.46 s
2025/11/29 08:51:28 AM - __main__ - INFO - 	Finished converting image for hysteresis at D=375 nm and Ms=260 kA/m
2025/11/29 08:51:28 AM - __main__ - INFO - Running simulation for D=375 nm and Msat=280 kA/m
2025/11/29 08:56:35 AM - __main__ - INFO - 	 Simulation time=307.20 s
2025/11/29 08:56:46 AM - __main__ - INFO - 	Finished converting image for hysteresis at D=375 nm and Ms=280 kA/m
2025/11/29 08:56:46 AM - __main__ - INFO - Running simulation for D=375 nm and Msat=300 kA/m
2025/11/29 09:05:26 AM - __main__ - INFO - 	 Simulation time=520.07 s
2025/11/29 09:05:37 AM - __main__ - INFO - 	Finished converting image for hysteresis at D=375 nm and Ms=300 kA/m
2025/11/29 09:05:37 AM - __main__ - INFO - Running simulation for D=375 nm and Msat=320 kA/m
2025/11/29 09:11:12 AM - __main__ - INFO - 	 Simulation time=335.50 s
2025/11/29 09:11:23 AM - __main__ - INFO - 	Finished converting image for hysteresis at D=375 nm and Ms=320 kA/m
2025/11/29 09:11:23 AM - __main__ - INFO - Running simulation for D=375 nm and Msat=340 kA/m
2025/11/29 09:19:37 AM - __main__ - INFO - 	 Simulation time=494.07 s
2025/11/29 09:19:48 AM - __main__ - INFO - 	Finished converting image for hysteresis at D=375 nm and Ms=340 kA/m
2025/11/29 09:19:48 AM - __main__ - INFO - Running simulation for D=375 nm and Msat=360 kA/m
2025/11/29 09:26:51 AM - __main__ - INFO - 	 Simulation time=422.81 s
2025/11/29 09:27:02 AM - __main__ - INFO - 	Finished converting image for hysteresis at D=375 nm and Ms=360 kA/m
2025/11/29 09:27:02 AM - __main__ - INFO - Running simulation for D=375 nm and Msat=380 kA/m
2025/11/29 09:37:06 AM - __main__ - INFO - 	 Simulation time=604.13 s
2025/11/29 09:37:17 AM - __main__ - INFO - 	Finished converting image for hysteresis at D=375 nm and Ms=380 kA/m
2025/11/29 09:37:17 AM - __main__ - INFO - Running simulation for D=375 nm and Msat=400 kA/m
2025/11/29 09:43:41 AM - __main__ - INFO - 	 Simulation time=384.08 s
2025/11/29 09:43:52 AM - __main__ - INFO - 	Finished converting image for hysteresis at D=375 nm and Ms=400 kA/m
2025/11/29 09:43:52 AM - __main__ - INFO - Running simulation for D=375 nm and Msat=420 kA/m
2025/11/29 09:51:20 AM - __main__ - INFO - 	 Simulation time=448.05 s
2025/11/29 09:51:31 AM - __main__ - INFO - 	Finished converting image for hysteresis at D=375 nm and Ms=420 kA/m
2025/11/29 09:51:31 AM - __main__ - INFO - Running simulation for D=375 nm and Msat=440 kA/m
2025/11/29 09:57:58 AM - __main__ - INFO - 	 Simulation time=387.51 s
2025/11/29 09:58:09 AM - __main__ - INFO - 	Finished converting image for hysteresis at D=375 nm and Ms=440 kA/m
2025/11/29 09:58:09 AM - __main__ - INFO - Running simulation for D=450 nm and Msat=260 kA/m
2025/11/29 10:08:43 AM - __main__ - INFO - 	 Simulation time=633.80 s
2025/11/29 10:08:56 AM - __main__ - INFO - 	Finished converting image for hysteresis at D=450 nm and Ms=260 kA/m
2025/11/29 10:08:56 AM - __main__ - INFO - Running simulation for D=450 nm and Msat=280 kA/m
2025/11/29 10:14:25 AM - __main__ - INFO - 	 Simulation time=329.49 s
2025/11/29 10:14:38 AM - __main__ - INFO - 	Finished converting image for hysteresis at D=450 nm and Ms=280 kA/m
2025/11/29 10:14:38 AM - __main__ - INFO - Running simulation for D=450 nm and Msat=300 kA/m
2025/11/29 10:21:49 AM - __main__ - INFO - 	 Simulation time=430.49 s
2025/11/29 10:22:02 AM - __main__ - INFO - 	Finished converting image for hysteresis at D=450 nm and Ms=300 kA/m
2025/11/29 10:22:02 AM - __main__ - INFO - Running simulation for D=450 nm and Msat=320 kA/m
2025/11/29 10:29:39 AM - __main__ - INFO - 	 Simulation time=456.71 s
2025/11/29 10:29:51 AM - __main__ - INFO - 	Finished converting image for hysteresis at D=450 nm and Ms=320 kA/m
2025/11/29 10:29:51 AM - __main__ - INFO - Running simulation for D=450 nm and Msat=340 kA/m
2025/11/29 10:42:28 AM - __main__ - INFO - 	 Simulation time=756.07 s
2025/11/29 10:42:40 AM - __main__ - INFO - 	Finished converting image for hysteresis at D=450 nm and Ms=340 kA/m
2025/11/29 10:42:40 AM - __main__ - INFO - Running simulation for D=450 nm and Msat=360 kA/m
2025/11/29 10:50:09 AM - __main__ - INFO - 	 Simulation time=448.42 s
2025/11/29 10:50:22 AM - __main__ - INFO - 	Finished converting image for hysteresis at D=450 nm and Ms=360 kA/m
2025/11/29 10:50:22 AM - __main__ - INFO - Running simulation for D=450 nm and Msat=380 kA/m
2025/11/29 11:01:00 AM - __main__ - INFO - 	 Simulation time=637.74 s
2025/11/29 11:01:13 AM - __main__ - INFO - 	Finished converting image for hysteresis at D=450 nm and Ms=380 kA/m
2025/11/29 11:01:13 AM - __main__ - INFO - Running simulation for D=450 nm and Msat=400 kA/m
2025/11/29 11:21:55 AM - __main__ - INFO - 	 Simulation time=1241.96 s
2025/11/29 11:22:08 AM - __main__ - INFO - 	Finished converting image for hysteresis at D=450 nm and Ms=400 kA/m
2025/11/29 11:22:08 AM - __main__ - INFO - Running simulation for D=450 nm and Msat=420 kA/m
2025/11/29 11:28:13 AM - __main__ - INFO - 	 Simulation time=365.06 s
2025/11/29 11:28:26 AM - __main__ - INFO - 	Finished converting image for hysteresis at D=450 nm and Ms=420 kA/m
2025/11/29 11:28:26 AM - __main__ - INFO - Running simulation for D=450 nm and Msat=440 kA/m
2025/11/29 11:38:51 AM - __main__ - INFO - 	 Simulation time=625.09 s
2025/11/29 11:39:04 AM - __main__ - INFO - 	Finished converting image for hysteresis at D=450 nm and Ms=440 kA/m
2025/11/29 11:39:04 AM - __main__ - INFO - Ignoring DMI=1.0, Ku=0.08, D=525, Ms=260
2025/11/29 11:39:04 AM - __main__ - INFO - Ignoring DMI=1.0, Ku=0.08, D=525, Ms=280
2025/11/29 11:39:04 AM - __main__ - INFO - Ignoring DMI=1.0, Ku=0.08, D=525, Ms=300
2025/11/29 11:39:04 AM - __main__ - INFO - Running simulation for D=525 nm and Msat=320 kA/m
2025/11/29 12:13:09 PM - __main__ - INFO - 	 Simulation time=2045.29 s
2025/11/29 12:13:22 PM - __main__ - INFO - 	Finished converting image for hysteresis at D=525 nm and Ms=320 kA/m
2025/11/29 12:13:22 PM - __main__ - INFO - Running simulation for D=525 nm and Msat=340 kA/m
2025/11/29 12:35:30 PM - __main__ - INFO - 	 Simulation time=1327.55 s
2025/11/29 12:35:43 PM - __main__ - INFO - 	Finished converting image for hysteresis at D=525 nm and Ms=340 kA/m
2025/11/29 12:35:43 PM - __main__ - INFO - Running simulation for D=525 nm and Msat=360 kA/m
2025/11/29 12:57:01 PM - __main__ - INFO - 	 Simulation time=1277.37 s
2025/11/29 12:57:14 PM - __main__ - INFO - 	Finished converting image for hysteresis at D=525 nm and Ms=360 kA/m
2025/11/29 12:57:14 PM - __main__ - INFO - Running simulation for D=525 nm and Msat=380 kA/m
2025/11/29 13:23:05 PM - __main__ - INFO - 	 Simulation time=1551.39 s
2025/11/29 13:23:18 PM - __main__ - INFO - 	Finished converting image for hysteresis at D=525 nm and Ms=380 kA/m
2025/11/29 13:23:18 PM - __main__ - INFO - Running simulation for D=525 nm and Msat=400 kA/m
2025/11/29 13:50:54 PM - __main__ - INFO - 	 Simulation time=1655.68 s
2025/11/29 13:51:07 PM - __main__ - INFO - 	Finished converting image for hysteresis at D=525 nm and Ms=400 kA/m
2025/11/29 13:51:07 PM - __main__ - INFO - Running simulation for D=525 nm and Msat=420 kA/m
2025/11/29 14:19:57 PM - __main__ - INFO - 	 Simulation time=1729.94 s
2025/11/29 14:20:11 PM - __main__ - INFO - 	Finished converting image for hysteresis at D=525 nm and Ms=420 kA/m
2025/11/29 14:20:11 PM - __main__ - INFO - Running simulation for D=525 nm and Msat=440 kA/m
2025/11/29 14:46:40 PM - __main__ - INFO - 	 Simulation time=1589.90 s
2025/11/29 14:46:54 PM - __main__ - INFO - 	Finished converting image for hysteresis at D=525 nm and Ms=440 kA/m
2025/11/29 14:46:54 PM - __main__ - INFO - Running simulation for D=600 nm and Msat=260 kA/m
2025/11/29 15:39:50 PM - __main__ - INFO - 	 Simulation time=3176.44 s
2025/11/29 15:40:04 PM - __main__ - INFO - 	Finished converting image for hysteresis at D=600 nm and Ms=260 kA/m
2025/11/29 15:40:04 PM - __main__ - INFO - Running simulation for D=600 nm and Msat=280 kA/m
2025/11/29 16:24:12 PM - __main__ - INFO - 	 Simulation time=2648.09 s
2025/11/29 16:24:26 PM - __main__ - INFO - 	Finished converting image for hysteresis at D=600 nm and Ms=280 kA/m
2025/11/29 16:24:26 PM - __main__ - INFO - Running simulation for D=600 nm and Msat=300 kA/m
2025/11/29 16:57:30 PM - __main__ - INFO - 	 Simulation time=1983.91 s
2025/11/29 16:57:44 PM - __main__ - INFO - 	Finished converting image for hysteresis at D=600 nm and Ms=300 kA/m
2025/11/29 16:57:44 PM - __main__ - INFO - Running simulation for D=600 nm and Msat=320 kA/m
2025/11/29 17:33:07 PM - __main__ - INFO - 	 Simulation time=2122.43 s
2025/11/29 17:33:20 PM - __main__ - INFO - 	Finished converting image for hysteresis at D=600 nm and Ms=320 kA/m
2025/11/29 17:33:20 PM - __main__ - INFO - Running simulation for D=600 nm and Msat=340 kA/m
2025/11/29 18:09:46 PM - __main__ - INFO - 	 Simulation time=2185.06 s
2025/11/29 18:09:59 PM - __main__ - INFO - 	Finished converting image for hysteresis at D=600 nm and Ms=340 kA/m
2025/11/29 18:09:59 PM - __main__ - INFO - Running simulation for D=600 nm and Msat=360 kA/m
2025/11/29 19:22:43 PM - __main__ - INFO - 	 Simulation time=4363.57 s
2025/11/29 19:22:58 PM - __main__ - INFO - 	Finished converting image for hysteresis at D=600 nm and Ms=360 kA/m
2025/11/29 19:22:58 PM - __main__ - INFO - Running simulation for D=600 nm and Msat=380 kA/m
2025/11/29 19:39:44 PM - __main__ - INFO - 	 Simulation time=1006.57 s
2025/11/29 19:39:58 PM - __main__ - INFO - 	Finished converting image for hysteresis at D=600 nm and Ms=380 kA/m
2025/11/29 19:39:58 PM - __main__ - INFO - Running simulation for D=600 nm and Msat=400 kA/m
2025/11/29 20:01:11 PM - __main__ - INFO - 	 Simulation time=1273.06 s
2025/11/29 20:01:25 PM - __main__ - INFO - 	Finished converting image for hysteresis at D=600 nm and Ms=400 kA/m
2025/11/29 20:01:25 PM - __main__ - INFO - Running simulation for D=600 nm and Msat=420 kA/m
2025/11/29 21:46:56 PM - __main__ - INFO - 	 Simulation time=6330.98 s
2025/11/29 21:47:10 PM - __main__ - INFO - 	Finished converting image for hysteresis at D=600 nm and Ms=420 kA/m
2025/11/29 21:47:10 PM - __main__ - INFO - Running simulation for D=600 nm and Msat=440 kA/m
2025/11/29 22:22:47 PM - __main__ - INFO - 	 Simulation time=2136.44 s
2025/11/29 22:23:01 PM - __main__ - INFO - 	Finished converting image for hysteresis at D=600 nm and Ms=440 kA/m
2025/11/29 22:23:01 PM - __main__ - INFO - Running simulation for D=675 nm and Msat=260 kA/m
2025/11/29 23:04:10 PM - __main__ - INFO - 	 Simulation time=2468.99 s
2025/11/29 23:04:25 PM - __main__ - INFO - 	Finished converting image for hysteresis at D=675 nm and Ms=260 kA/m
2025/11/29 23:04:25 PM - __main__ - INFO - Running simulation for D=675 nm and Msat=280 kA/m
2025/11/30 00:03:19 AM - __main__ - INFO - 	 Simulation time=3534.62 s
2025/11/30 00:03:34 AM - __main__ - INFO - 	Finished converting image for hysteresis at D=675 nm and Ms=280 kA/m
2025/11/30 00:03:34 AM - __main__ - INFO - Running simulation for D=675 nm and Msat=300 kA/m
2025/11/30 01:07:45 AM - __main__ - INFO - 	 Simulation time=3850.68 s
2025/11/30 01:08:00 AM - __main__ - INFO - 	Finished converting image for hysteresis at D=675 nm and Ms=300 kA/m
2025/11/30 01:08:00 AM - __main__ - INFO - Running simulation for D=675 nm and Msat=320 kA/m
2025/11/30 02:28:01 AM - __main__ - INFO - 	 Simulation time=4800.96 s
2025/11/30 02:28:16 AM - __main__ - INFO - 	Finished converting image for hysteresis at D=675 nm and Ms=320 kA/m
2025/11/30 02:28:16 AM - __main__ - INFO - Running simulation for D=675 nm and Msat=340 kA/m
2025/11/30 03:16:29 AM - __main__ - INFO - 	 Simulation time=2893.40 s
2025/11/30 03:16:44 AM - __main__ - INFO - 	Finished converting image for hysteresis at D=675 nm and Ms=340 kA/m
2025/11/30 03:16:44 AM - __main__ - INFO - Running simulation for D=675 nm and Msat=360 kA/m
2025/11/30 04:18:30 AM - __main__ - INFO - 	 Simulation time=3705.23 s
2025/11/30 04:18:45 AM - __main__ - INFO - 	Finished converting image for hysteresis at D=675 nm and Ms=360 kA/m
2025/11/30 04:18:45 AM - __main__ - INFO - Running simulation for D=675 nm and Msat=380 kA/m
2025/11/30 05:05:07 AM - __main__ - INFO - 	 Simulation time=2781.90 s
2025/11/30 05:05:22 AM - __main__ - INFO - 	Finished converting image for hysteresis at D=675 nm and Ms=380 kA/m
2025/11/30 05:05:22 AM - __main__ - INFO - Running simulation for D=675 nm and Msat=400 kA/m
2025/11/30 07:15:35 AM - __main__ - INFO - 	 Simulation time=7813.41 s
2025/11/30 07:15:51 AM - __main__ - INFO - 	Finished converting image for hysteresis at D=675 nm and Ms=400 kA/m
2025/11/30 07:15:51 AM - __main__ - INFO - Running simulation for D=675 nm and Msat=420 kA/m
2025/11/30 08:49:40 AM - __main__ - INFO - 	 Simulation time=5629.58 s
2025/11/30 08:49:55 AM - __main__ - INFO - 	Finished converting image for hysteresis at D=675 nm and Ms=420 kA/m
2025/11/30 08:49:55 AM - __main__ - INFO - Running simulation for D=675 nm and Msat=440 kA/m
2025/11/30 09:51:05 AM - __main__ - INFO - 	 Simulation time=3669.90 s
2025/11/30 09:51:20 AM - __main__ - INFO - 	Finished converting image for hysteresis at D=675 nm and Ms=440 kA/m
2025/11/30 09:51:20 AM - __main__ - INFO - Running simulation for D=750 nm and Msat=260 kA/m
2025/11/30 10:40:25 AM - __main__ - INFO - 	 Simulation time=2944.77 s
2025/11/30 10:40:41 AM - __main__ - INFO - 	Finished converting image for hysteresis at D=750 nm and Ms=260 kA/m
2025/11/30 10:40:41 AM - __main__ - INFO - Running simulation for D=750 nm and Msat=280 kA/m
2025/11/30 11:38:02 AM - __main__ - INFO - 	 Simulation time=3441.51 s
2025/11/30 11:38:18 AM - __main__ - INFO - 	Finished converting image for hysteresis at D=750 nm and Ms=280 kA/m
2025/11/30 11:38:18 AM - __main__ - INFO - Running simulation for D=750 nm and Msat=300 kA/m
2025/11/30 12:47:04 PM - __main__ - INFO - 	 Simulation time=4126.14 s
2025/11/30 12:47:19 PM - __main__ - INFO - 	Finished converting image for hysteresis at D=750 nm and Ms=300 kA/m
2025/11/30 12:47:19 PM - __main__ - INFO - Running simulation for D=750 nm and Msat=320 kA/m
2025/11/30 13:47:58 PM - __main__ - INFO - 	 Simulation time=3638.76 s
2025/11/30 13:48:14 PM - __main__ - INFO - 	Finished converting image for hysteresis at D=750 nm and Ms=320 kA/m
2025/11/30 13:48:14 PM - __main__ - INFO - Running simulation for D=750 nm and Msat=340 kA/m
2025/11/30 15:34:23 PM - __main__ - INFO - 	 Simulation time=6369.51 s
2025/11/30 15:34:39 PM - __main__ - INFO - 	Finished converting image for hysteresis at D=750 nm and Ms=340 kA/m
2025/11/30 15:34:39 PM - __main__ - INFO - Running simulation for D=750 nm and Msat=360 kA/m
2025/11/30 17:30:47 PM - __main__ - INFO - 	 Simulation time=6968.20 s
2025/11/30 17:31:03 PM - __main__ - INFO - 	Finished converting image for hysteresis at D=750 nm and Ms=360 kA/m
2025/11/30 17:31:03 PM - __main__ - INFO - Running simulation for D=750 nm and Msat=380 kA/m
2025/11/30 18:22:28 PM - __main__ - INFO - 	 Simulation time=3084.44 s
2025/11/30 18:22:44 PM - __main__ - INFO - 	Finished converting image for hysteresis at D=750 nm and Ms=380 kA/m
2025/11/30 18:22:44 PM - __main__ - INFO - Running simulation for D=750 nm and Msat=400 kA/m
2025/11/30 19:18:27 PM - __main__ - INFO - 	 Simulation time=3343.01 s
2025/11/30 19:18:42 PM - __main__ - INFO - 	Finished converting image for hysteresis at D=750 nm and Ms=400 kA/m
2025/11/30 19:18:42 PM - __main__ - INFO - Running simulation for D=750 nm and Msat=420 kA/m
2025/11/30 21:35:48 PM - __main__ - INFO - 	 Simulation time=8225.27 s
2025/11/30 21:36:04 PM - __main__ - INFO - 	Finished converting image for hysteresis at D=750 nm and Ms=420 kA/m
2025/11/30 21:36:04 PM - __main__ - INFO - Running simulation for D=750 nm and Msat=440 kA/m
2025/11/30 23:00:41 PM - __main__ - INFO - 	 Simulation time=5077.74 s
2025/11/30 23:00:57 PM - __main__ - INFO - 	Finished converting image for hysteresis at D=750 nm and Ms=440 kA/m
2025/11/30 23:00:57 PM - __main__ - INFO - ---FOR Ku = 0.1 MJ/m3---
2025/11/30 23:00:57 PM - __main__ - INFO - Running simulation for D=150 nm and Msat=260 kA/m
2025/11/30 23:01:43 PM - __main__ - INFO - 	 Simulation time=45.27 s
2025/11/30 23:01:53 PM - __main__ - INFO - 	Finished converting image for hysteresis at D=150 nm and Ms=260 kA/m
2025/11/30 23:01:53 PM - __main__ - INFO - Running simulation for D=150 nm and Msat=280 kA/m
2025/11/30 23:02:13 PM - __main__ - INFO - 	 Simulation time=20.28 s
2025/11/30 23:02:23 PM - __main__ - INFO - 	Finished converting image for hysteresis at D=150 nm and Ms=280 kA/m
2025/11/30 23:02:23 PM - __main__ - INFO - Running simulation for D=150 nm and Msat=300 kA/m
2025/11/30 23:02:44 PM - __main__ - INFO - 	 Simulation time=20.96 s
2025/11/30 23:02:54 PM - __main__ - INFO - 	Finished converting image for hysteresis at D=150 nm and Ms=300 kA/m
2025/11/30 23:02:54 PM - __main__ - INFO - Running simulation for D=150 nm and Msat=320 kA/m
2025/11/30 23:03:49 PM - __main__ - INFO - 	 Simulation time=55.14 s
2025/11/30 23:03:59 PM - __main__ - INFO - 	Finished converting image for hysteresis at D=150 nm and Ms=320 kA/m
2025/11/30 23:03:59 PM - __main__ - INFO - Running simulation for D=150 nm and Msat=340 kA/m
2025/11/30 23:04:20 PM - __main__ - INFO - 	 Simulation time=21.67 s
2025/11/30 23:04:30 PM - __main__ - INFO - 	Finished converting image for hysteresis at D=150 nm and Ms=340 kA/m
2025/11/30 23:04:30 PM - __main__ - INFO - Running simulation for D=150 nm and Msat=360 kA/m
2025/11/30 23:05:00 PM - __main__ - INFO - 	 Simulation time=29.43 s
2025/11/30 23:05:10 PM - __main__ - INFO - 	Finished converting image for hysteresis at D=150 nm and Ms=360 kA/m
2025/11/30 23:05:10 PM - __main__ - INFO - Running simulation for D=150 nm and Msat=380 kA/m
2025/11/30 23:06:15 PM - __main__ - INFO - 	 Simulation time=65.69 s
2025/11/30 23:06:25 PM - __main__ - INFO - 	Finished converting image for hysteresis at D=150 nm and Ms=380 kA/m
2025/11/30 23:06:25 PM - __main__ - INFO - Running simulation for D=150 nm and Msat=400 kA/m
2025/11/30 23:08:26 PM - __main__ - INFO - 	 Simulation time=120.16 s
2025/11/30 23:08:35 PM - __main__ - INFO - 	Finished converting image for hysteresis at D=150 nm and Ms=400 kA/m
2025/11/30 23:08:35 PM - __main__ - INFO - Running simulation for D=150 nm and Msat=420 kA/m
2025/11/30 23:10:15 PM - __main__ - INFO - 	 Simulation time=99.78 s
2025/11/30 23:10:25 PM - __main__ - INFO - 	Finished converting image for hysteresis at D=150 nm and Ms=420 kA/m
2025/11/30 23:10:25 PM - __main__ - INFO - Running simulation for D=150 nm and Msat=440 kA/m
2025/11/30 23:10:59 PM - __main__ - INFO - 	 Simulation time=33.94 s
2025/11/30 23:11:09 PM - __main__ - INFO - 	Finished converting image for hysteresis at D=150 nm and Ms=440 kA/m
2025/11/30 23:11:09 PM - __main__ - INFO - Running simulation for D=225 nm and Msat=260 kA/m
2025/11/30 23:11:58 PM - __main__ - INFO - 	 Simulation time=48.82 s
2025/11/30 23:12:08 PM - __main__ - INFO - 	Finished converting image for hysteresis at D=225 nm and Ms=260 kA/m
2025/11/30 23:12:08 PM - __main__ - INFO - Running simulation for D=225 nm and Msat=280 kA/m
2025/11/30 23:13:02 PM - __main__ - INFO - 	 Simulation time=54.12 s
2025/11/30 23:13:13 PM - __main__ - INFO - 	Finished converting image for hysteresis at D=225 nm and Ms=280 kA/m
2025/11/30 23:13:13 PM - __main__ - INFO - Running simulation for D=225 nm and Msat=300 kA/m
2025/11/30 23:13:56 PM - __main__ - INFO - 	 Simulation time=43.13 s
2025/11/30 23:14:06 PM - __main__ - INFO - 	Finished converting image for hysteresis at D=225 nm and Ms=300 kA/m
2025/11/30 23:14:06 PM - __main__ - INFO - Running simulation for D=225 nm and Msat=320 kA/m
2025/11/30 23:14:43 PM - __main__ - INFO - 	 Simulation time=37.39 s
2025/11/30 23:14:54 PM - __main__ - INFO - 	Finished converting image for hysteresis at D=225 nm and Ms=320 kA/m
2025/11/30 23:14:54 PM - __main__ - INFO - Running simulation for D=225 nm and Msat=340 kA/m
2025/11/30 23:15:36 PM - __main__ - INFO - 	 Simulation time=42.13 s
2025/11/30 23:15:46 PM - __main__ - INFO - 	Finished converting image for hysteresis at D=225 nm and Ms=340 kA/m
2025/11/30 23:15:46 PM - __main__ - INFO - Running simulation for D=225 nm and Msat=360 kA/m
2025/11/30 23:16:21 PM - __main__ - INFO - 	 Simulation time=34.42 s
2025/11/30 23:16:31 PM - __main__ - INFO - 	Finished converting image for hysteresis at D=225 nm and Ms=360 kA/m
2025/11/30 23:16:31 PM - __main__ - INFO - Running simulation for D=225 nm and Msat=380 kA/m
2025/11/30 23:17:48 PM - __main__ - INFO - 	 Simulation time=77.17 s
2025/11/30 23:17:58 PM - __main__ - INFO - 	Finished converting image for hysteresis at D=225 nm and Ms=380 kA/m
2025/11/30 23:17:58 PM - __main__ - INFO - Running simulation for D=225 nm and Msat=400 kA/m
2025/11/30 23:21:26 PM - __main__ - INFO - 	 Simulation time=207.93 s
2025/11/30 23:21:37 PM - __main__ - INFO - 	Finished converting image for hysteresis at D=225 nm and Ms=400 kA/m
2025/11/30 23:21:37 PM - __main__ - INFO - Running simulation for D=225 nm and Msat=420 kA/m
2025/11/30 23:24:22 PM - __main__ - INFO - 	 Simulation time=165.35 s
2025/11/30 23:24:33 PM - __main__ - INFO - 	Finished converting image for hysteresis at D=225 nm and Ms=420 kA/m
2025/11/30 23:24:33 PM - __main__ - INFO - Running simulation for D=225 nm and Msat=440 kA/m
2025/11/30 23:26:49 PM - __main__ - INFO - 	 Simulation time=136.69 s
2025/11/30 23:27:00 PM - __main__ - INFO - 	Finished converting image for hysteresis at D=225 nm and Ms=440 kA/m
2025/11/30 23:27:00 PM - __main__ - INFO - Running simulation for D=300 nm and Msat=260 kA/m
2025/11/30 23:29:17 PM - __main__ - INFO - 	 Simulation time=136.89 s
2025/11/30 23:29:27 PM - __main__ - INFO - 	Finished converting image for hysteresis at D=300 nm and Ms=260 kA/m
2025/11/30 23:29:27 PM - __main__ - INFO - Running simulation for D=300 nm and Msat=280 kA/m
2025/11/30 23:30:50 PM - __main__ - INFO - 	 Simulation time=82.56 s
2025/11/30 23:31:00 PM - __main__ - INFO - 	Finished converting image for hysteresis at D=300 nm and Ms=280 kA/m
2025/11/30 23:31:00 PM - __main__ - INFO - Running simulation for D=300 nm and Msat=300 kA/m
2025/11/30 23:34:36 PM - __main__ - INFO - 	 Simulation time=216.03 s
2025/11/30 23:34:47 PM - __main__ - INFO - 	Finished converting image for hysteresis at D=300 nm and Ms=300 kA/m
2025/11/30 23:34:47 PM - __main__ - INFO - Running simulation for D=300 nm and Msat=320 kA/m
2025/11/30 23:37:51 PM - __main__ - INFO - 	 Simulation time=184.76 s
2025/11/30 23:38:02 PM - __main__ - INFO - 	Finished converting image for hysteresis at D=300 nm and Ms=320 kA/m
2025/11/30 23:38:02 PM - __main__ - INFO - Running simulation for D=300 nm and Msat=340 kA/m
2025/11/30 23:39:01 PM - __main__ - INFO - 	 Simulation time=59.09 s
2025/11/30 23:39:11 PM - __main__ - INFO - 	Finished converting image for hysteresis at D=300 nm and Ms=340 kA/m
2025/11/30 23:39:11 PM - __main__ - INFO - Running simulation for D=300 nm and Msat=360 kA/m
2025/11/30 23:40:07 PM - __main__ - INFO - 	 Simulation time=55.47 s
2025/11/30 23:40:17 PM - __main__ - INFO - 	Finished converting image for hysteresis at D=300 nm and Ms=360 kA/m
2025/11/30 23:40:17 PM - __main__ - INFO - Running simulation for D=300 nm and Msat=380 kA/m
2025/11/30 23:41:51 PM - __main__ - INFO - 	 Simulation time=93.50 s
2025/11/30 23:42:02 PM - __main__ - INFO - 	Finished converting image for hysteresis at D=300 nm and Ms=380 kA/m
2025/11/30 23:42:02 PM - __main__ - INFO - Running simulation for D=300 nm and Msat=400 kA/m
2025/11/30 23:47:22 PM - __main__ - INFO - 	 Simulation time=320.05 s
2025/11/30 23:47:32 PM - __main__ - INFO - 	Finished converting image for hysteresis at D=300 nm and Ms=400 kA/m
2025/11/30 23:47:32 PM - __main__ - INFO - Running simulation for D=300 nm and Msat=420 kA/m
2025/12/01 00:08:14 AM - __main__ - INFO - 	 Simulation time=1242.16 s
2025/12/01 00:08:25 AM - __main__ - INFO - 	Finished converting image for hysteresis at D=300 nm and Ms=420 kA/m
2025/12/01 00:08:25 AM - __main__ - INFO - Running simulation for D=300 nm and Msat=440 kA/m
2025/12/01 00:18:50 AM - __main__ - INFO - 	 Simulation time=624.66 s
2025/12/01 00:19:00 AM - __main__ - INFO - 	Finished converting image for hysteresis at D=300 nm and Ms=440 kA/m
2025/12/01 00:19:00 AM - __main__ - INFO - Running simulation for D=375 nm and Msat=260 kA/m
2025/12/01 00:22:36 AM - __main__ - INFO - 	 Simulation time=215.72 s
2025/12/01 00:22:47 AM - __main__ - INFO - 	Finished converting image for hysteresis at D=375 nm and Ms=260 kA/m
2025/12/01 00:22:47 AM - __main__ - INFO - Running simulation for D=375 nm and Msat=280 kA/m
2025/12/01 00:25:08 AM - __main__ - INFO - 	 Simulation time=140.87 s
2025/12/01 00:25:18 AM - __main__ - INFO - 	Finished converting image for hysteresis at D=375 nm and Ms=280 kA/m
2025/12/01 00:25:18 AM - __main__ - INFO - Running simulation for D=375 nm and Msat=300 kA/m
2025/12/01 00:26:59 AM - __main__ - INFO - 	 Simulation time=100.48 s
2025/12/01 00:27:10 AM - __main__ - INFO - 	Finished converting image for hysteresis at D=375 nm and Ms=300 kA/m
2025/12/01 00:27:10 AM - __main__ - INFO - Running simulation for D=375 nm and Msat=320 kA/m
2025/12/01 00:33:31 AM - __main__ - INFO - 	 Simulation time=381.48 s
2025/12/01 00:33:42 AM - __main__ - INFO - 	Finished converting image for hysteresis at D=375 nm and Ms=320 kA/m
2025/12/01 00:33:42 AM - __main__ - INFO - Running simulation for D=375 nm and Msat=340 kA/m
2025/12/01 00:35:58 AM - __main__ - INFO - 	 Simulation time=136.50 s
2025/12/01 00:36:09 AM - __main__ - INFO - 	Finished converting image for hysteresis at D=375 nm and Ms=340 kA/m
2025/12/01 00:36:09 AM - __main__ - INFO - Running simulation for D=375 nm and Msat=360 kA/m
2025/12/01 00:38:29 AM - __main__ - INFO - 	 Simulation time=139.70 s
2025/12/01 00:38:40 AM - __main__ - INFO - 	Finished converting image for hysteresis at D=375 nm and Ms=360 kA/m
2025/12/01 00:38:40 AM - __main__ - INFO - Running simulation for D=375 nm and Msat=380 kA/m
2025/12/01 00:41:12 AM - __main__ - INFO - 	 Simulation time=151.52 s
2025/12/01 00:41:23 AM - __main__ - INFO - 	Finished converting image for hysteresis at D=375 nm and Ms=380 kA/m
2025/12/01 00:41:23 AM - __main__ - INFO - Running simulation for D=375 nm and Msat=400 kA/m
2025/12/01 00:51:29 AM - __main__ - INFO - 	 Simulation time=605.85 s
2025/12/01 00:51:40 AM - __main__ - INFO - 	Finished converting image for hysteresis at D=375 nm and Ms=400 kA/m
2025/12/01 00:51:40 AM - __main__ - INFO - Running simulation for D=375 nm and Msat=420 kA/m
2025/12/01 00:56:21 AM - __main__ - INFO - 	 Simulation time=281.50 s
2025/12/01 00:56:32 AM - __main__ - INFO - 	Finished converting image for hysteresis at D=375 nm and Ms=420 kA/m
2025/12/01 00:56:32 AM - __main__ - INFO - Running simulation for D=375 nm and Msat=440 kA/m
2025/12/01 01:14:05 AM - __main__ - INFO - 	 Simulation time=1053.10 s
2025/12/01 01:14:16 AM - __main__ - INFO - 	Finished converting image for hysteresis at D=375 nm and Ms=440 kA/m
2025/12/01 01:14:16 AM - __main__ - INFO - Running simulation for D=450 nm and Msat=260 kA/m
2025/12/01 01:19:49 AM - __main__ - INFO - 	 Simulation time=332.49 s
2025/12/01 01:20:02 AM - __main__ - INFO - 	Finished converting image for hysteresis at D=450 nm and Ms=260 kA/m
2025/12/01 01:20:02 AM - __main__ - INFO - Running simulation for D=450 nm and Msat=280 kA/m
2025/12/01 01:30:56 AM - __main__ - INFO - 	 Simulation time=653.38 s
2025/12/01 01:31:08 AM - __main__ - INFO - 	Finished converting image for hysteresis at D=450 nm and Ms=280 kA/m
2025/12/01 01:31:08 AM - __main__ - INFO - Running simulation for D=450 nm and Msat=300 kA/m
2025/12/01 01:51:24 AM - __main__ - INFO - 	 Simulation time=1215.21 s
2025/12/01 01:51:37 AM - __main__ - INFO - 	Finished converting image for hysteresis at D=450 nm and Ms=300 kA/m
2025/12/01 01:51:37 AM - __main__ - INFO - Running simulation for D=450 nm and Msat=320 kA/m
2025/12/01 02:02:43 AM - __main__ - INFO - 	 Simulation time=666.06 s
2025/12/01 02:02:55 AM - __main__ - INFO - 	Finished converting image for hysteresis at D=450 nm and Ms=320 kA/m
2025/12/01 02:02:55 AM - __main__ - INFO - Running simulation for D=450 nm and Msat=340 kA/m
2025/12/01 02:06:12 AM - __main__ - INFO - 	 Simulation time=196.29 s
2025/12/01 02:06:25 AM - __main__ - INFO - 	Finished converting image for hysteresis at D=450 nm and Ms=340 kA/m
2025/12/01 02:06:25 AM - __main__ - INFO - Running simulation for D=450 nm and Msat=360 kA/m
2025/12/01 02:12:49 AM - __main__ - INFO - 	 Simulation time=383.91 s
2025/12/01 02:13:01 AM - __main__ - INFO - 	Finished converting image for hysteresis at D=450 nm and Ms=360 kA/m
2025/12/01 02:13:01 AM - __main__ - INFO - Running simulation for D=450 nm and Msat=380 kA/m
2025/12/01 02:26:33 AM - __main__ - INFO - 	 Simulation time=811.68 s
2025/12/01 02:26:46 AM - __main__ - INFO - 	Finished converting image for hysteresis at D=450 nm and Ms=380 kA/m
2025/12/01 02:26:46 AM - __main__ - INFO - Running simulation for D=450 nm and Msat=400 kA/m
2025/12/01 02:33:21 AM - __main__ - INFO - 	 Simulation time=395.34 s
2025/12/01 02:33:34 AM - __main__ - INFO - 	Finished converting image for hysteresis at D=450 nm and Ms=400 kA/m
2025/12/01 02:33:34 AM - __main__ - INFO - Running simulation for D=450 nm and Msat=420 kA/m
2025/12/01 02:38:55 AM - __main__ - INFO - 	 Simulation time=320.48 s
2025/12/01 02:39:08 AM - __main__ - INFO - 	Finished converting image for hysteresis at D=450 nm and Ms=420 kA/m
2025/12/01 02:39:08 AM - __main__ - INFO - Running simulation for D=450 nm and Msat=440 kA/m
2025/12/01 02:57:11 AM - __main__ - INFO - 	 Simulation time=1083.66 s
2025/12/01 02:57:24 AM - __main__ - INFO - 	Finished converting image for hysteresis at D=450 nm and Ms=440 kA/m
2025/12/01 02:57:24 AM - __main__ - INFO - Ignoring DMI=1.0, Ku=0.1, D=525, Ms=260
2025/12/01 02:57:24 AM - __main__ - INFO - Ignoring DMI=1.0, Ku=0.1, D=525, Ms=280
2025/12/01 02:57:24 AM - __main__ - INFO - Ignoring DMI=1.0, Ku=0.1, D=525, Ms=300
2025/12/01 02:57:24 AM - __main__ - INFO - Running simulation for D=525 nm and Msat=320 kA/m
2025/12/01 03:28:46 AM - __main__ - INFO - 	 Simulation time=1881.85 s
2025/12/01 03:28:59 AM - __main__ - INFO - 	Finished converting image for hysteresis at D=525 nm and Ms=320 kA/m
2025/12/01 03:28:59 AM - __main__ - INFO - Running simulation for D=525 nm and Msat=340 kA/m
2025/12/01 03:55:11 AM - __main__ - INFO - 	 Simulation time=1572.18 s
2025/12/01 03:55:24 AM - __main__ - INFO - 	Finished converting image for hysteresis at D=525 nm and Ms=340 kA/m
2025/12/01 03:55:24 AM - __main__ - INFO - Running simulation for D=525 nm and Msat=360 kA/m
2025/12/01 04:07:32 AM - __main__ - INFO - 	 Simulation time=727.91 s
2025/12/01 04:07:45 AM - __main__ - INFO - 	Finished converting image for hysteresis at D=525 nm and Ms=360 kA/m
2025/12/01 04:07:45 AM - __main__ - INFO - Running simulation for D=525 nm and Msat=380 kA/m
2025/12/01 04:21:26 AM - __main__ - INFO - 	 Simulation time=820.15 s
2025/12/01 04:21:39 AM - __main__ - INFO - 	Finished converting image for hysteresis at D=525 nm and Ms=380 kA/m
2025/12/01 04:21:39 AM - __main__ - INFO - Running simulation for D=525 nm and Msat=400 kA/m
2025/12/01 04:46:07 AM - __main__ - INFO - 	 Simulation time=1467.91 s
2025/12/01 04:46:20 AM - __main__ - INFO - 	Finished converting image for hysteresis at D=525 nm and Ms=400 kA/m
2025/12/01 04:46:20 AM - __main__ - INFO - Running simulation for D=525 nm and Msat=420 kA/m
2025/12/01 05:04:35 AM - __main__ - INFO - 	 Simulation time=1095.06 s
2025/12/01 05:04:48 AM - __main__ - INFO - 	Finished converting image for hysteresis at D=525 nm and Ms=420 kA/m
2025/12/01 05:04:48 AM - __main__ - INFO - Running simulation for D=525 nm and Msat=440 kA/m
2025/12/01 05:56:10 AM - __main__ - INFO - 	 Simulation time=3082.46 s
2025/12/01 05:56:24 AM - __main__ - INFO - 	Finished converting image for hysteresis at D=525 nm and Ms=440 kA/m
2025/12/01 05:56:24 AM - __main__ - INFO - Running simulation for D=600 nm and Msat=260 kA/m
2025/12/01 06:19:36 AM - __main__ - INFO - 	 Simulation time=1391.99 s
2025/12/01 06:19:49 AM - __main__ - INFO - 	Finished converting image for hysteresis at D=600 nm and Ms=260 kA/m
2025/12/01 06:19:49 AM - __main__ - INFO - Running simulation for D=600 nm and Msat=280 kA/m
2025/12/01 06:27:03 AM - __main__ - INFO - 	 Simulation time=434.01 s
2025/12/01 06:27:17 AM - __main__ - INFO - 	Finished converting image for hysteresis at D=600 nm and Ms=280 kA/m
2025/12/01 06:27:17 AM - __main__ - INFO - Running simulation for D=600 nm and Msat=300 kA/m
2025/12/01 07:11:17 AM - __main__ - INFO - 	 Simulation time=2640.18 s
2025/12/01 07:11:30 AM - __main__ - INFO - 	Finished converting image for hysteresis at D=600 nm and Ms=300 kA/m
2025/12/01 07:11:30 AM - __main__ - INFO - Running simulation for D=600 nm and Msat=320 kA/m
2025/12/01 07:48:22 AM - __main__ - INFO - 	 Simulation time=2211.21 s
2025/12/01 07:48:35 AM - __main__ - INFO - 	Finished converting image for hysteresis at D=600 nm and Ms=320 kA/m
2025/12/01 07:48:35 AM - __main__ - INFO - Running simulation for D=600 nm and Msat=340 kA/m
2025/12/01 08:30:19 AM - __main__ - INFO - 	 Simulation time=2503.98 s
2025/12/01 08:30:33 AM - __main__ - INFO - 	Finished converting image for hysteresis at D=600 nm and Ms=340 kA/m
2025/12/01 08:30:33 AM - __main__ - INFO - Running simulation for D=600 nm and Msat=360 kA/m
2025/12/01 09:07:42 AM - __main__ - INFO - 	 Simulation time=2229.18 s
2025/12/01 09:07:57 AM - __main__ - INFO - 	Finished converting image for hysteresis at D=600 nm and Ms=360 kA/m
2025/12/01 09:07:57 AM - __main__ - INFO - Running simulation for D=600 nm and Msat=380 kA/m
2025/12/01 09:34:27 AM - __main__ - INFO - 	 Simulation time=1590.05 s
2025/12/01 09:34:40 AM - __main__ - INFO - 	Finished converting image for hysteresis at D=600 nm and Ms=380 kA/m
2025/12/01 09:34:40 AM - __main__ - INFO - Running simulation for D=600 nm and Msat=400 kA/m
2025/12/01 10:19:42 AM - __main__ - INFO - 	 Simulation time=2701.51 s
2025/12/01 10:19:56 AM - __main__ - INFO - 	Finished converting image for hysteresis at D=600 nm and Ms=400 kA/m
2025/12/01 10:19:56 AM - __main__ - INFO - Running simulation for D=600 nm and Msat=420 kA/m
2025/12/01 10:57:00 AM - __main__ - INFO - 	 Simulation time=2224.81 s
2025/12/01 10:57:14 AM - __main__ - INFO - 	Finished converting image for hysteresis at D=600 nm and Ms=420 kA/m
2025/12/01 10:57:14 AM - __main__ - INFO - Running simulation for D=600 nm and Msat=440 kA/m
2025/12/01 12:04:33 PM - __main__ - INFO - 	 Simulation time=4038.33 s
2025/12/01 12:04:46 PM - __main__ - INFO - 	Finished converting image for hysteresis at D=600 nm and Ms=440 kA/m
2025/12/01 12:04:46 PM - __main__ - INFO - Running simulation for D=675 nm and Msat=260 kA/m
2025/12/01 12:21:26 PM - __main__ - INFO - 	 Simulation time=999.54 s
2025/12/01 12:21:41 PM - __main__ - INFO - 	Finished converting image for hysteresis at D=675 nm and Ms=260 kA/m
2025/12/01 12:21:41 PM - __main__ - INFO - Running simulation for D=675 nm and Msat=280 kA/m
2025/12/01 12:51:02 PM - __main__ - INFO - 	 Simulation time=1761.54 s
2025/12/01 12:51:17 PM - __main__ - INFO - 	Finished converting image for hysteresis at D=675 nm and Ms=280 kA/m
2025/12/01 12:51:17 PM - __main__ - INFO - Running simulation for D=675 nm and Msat=300 kA/m
2025/12/01 13:38:13 PM - __main__ - INFO - 	 Simulation time=2816.58 s
2025/12/01 13:38:28 PM - __main__ - INFO - 	Finished converting image for hysteresis at D=675 nm and Ms=300 kA/m
2025/12/01 13:38:28 PM - __main__ - INFO - Running simulation for D=675 nm and Msat=320 kA/m
2025/12/01 14:49:04 PM - __main__ - INFO - 	 Simulation time=4236.07 s
2025/12/01 14:49:19 PM - __main__ - INFO - 	Finished converting image for hysteresis at D=675 nm and Ms=320 kA/m
2025/12/01 14:49:19 PM - __main__ - INFO - Running simulation for D=675 nm and Msat=340 kA/m
2025/12/01 15:40:13 PM - __main__ - INFO - 	 Simulation time=3053.69 s
2025/12/01 15:40:29 PM - __main__ - INFO - 	Finished converting image for hysteresis at D=675 nm and Ms=340 kA/m
2025/12/01 15:40:29 PM - __main__ - INFO - Running simulation for D=675 nm and Msat=360 kA/m
2025/12/01 16:15:57 PM - __main__ - INFO - 	 Simulation time=2127.69 s
2025/12/01 16:16:11 PM - __main__ - INFO - 	Finished converting image for hysteresis at D=675 nm and Ms=360 kA/m
2025/12/01 16:16:11 PM - __main__ - INFO - Running simulation for D=675 nm and Msat=380 kA/m
2025/12/01 16:42:22 PM - __main__ - INFO - 	 Simulation time=1570.28 s
2025/12/01 16:42:37 PM - __main__ - INFO - 	Finished converting image for hysteresis at D=675 nm and Ms=380 kA/m
2025/12/01 16:42:37 PM - __main__ - INFO - Running simulation for D=675 nm and Msat=400 kA/m
2025/12/01 18:01:43 PM - __main__ - INFO - 	 Simulation time=4745.57 s
2025/12/01 18:01:58 PM - __main__ - INFO - 	Finished converting image for hysteresis at D=675 nm and Ms=400 kA/m
2025/12/01 18:01:58 PM - __main__ - INFO - Running simulation for D=675 nm and Msat=420 kA/m
2025/12/01 18:57:41 PM - __main__ - INFO - 	 Simulation time=3342.39 s
2025/12/01 18:57:56 PM - __main__ - INFO - 	Finished converting image for hysteresis at D=675 nm and Ms=420 kA/m
2025/12/01 18:57:56 PM - __main__ - INFO - Running simulation for D=675 nm and Msat=440 kA/m
2025/12/01 19:58:18 PM - __main__ - INFO - 	 Simulation time=3622.22 s
2025/12/01 19:58:33 PM - __main__ - INFO - 	Finished converting image for hysteresis at D=675 nm and Ms=440 kA/m
2025/12/01 19:58:33 PM - __main__ - INFO - Running simulation for D=750 nm and Msat=260 kA/m
2025/12/01 20:55:22 PM - __main__ - INFO - 	 Simulation time=3408.83 s
2025/12/01 20:55:37 PM - __main__ - INFO - 	Finished converting image for hysteresis at D=750 nm and Ms=260 kA/m
2025/12/01 20:55:37 PM - __main__ - INFO - Running simulation for D=750 nm and Msat=280 kA/m
2025/12/01 22:44:17 PM - __main__ - INFO - 	 Simulation time=6520.29 s
2025/12/01 22:44:33 PM - __main__ - INFO - 	Finished converting image for hysteresis at D=750 nm and Ms=280 kA/m
2025/12/01 22:44:33 PM - __main__ - INFO - Running simulation for D=750 nm and Msat=300 kA/m
2025/12/01 23:31:52 PM - __main__ - INFO - 	 Simulation time=2838.18 s
2025/12/01 23:32:07 PM - __main__ - INFO - 	Finished converting image for hysteresis at D=750 nm and Ms=300 kA/m
2025/12/01 23:32:07 PM - __main__ - INFO - Running simulation for D=750 nm and Msat=320 kA/m
2025/12/02 00:22:38 AM - __main__ - INFO - 	 Simulation time=3031.06 s
2025/12/02 00:22:53 AM - __main__ - INFO - 	Finished converting image for hysteresis at D=750 nm and Ms=320 kA/m
2025/12/02 00:22:53 AM - __main__ - INFO - Running simulation for D=750 nm and Msat=340 kA/m
2025/12/02 01:38:25 AM - __main__ - INFO - 	 Simulation time=4531.76 s
2025/12/02 01:38:40 AM - __main__ - INFO - 	Finished converting image for hysteresis at D=750 nm and Ms=340 kA/m
2025/12/02 01:38:40 AM - __main__ - INFO - Running simulation for D=750 nm and Msat=360 kA/m
2025/12/02 03:02:10 AM - __main__ - INFO - 	 Simulation time=5009.32 s
2025/12/02 03:02:25 AM - __main__ - INFO - 	Finished converting image for hysteresis at D=750 nm and Ms=360 kA/m
2025/12/02 03:02:25 AM - __main__ - INFO - Running simulation for D=750 nm and Msat=380 kA/m
2025/12/02 03:57:15 AM - __main__ - INFO - 	 Simulation time=3290.31 s
2025/12/02 03:57:31 AM - __main__ - INFO - 	Finished converting image for hysteresis at D=750 nm and Ms=380 kA/m
2025/12/02 03:57:31 AM - __main__ - INFO - Running simulation for D=750 nm and Msat=400 kA/m
2025/12/02 06:18:15 AM - __main__ - INFO - 	 Simulation time=8444.10 s
2025/12/02 06:18:31 AM - __main__ - INFO - 	Finished converting image for hysteresis at D=750 nm and Ms=400 kA/m
2025/12/02 06:18:31 AM - __main__ - INFO - Running simulation for D=750 nm and Msat=420 kA/m
2025/12/02 06:57:27 AM - __main__ - INFO - 	 Simulation time=2335.89 s
2025/12/02 06:57:42 AM - __main__ - INFO - 	Finished converting image for hysteresis at D=750 nm and Ms=420 kA/m
2025/12/02 06:57:42 AM - __main__ - INFO - Running simulation for D=750 nm and Msat=440 kA/m
2025/12/02 08:11:43 AM - __main__ - INFO - 	 Simulation time=4440.85 s
2025/12/02 08:11:59 AM - __main__ - INFO - 	Finished converting image for hysteresis at D=750 nm and Ms=440 kA/m
2025/12/02 08:11:59 AM - __main__ - INFO - ---FOR Ku = 0.12 MJ/m3---
2025/12/02 08:11:59 AM - __main__ - INFO - Running simulation for D=150 nm and Msat=260 kA/m
2025/12/02 08:12:17 AM - __main__ - INFO - 	 Simulation time=18.26 s
2025/12/02 08:12:27 AM - __main__ - INFO - 	Finished converting image for hysteresis at D=150 nm and Ms=260 kA/m
2025/12/02 08:12:27 AM - __main__ - INFO - Running simulation for D=150 nm and Msat=280 kA/m
2025/12/02 08:12:49 AM - __main__ - INFO - 	 Simulation time=22.10 s
2025/12/02 08:12:59 AM - __main__ - INFO - 	Finished converting image for hysteresis at D=150 nm and Ms=280 kA/m
2025/12/02 08:12:59 AM - __main__ - INFO - Running simulation for D=150 nm and Msat=300 kA/m
2025/12/02 08:13:23 AM - __main__ - INFO - 	 Simulation time=23.98 s
2025/12/02 08:13:33 AM - __main__ - INFO - 	Finished converting image for hysteresis at D=150 nm and Ms=300 kA/m
2025/12/02 08:13:33 AM - __main__ - INFO - Running simulation for D=150 nm and Msat=320 kA/m
2025/12/02 08:13:58 AM - __main__ - INFO - 	 Simulation time=25.32 s
2025/12/02 08:14:08 AM - __main__ - INFO - 	Finished converting image for hysteresis at D=150 nm and Ms=320 kA/m
2025/12/02 08:14:08 AM - __main__ - INFO - Running simulation for D=150 nm and Msat=340 kA/m
2025/12/02 08:14:32 AM - __main__ - INFO - 	 Simulation time=23.78 s
2025/12/02 08:14:42 AM - __main__ - INFO - 	Finished converting image for hysteresis at D=150 nm and Ms=340 kA/m
2025/12/02 08:14:42 AM - __main__ - INFO - Running simulation for D=150 nm and Msat=360 kA/m
2025/12/02 08:15:46 AM - __main__ - INFO - 	 Simulation time=64.03 s
2025/12/02 08:15:55 AM - __main__ - INFO - 	Finished converting image for hysteresis at D=150 nm and Ms=360 kA/m
2025/12/02 08:15:55 AM - __main__ - INFO - Running simulation for D=150 nm and Msat=380 kA/m
2025/12/02 08:16:16 AM - __main__ - INFO - 	 Simulation time=21.07 s
2025/12/02 08:16:26 AM - __main__ - INFO - 	Finished converting image for hysteresis at D=150 nm and Ms=380 kA/m
2025/12/02 08:16:26 AM - __main__ - INFO - Running simulation for D=150 nm and Msat=400 kA/m
2025/12/02 08:17:15 AM - __main__ - INFO - 	 Simulation time=48.14 s
2025/12/02 08:17:25 AM - __main__ - INFO - 	Finished converting image for hysteresis at D=150 nm and Ms=400 kA/m
2025/12/02 08:17:25 AM - __main__ - INFO - Running simulation for D=150 nm and Msat=420 kA/m
2025/12/02 08:18:40 AM - __main__ - INFO - 	 Simulation time=75.38 s
2025/12/02 08:18:50 AM - __main__ - INFO - 	Finished converting image for hysteresis at D=150 nm and Ms=420 kA/m
2025/12/02 08:18:50 AM - __main__ - INFO - Running simulation for D=150 nm and Msat=440 kA/m
2025/12/02 08:20:48 AM - __main__ - INFO - 	 Simulation time=118.46 s
2025/12/02 08:20:58 AM - __main__ - INFO - 	Finished converting image for hysteresis at D=150 nm and Ms=440 kA/m
2025/12/02 08:20:58 AM - __main__ - INFO - Running simulation for D=225 nm and Msat=260 kA/m
2025/12/02 08:21:28 AM - __main__ - INFO - 	 Simulation time=30.05 s
2025/12/02 08:21:39 AM - __main__ - INFO - 	Finished converting image for hysteresis at D=225 nm and Ms=260 kA/m
2025/12/02 08:21:39 AM - __main__ - INFO - Running simulation for D=225 nm and Msat=280 kA/m
2025/12/02 08:22:23 AM - __main__ - INFO - 	 Simulation time=44.19 s
2025/12/02 08:22:33 AM - __main__ - INFO - 	Finished converting image for hysteresis at D=225 nm and Ms=280 kA/m
2025/12/02 08:22:33 AM - __main__ - INFO - Running simulation for D=225 nm and Msat=300 kA/m
2025/12/02 08:23:53 AM - __main__ - INFO - 	 Simulation time=80.40 s
2025/12/02 08:24:04 AM - __main__ - INFO - 	Finished converting image for hysteresis at D=225 nm and Ms=300 kA/m
2025/12/02 08:24:04 AM - __main__ - INFO - Running simulation for D=225 nm and Msat=320 kA/m
2025/12/02 08:24:51 AM - __main__ - INFO - 	 Simulation time=47.40 s
2025/12/02 08:25:01 AM - __main__ - INFO - 	Finished converting image for hysteresis at D=225 nm and Ms=320 kA/m
2025/12/02 08:25:01 AM - __main__ - INFO - Running simulation for D=225 nm and Msat=340 kA/m
2025/12/02 08:25:54 AM - __main__ - INFO - 	 Simulation time=52.29 s
2025/12/02 08:26:04 AM - __main__ - INFO - 	Finished converting image for hysteresis at D=225 nm and Ms=340 kA/m
2025/12/02 08:26:04 AM - __main__ - INFO - Running simulation for D=225 nm and Msat=360 kA/m
2025/12/02 08:28:06 AM - __main__ - INFO - 	 Simulation time=122.18 s
2025/12/02 08:28:16 AM - __main__ - INFO - 	Finished converting image for hysteresis at D=225 nm and Ms=360 kA/m
2025/12/02 08:28:16 AM - __main__ - INFO - Running simulation for D=225 nm and Msat=380 kA/m
2025/12/02 08:30:15 AM - __main__ - INFO - 	 Simulation time=118.19 s
2025/12/02 08:30:25 AM - __main__ - INFO - 	Finished converting image for hysteresis at D=225 nm and Ms=380 kA/m
2025/12/02 08:30:25 AM - __main__ - INFO - Running simulation for D=225 nm and Msat=400 kA/m
2025/12/02 08:31:27 AM - __main__ - INFO - 	 Simulation time=61.57 s
2025/12/02 08:31:37 AM - __main__ - INFO - 	Finished converting image for hysteresis at D=225 nm and Ms=400 kA/m
2025/12/02 08:31:37 AM - __main__ - INFO - Running simulation for D=225 nm and Msat=420 kA/m
2025/12/02 08:33:23 AM - __main__ - INFO - 	 Simulation time=106.18 s
2025/12/02 08:33:33 AM - __main__ - INFO - 	Finished converting image for hysteresis at D=225 nm and Ms=420 kA/m
2025/12/02 08:33:33 AM - __main__ - INFO - Running simulation for D=225 nm and Msat=440 kA/m
2025/12/02 08:35:25 AM - __main__ - INFO - 	 Simulation time=111.37 s
2025/12/02 08:35:35 AM - __main__ - INFO - 	Finished converting image for hysteresis at D=225 nm and Ms=440 kA/m
2025/12/02 08:35:35 AM - __main__ - INFO - Running simulation for D=300 nm and Msat=260 kA/m
2025/12/02 08:36:17 AM - __main__ - INFO - 	 Simulation time=41.85 s
2025/12/02 08:36:27 AM - __main__ - INFO - 	Finished converting image for hysteresis at D=300 nm and Ms=260 kA/m
2025/12/02 08:36:27 AM - __main__ - INFO - Running simulation for D=300 nm and Msat=280 kA/m
2025/12/02 08:37:29 AM - __main__ - INFO - 	 Simulation time=61.45 s
2025/12/02 08:37:39 AM - __main__ - INFO - 	Finished converting image for hysteresis at D=300 nm and Ms=280 kA/m
2025/12/02 08:37:39 AM - __main__ - INFO - Running simulation for D=300 nm and Msat=300 kA/m
2025/12/02 08:39:49 AM - __main__ - INFO - 	 Simulation time=129.34 s
2025/12/02 08:39:59 AM - __main__ - INFO - 	Finished converting image for hysteresis at D=300 nm and Ms=300 kA/m
2025/12/02 08:39:59 AM - __main__ - INFO - Running simulation for D=300 nm and Msat=320 kA/m
2025/12/02 08:41:49 AM - __main__ - INFO - 	 Simulation time=110.13 s
2025/12/02 08:42:00 AM - __main__ - INFO - 	Finished converting image for hysteresis at D=300 nm and Ms=320 kA/m
2025/12/02 08:42:00 AM - __main__ - INFO - Running simulation for D=300 nm and Msat=340 kA/m
2025/12/02 08:43:43 AM - __main__ - INFO - 	 Simulation time=103.65 s
2025/12/02 08:43:54 AM - __main__ - INFO - 	Finished converting image for hysteresis at D=300 nm and Ms=340 kA/m
2025/12/02 08:43:54 AM - __main__ - INFO - Running simulation for D=300 nm and Msat=360 kA/m
2025/12/02 08:45:05 AM - __main__ - INFO - 	 Simulation time=70.81 s
2025/12/02 08:45:15 AM - __main__ - INFO - 	Finished converting image for hysteresis at D=300 nm and Ms=360 kA/m
2025/12/02 08:45:15 AM - __main__ - INFO - Running simulation for D=300 nm and Msat=380 kA/m
2025/12/02 08:48:43 AM - __main__ - INFO - 	 Simulation time=208.16 s
2025/12/02 08:48:54 AM - __main__ - INFO - 	Finished converting image for hysteresis at D=300 nm and Ms=380 kA/m
2025/12/02 08:48:54 AM - __main__ - INFO - Running simulation for D=300 nm and Msat=400 kA/m
2025/12/02 08:54:19 AM - __main__ - INFO - 	 Simulation time=325.48 s
2025/12/02 08:54:30 AM - __main__ - INFO - 	Finished converting image for hysteresis at D=300 nm and Ms=400 kA/m
2025/12/02 08:54:30 AM - __main__ - INFO - Running simulation for D=300 nm and Msat=420 kA/m
2025/12/02 08:56:50 AM - __main__ - INFO - 	 Simulation time=139.97 s
2025/12/02 08:57:00 AM - __main__ - INFO - 	Finished converting image for hysteresis at D=300 nm and Ms=420 kA/m
2025/12/02 08:57:00 AM - __main__ - INFO - Running simulation for D=300 nm and Msat=440 kA/m
2025/12/02 09:01:33 AM - __main__ - INFO - 	 Simulation time=272.46 s
2025/12/02 09:01:43 AM - __main__ - INFO - 	Finished converting image for hysteresis at D=300 nm and Ms=440 kA/m
2025/12/02 09:01:43 AM - __main__ - INFO - Running simulation for D=375 nm and Msat=260 kA/m
2025/12/02 09:02:27 AM - __main__ - INFO - 	 Simulation time=43.36 s
2025/12/02 09:02:37 AM - __main__ - INFO - 	Finished converting image for hysteresis at D=375 nm and Ms=260 kA/m
2025/12/02 09:02:37 AM - __main__ - INFO - Running simulation for D=375 nm and Msat=280 kA/m
2025/12/02 09:05:49 AM - __main__ - INFO - 	 Simulation time=191.89 s
2025/12/02 09:06:00 AM - __main__ - INFO - 	Finished converting image for hysteresis at D=375 nm and Ms=280 kA/m
2025/12/02 09:06:00 AM - __main__ - INFO - Running simulation for D=375 nm and Msat=300 kA/m
2025/12/02 09:11:40 AM - __main__ - INFO - 	 Simulation time=340.10 s
2025/12/02 09:11:51 AM - __main__ - INFO - 	Finished converting image for hysteresis at D=375 nm and Ms=300 kA/m
2025/12/02 09:11:51 AM - __main__ - INFO - Running simulation for D=375 nm and Msat=320 kA/m
2025/12/02 09:15:00 AM - __main__ - INFO - 	 Simulation time=189.31 s
2025/12/02 09:15:11 AM - __main__ - INFO - 	Finished converting image for hysteresis at D=375 nm and Ms=320 kA/m
2025/12/02 09:15:11 AM - __main__ - INFO - Running simulation for D=375 nm and Msat=340 kA/m
2025/12/02 09:19:08 AM - __main__ - INFO - 	 Simulation time=237.13 s
2025/12/02 09:19:19 AM - __main__ - INFO - 	Finished converting image for hysteresis at D=375 nm and Ms=340 kA/m
2025/12/02 09:19:19 AM - __main__ - INFO - Running simulation for D=375 nm and Msat=360 kA/m
2025/12/02 09:23:06 AM - __main__ - INFO - 	 Simulation time=226.86 s
2025/12/02 09:23:17 AM - __main__ - INFO - 	Finished converting image for hysteresis at D=375 nm and Ms=360 kA/m
2025/12/02 09:23:17 AM - __main__ - INFO - Running simulation for D=375 nm and Msat=380 kA/m
2025/12/02 09:24:36 AM - __main__ - INFO - 	 Simulation time=79.17 s
2025/12/02 09:24:47 AM - __main__ - INFO - 	Finished converting image for hysteresis at D=375 nm and Ms=380 kA/m
2025/12/02 09:24:47 AM - __main__ - INFO - Running simulation for D=375 nm and Msat=400 kA/m
2025/12/02 09:39:18 AM - __main__ - INFO - 	 Simulation time=871.55 s
2025/12/02 09:39:29 AM - __main__ - INFO - 	Finished converting image for hysteresis at D=375 nm and Ms=400 kA/m
2025/12/02 09:39:29 AM - __main__ - INFO - Running simulation for D=375 nm and Msat=420 kA/m
2025/12/02 09:42:13 AM - __main__ - INFO - 	 Simulation time=163.67 s
2025/12/02 09:42:24 AM - __main__ - INFO - 	Finished converting image for hysteresis at D=375 nm and Ms=420 kA/m
2025/12/02 09:42:24 AM - __main__ - INFO - Running simulation for D=375 nm and Msat=440 kA/m
2025/12/02 09:44:57 AM - __main__ - INFO - 	 Simulation time=153.33 s
2025/12/02 09:45:08 AM - __main__ - INFO - 	Finished converting image for hysteresis at D=375 nm and Ms=440 kA/m
2025/12/02 09:45:08 AM - __main__ - INFO - Running simulation for D=450 nm and Msat=260 kA/m
2025/12/02 09:46:00 AM - __main__ - INFO - 	 Simulation time=52.26 s
2025/12/02 09:46:13 AM - __main__ - INFO - 	Finished converting image for hysteresis at D=450 nm and Ms=260 kA/m
2025/12/02 09:46:13 AM - __main__ - INFO - Running simulation for D=450 nm and Msat=280 kA/m
2025/12/02 09:47:15 AM - __main__ - INFO - 	 Simulation time=62.28 s
2025/12/02 09:47:27 AM - __main__ - INFO - 	Finished converting image for hysteresis at D=450 nm and Ms=280 kA/m
2025/12/02 09:47:27 AM - __main__ - INFO - Running simulation for D=450 nm and Msat=300 kA/m
2025/12/02 09:51:53 AM - __main__ - INFO - 	 Simulation time=265.20 s
2025/12/02 09:52:05 AM - __main__ - INFO - 	Finished converting image for hysteresis at D=450 nm and Ms=300 kA/m
2025/12/02 09:52:05 AM - __main__ - INFO - Running simulation for D=450 nm and Msat=320 kA/m
2025/12/02 09:56:22 AM - __main__ - INFO - 	 Simulation time=256.90 s
2025/12/02 09:56:35 AM - __main__ - INFO - 	Finished converting image for hysteresis at D=450 nm and Ms=320 kA/m
2025/12/02 09:56:35 AM - __main__ - INFO - Running simulation for D=450 nm and Msat=340 kA/m
2025/12/02 09:59:14 AM - __main__ - INFO - 	 Simulation time=159.52 s
2025/12/02 09:59:27 AM - __main__ - INFO - 	Finished converting image for hysteresis at D=450 nm and Ms=340 kA/m
2025/12/02 09:59:27 AM - __main__ - INFO - Running simulation for D=450 nm and Msat=360 kA/m
2025/12/02 10:06:13 AM - __main__ - INFO - 	 Simulation time=406.40 s
2025/12/02 10:06:26 AM - __main__ - INFO - 	Finished converting image for hysteresis at D=450 nm and Ms=360 kA/m
2025/12/02 10:06:26 AM - __main__ - INFO - Running simulation for D=450 nm and Msat=380 kA/m
2025/12/02 10:19:02 AM - __main__ - INFO - 	 Simulation time=755.75 s
2025/12/02 10:19:14 AM - __main__ - INFO - 	Finished converting image for hysteresis at D=450 nm and Ms=380 kA/m
2025/12/02 10:19:14 AM - __main__ - INFO - Running simulation for D=450 nm and Msat=400 kA/m
2025/12/02 10:30:50 AM - __main__ - INFO - 	 Simulation time=695.77 s
2025/12/02 10:31:03 AM - __main__ - INFO - 	Finished converting image for hysteresis at D=450 nm and Ms=400 kA/m
2025/12/02 10:31:03 AM - __main__ - INFO - Running simulation for D=450 nm and Msat=420 kA/m
2025/12/02 10:38:37 AM - __main__ - INFO - 	 Simulation time=454.00 s
2025/12/02 10:38:50 AM - __main__ - INFO - 	Finished converting image for hysteresis at D=450 nm and Ms=420 kA/m
2025/12/02 10:38:50 AM - __main__ - INFO - Running simulation for D=450 nm and Msat=440 kA/m
2025/12/02 10:46:34 AM - __main__ - INFO - 	 Simulation time=464.10 s
2025/12/02 10:46:47 AM - __main__ - INFO - 	Finished converting image for hysteresis at D=450 nm and Ms=440 kA/m
2025/12/02 10:46:47 AM - __main__ - INFO - Ignoring DMI=1.0, Ku=0.12, D=525, Ms=260
2025/12/02 10:46:47 AM - __main__ - INFO - Ignoring DMI=1.0, Ku=0.12, D=525, Ms=280
2025/12/02 10:46:47 AM - __main__ - INFO - Ignoring DMI=1.0, Ku=0.12, D=525, Ms=300
2025/12/02 10:46:47 AM - __main__ - INFO - Running simulation for D=525 nm and Msat=320 kA/m
2025/12/02 10:52:21 AM - __main__ - INFO - 	 Simulation time=334.05 s
2025/12/02 10:52:34 AM - __main__ - INFO - 	Finished converting image for hysteresis at D=525 nm and Ms=320 kA/m
2025/12/02 10:52:34 AM - __main__ - INFO - Running simulation for D=525 nm and Msat=340 kA/m
2025/12/02 10:57:42 AM - __main__ - INFO - 	 Simulation time=308.56 s
2025/12/02 10:57:55 AM - __main__ - INFO - 	Finished converting image for hysteresis at D=525 nm and Ms=340 kA/m
2025/12/02 10:57:55 AM - __main__ - INFO - Running simulation for D=525 nm and Msat=360 kA/m
2025/12/02 11:07:06 AM - __main__ - INFO - 	 Simulation time=551.01 s
2025/12/02 11:07:20 AM - __main__ - INFO - 	Finished converting image for hysteresis at D=525 nm and Ms=360 kA/m
2025/12/02 11:07:20 AM - __main__ - INFO - Running simulation for D=525 nm and Msat=380 kA/m
2025/12/02 11:30:39 AM - __main__ - INFO - 	 Simulation time=1398.60 s
2025/12/02 11:30:52 AM - __main__ - INFO - 	Finished converting image for hysteresis at D=525 nm and Ms=380 kA/m
2025/12/02 11:30:52 AM - __main__ - INFO - Running simulation for D=525 nm and Msat=400 kA/m
2025/12/02 11:41:47 AM - __main__ - INFO - 	 Simulation time=655.63 s
2025/12/02 11:42:00 AM - __main__ - INFO - 	Finished converting image for hysteresis at D=525 nm and Ms=400 kA/m
2025/12/02 11:42:00 AM - __main__ - INFO - Running simulation for D=525 nm and Msat=420 kA/m
2025/12/02 12:28:34 PM - __main__ - INFO - 	 Simulation time=2793.50 s
2025/12/02 12:28:47 PM - __main__ - INFO - 	Finished converting image for hysteresis at D=525 nm and Ms=420 kA/m
2025/12/02 12:28:47 PM - __main__ - INFO - Running simulation for D=525 nm and Msat=440 kA/m
2025/12/02 12:53:59 PM - __main__ - INFO - 	 Simulation time=1511.62 s
2025/12/02 12:54:12 PM - __main__ - INFO - 	Finished converting image for hysteresis at D=525 nm and Ms=440 kA/m
2025/12/02 12:54:12 PM - __main__ - INFO - Running simulation for D=600 nm and Msat=260 kA/m
2025/12/02 12:55:03 PM - __main__ - INFO - 	 Simulation time=50.94 s
2025/12/02 12:55:16 PM - __main__ - INFO - 	Finished converting image for hysteresis at D=600 nm and Ms=260 kA/m
2025/12/02 12:55:16 PM - __main__ - INFO - Running simulation for D=600 nm and Msat=280 kA/m
2025/12/02 12:57:17 PM - __main__ - INFO - 	 Simulation time=121.16 s
2025/12/02 12:57:31 PM - __main__ - INFO - 	Finished converting image for hysteresis at D=600 nm and Ms=280 kA/m
2025/12/02 12:57:31 PM - __main__ - INFO - Running simulation for D=600 nm and Msat=300 kA/m
2025/12/02 13:04:50 PM - __main__ - INFO - 	 Simulation time=439.10 s
2025/12/02 13:05:03 PM - __main__ - INFO - 	Finished converting image for hysteresis at D=600 nm and Ms=300 kA/m
2025/12/02 13:05:03 PM - __main__ - INFO - Running simulation for D=600 nm and Msat=320 kA/m
2025/12/02 13:17:42 PM - __main__ - INFO - 	 Simulation time=759.44 s
2025/12/02 13:17:56 PM - __main__ - INFO - 	Finished converting image for hysteresis at D=600 nm and Ms=320 kA/m
2025/12/02 13:17:56 PM - __main__ - INFO - Running simulation for D=600 nm and Msat=340 kA/m
2025/12/02 13:42:23 PM - __main__ - INFO - 	 Simulation time=1467.30 s
2025/12/02 13:42:37 PM - __main__ - INFO - 	Finished converting image for hysteresis at D=600 nm and Ms=340 kA/m
2025/12/02 13:42:37 PM - __main__ - INFO - Running simulation for D=600 nm and Msat=360 kA/m
2025/12/02 14:37:08 PM - __main__ - INFO - 	 Simulation time=3271.24 s
2025/12/02 14:37:21 PM - __main__ - INFO - 	Finished converting image for hysteresis at D=600 nm and Ms=360 kA/m
2025/12/02 14:37:21 PM - __main__ - INFO - Running simulation for D=600 nm and Msat=380 kA/m
2025/12/02 14:50:05 PM - __main__ - INFO - 	 Simulation time=763.51 s
2025/12/02 14:50:18 PM - __main__ - INFO - 	Finished converting image for hysteresis at D=600 nm and Ms=380 kA/m
2025/12/02 14:50:18 PM - __main__ - INFO - Running simulation for D=600 nm and Msat=400 kA/m
2025/12/02 15:10:58 PM - __main__ - INFO - 	 Simulation time=1239.29 s
2025/12/02 15:11:11 PM - __main__ - INFO - 	Finished converting image for hysteresis at D=600 nm and Ms=400 kA/m
2025/12/02 15:11:11 PM - __main__ - INFO - Running simulation for D=600 nm and Msat=420 kA/m
2025/12/02 15:43:21 PM - __main__ - INFO - 	 Simulation time=1929.86 s
2025/12/02 15:43:35 PM - __main__ - INFO - 	Finished converting image for hysteresis at D=600 nm and Ms=420 kA/m
2025/12/02 15:43:35 PM - __main__ - INFO - Running simulation for D=600 nm and Msat=440 kA/m
2025/12/02 16:14:23 PM - __main__ - INFO - 	 Simulation time=1847.59 s
2025/12/02 16:14:36 PM - __main__ - INFO - 	Finished converting image for hysteresis at D=600 nm and Ms=440 kA/m
2025/12/02 16:14:36 PM - __main__ - INFO - Running simulation for D=675 nm and Msat=260 kA/m
2025/12/02 16:15:26 PM - __main__ - INFO - 	 Simulation time=49.74 s
2025/12/02 16:15:41 PM - __main__ - INFO - 	Finished converting image for hysteresis at D=675 nm and Ms=260 kA/m
2025/12/02 16:15:41 PM - __main__ - INFO - Running simulation for D=675 nm and Msat=280 kA/m
2025/12/02 16:18:24 PM - __main__ - INFO - 	 Simulation time=163.17 s
2025/12/02 16:18:38 PM - __main__ - INFO - 	Finished converting image for hysteresis at D=675 nm and Ms=280 kA/m
2025/12/02 16:18:38 PM - __main__ - INFO - Running simulation for D=675 nm and Msat=300 kA/m
2025/12/02 16:24:16 PM - __main__ - INFO - 	 Simulation time=337.80 s
2025/12/02 16:24:31 PM - __main__ - INFO - 	Finished converting image for hysteresis at D=675 nm and Ms=300 kA/m
2025/12/02 16:24:31 PM - __main__ - INFO - Running simulation for D=675 nm and Msat=320 kA/m
2025/12/02 16:30:20 PM - __main__ - INFO - 	 Simulation time=349.26 s
2025/12/02 16:30:35 PM - __main__ - INFO - 	Finished converting image for hysteresis at D=675 nm and Ms=320 kA/m
2025/12/02 16:30:35 PM - __main__ - INFO - Running simulation for D=675 nm and Msat=340 kA/m
2025/12/02 17:10:26 PM - __main__ - INFO - 	 Simulation time=2391.34 s
2025/12/02 17:10:41 PM - __main__ - INFO - 	Finished converting image for hysteresis at D=675 nm and Ms=340 kA/m
2025/12/02 17:10:41 PM - __main__ - INFO - Running simulation for D=675 nm and Msat=360 kA/m
2025/12/02 17:49:22 PM - __main__ - INFO - 	 Simulation time=2321.21 s
2025/12/02 17:49:37 PM - __main__ - INFO - 	Finished converting image for hysteresis at D=675 nm and Ms=360 kA/m
2025/12/02 17:49:37 PM - __main__ - INFO - Running simulation for D=675 nm and Msat=380 kA/m
2025/12/02 18:48:38 PM - __main__ - INFO - 	 Simulation time=3541.16 s
2025/12/02 18:48:53 PM - __main__ - INFO - 	Finished converting image for hysteresis at D=675 nm and Ms=380 kA/m
2025/12/02 18:48:53 PM - __main__ - INFO - Running simulation for D=675 nm and Msat=400 kA/m
2025/12/02 19:30:22 PM - __main__ - INFO - 	 Simulation time=2488.84 s
2025/12/02 19:30:37 PM - __main__ - INFO - 	Finished converting image for hysteresis at D=675 nm and Ms=400 kA/m
2025/12/02 19:30:37 PM - __main__ - INFO - Running simulation for D=675 nm and Msat=420 kA/m
2025/12/02 19:46:41 PM - __main__ - INFO - 	 Simulation time=963.86 s
2025/12/02 19:46:56 PM - __main__ - INFO - 	Finished converting image for hysteresis at D=675 nm and Ms=420 kA/m
2025/12/02 19:46:56 PM - __main__ - INFO - Running simulation for D=675 nm and Msat=440 kA/m
2025/12/02 20:28:57 PM - __main__ - INFO - 	 Simulation time=2520.84 s
2025/12/02 20:29:12 PM - __main__ - INFO - 	Finished converting image for hysteresis at D=675 nm and Ms=440 kA/m
2025/12/02 20:29:12 PM - __main__ - INFO - Running simulation for D=750 nm and Msat=260 kA/m
2025/12/02 20:30:25 PM - __main__ - INFO - 	 Simulation time=72.81 s
2025/12/02 20:30:40 PM - __main__ - INFO - 	Finished converting image for hysteresis at D=750 nm and Ms=260 kA/m
2025/12/02 20:30:40 PM - __main__ - INFO - Running simulation for D=750 nm and Msat=280 kA/m
2025/12/02 20:33:46 PM - __main__ - INFO - 	 Simulation time=186.21 s
2025/12/02 20:34:01 PM - __main__ - INFO - 	Finished converting image for hysteresis at D=750 nm and Ms=280 kA/m
2025/12/02 20:34:01 PM - __main__ - INFO - Running simulation for D=750 nm and Msat=300 kA/m
2025/12/02 21:08:45 PM - __main__ - INFO - 	 Simulation time=2084.03 s
2025/12/02 21:09:00 PM - __main__ - INFO - 	Finished converting image for hysteresis at D=750 nm and Ms=300 kA/m
2025/12/02 21:09:00 PM - __main__ - INFO - Running simulation for D=750 nm and Msat=320 kA/m
2025/12/02 21:16:22 PM - __main__ - INFO - 	 Simulation time=442.13 s
2025/12/02 21:16:37 PM - __main__ - INFO - 	Finished converting image for hysteresis at D=750 nm and Ms=320 kA/m
2025/12/02 21:16:37 PM - __main__ - INFO - Running simulation for D=750 nm and Msat=340 kA/m
2025/12/02 22:22:18 PM - __main__ - INFO - 	 Simulation time=3940.56 s
2025/12/02 22:22:33 PM - __main__ - INFO - 	Finished converting image for hysteresis at D=750 nm and Ms=340 kA/m
2025/12/02 22:22:33 PM - __main__ - INFO - Running simulation for D=750 nm and Msat=360 kA/m
2025/12/02 23:36:09 PM - __main__ - INFO - 	 Simulation time=4415.46 s
2025/12/02 23:36:24 PM - __main__ - INFO - 	Finished converting image for hysteresis at D=750 nm and Ms=360 kA/m
2025/12/02 23:36:24 PM - __main__ - INFO - Running simulation for D=750 nm and Msat=380 kA/m
2025/12/03 00:39:00 AM - __main__ - INFO - 	 Simulation time=3755.46 s
2025/12/03 00:39:16 AM - __main__ - INFO - 	Finished converting image for hysteresis at D=750 nm and Ms=380 kA/m
2025/12/03 00:39:16 AM - __main__ - INFO - Running simulation for D=750 nm and Msat=400 kA/m
2025/12/03 01:40:56 AM - __main__ - INFO - 	 Simulation time=3699.75 s
2025/12/03 01:41:11 AM - __main__ - INFO - 	Finished converting image for hysteresis at D=750 nm and Ms=400 kA/m
2025/12/03 01:41:11 AM - __main__ - INFO - Running simulation for D=750 nm and Msat=420 kA/m
2025/12/03 03:25:15 AM - __main__ - INFO - 	 Simulation time=6244.10 s
2025/12/03 03:25:31 AM - __main__ - INFO - 	Finished converting image for hysteresis at D=750 nm and Ms=420 kA/m
2025/12/03 03:25:31 AM - __main__ - INFO - Running simulation for D=750 nm and Msat=440 kA/m
2025/12/03 04:50:31 AM - __main__ - INFO - 	 Simulation time=5099.90 s
2025/12/03 04:50:46 AM - __main__ - INFO - 	Finished converting image for hysteresis at D=750 nm and Ms=440 kA/m
2025/12/03 04:50:46 AM - __main__ - INFO - ---FOR Ku = 0.14 MJ/m3---
2025/12/03 04:50:46 AM - __main__ - INFO - Running simulation for D=150 nm and Msat=260 kA/m
2025/12/03 04:51:02 AM - __main__ - INFO - 	 Simulation time=16.18 s
2025/12/03 04:51:12 AM - __main__ - INFO - 	Finished converting image for hysteresis at D=150 nm and Ms=260 kA/m
2025/12/03 04:51:12 AM - __main__ - INFO - Running simulation for D=150 nm and Msat=280 kA/m
2025/12/03 04:51:28 AM - __main__ - INFO - 	 Simulation time=15.29 s
2025/12/03 04:51:37 AM - __main__ - INFO - 	Finished converting image for hysteresis at D=150 nm and Ms=280 kA/m
2025/12/03 04:51:37 AM - __main__ - INFO - Running simulation for D=150 nm and Msat=300 kA/m
2025/12/03 04:51:52 AM - __main__ - INFO - 	 Simulation time=14.45 s
2025/12/03 04:52:02 AM - __main__ - INFO - 	Finished converting image for hysteresis at D=150 nm and Ms=300 kA/m
2025/12/03 04:52:02 AM - __main__ - INFO - Running simulation for D=150 nm and Msat=320 kA/m
2025/12/03 04:52:25 AM - __main__ - INFO - 	 Simulation time=23.60 s
2025/12/03 04:52:35 AM - __main__ - INFO - 	Finished converting image for hysteresis at D=150 nm and Ms=320 kA/m
2025/12/03 04:52:35 AM - __main__ - INFO - Running simulation for D=150 nm and Msat=340 kA/m
2025/12/03 04:52:55 AM - __main__ - INFO - 	 Simulation time=19.65 s
2025/12/03 04:53:05 AM - __main__ - INFO - 	Finished converting image for hysteresis at D=150 nm and Ms=340 kA/m
2025/12/03 04:53:05 AM - __main__ - INFO - Running simulation for D=150 nm and Msat=360 kA/m
2025/12/03 04:53:23 AM - __main__ - INFO - 	 Simulation time=18.23 s
2025/12/03 04:53:33 AM - __main__ - INFO - 	Finished converting image for hysteresis at D=150 nm and Ms=360 kA/m
2025/12/03 04:53:33 AM - __main__ - INFO - Running simulation for D=150 nm and Msat=380 kA/m
2025/12/03 04:54:40 AM - __main__ - INFO - 	 Simulation time=67.09 s
2025/12/03 04:54:50 AM - __main__ - INFO - 	Finished converting image for hysteresis at D=150 nm and Ms=380 kA/m
2025/12/03 04:54:50 AM - __main__ - INFO - Running simulation for D=150 nm and Msat=400 kA/m
2025/12/03 04:55:16 AM - __main__ - INFO - 	 Simulation time=25.42 s
2025/12/03 04:55:25 AM - __main__ - INFO - 	Finished converting image for hysteresis at D=150 nm and Ms=400 kA/m
2025/12/03 04:55:25 AM - __main__ - INFO - Running simulation for D=150 nm and Msat=420 kA/m
2025/12/03 04:55:49 AM - __main__ - INFO - 	 Simulation time=23.46 s
2025/12/03 04:55:59 AM - __main__ - INFO - 	Finished converting image for hysteresis at D=150 nm and Ms=420 kA/m
2025/12/03 04:55:59 AM - __main__ - INFO - Running simulation for D=150 nm and Msat=440 kA/m
2025/12/03 04:56:24 AM - __main__ - INFO - 	 Simulation time=25.27 s
2025/12/03 04:56:34 AM - __main__ - INFO - 	Finished converting image for hysteresis at D=150 nm and Ms=440 kA/m
2025/12/03 04:56:34 AM - __main__ - INFO - Running simulation for D=225 nm and Msat=260 kA/m
2025/12/03 04:57:01 AM - __main__ - INFO - 	 Simulation time=26.87 s
2025/12/03 04:57:11 AM - __main__ - INFO - 	Finished converting image for hysteresis at D=225 nm and Ms=260 kA/m
2025/12/03 04:57:11 AM - __main__ - INFO - Running simulation for D=225 nm and Msat=280 kA/m
2025/12/03 04:57:29 AM - __main__ - INFO - 	 Simulation time=17.35 s
2025/12/03 04:57:39 AM - __main__ - INFO - 	Finished converting image for hysteresis at D=225 nm and Ms=280 kA/m
2025/12/03 04:57:39 AM - __main__ - INFO - Running simulation for D=225 nm and Msat=300 kA/m
2025/12/03 04:58:39 AM - __main__ - INFO - 	 Simulation time=59.98 s
2025/12/03 04:58:49 AM - __main__ - INFO - 	Finished converting image for hysteresis at D=225 nm and Ms=300 kA/m
2025/12/03 04:58:49 AM - __main__ - INFO - Running simulation for D=225 nm and Msat=320 kA/m
2025/12/03 04:59:20 AM - __main__ - INFO - 	 Simulation time=31.34 s
2025/12/03 04:59:31 AM - __main__ - INFO - 	Finished converting image for hysteresis at D=225 nm and Ms=320 kA/m
2025/12/03 04:59:31 AM - __main__ - INFO - Running simulation for D=225 nm and Msat=340 kA/m
2025/12/03 05:01:18 AM - __main__ - INFO - 	 Simulation time=107.47 s
2025/12/03 05:01:28 AM - __main__ - INFO - 	Finished converting image for hysteresis at D=225 nm and Ms=340 kA/m
2025/12/03 05:01:28 AM - __main__ - INFO - Running simulation for D=225 nm and Msat=360 kA/m
2025/12/03 05:03:50 AM - __main__ - INFO - 	 Simulation time=141.10 s
2025/12/03 05:04:00 AM - __main__ - INFO - 	Finished converting image for hysteresis at D=225 nm and Ms=360 kA/m
2025/12/03 05:04:00 AM - __main__ - INFO - Running simulation for D=225 nm and Msat=380 kA/m
2025/12/03 05:06:22 AM - __main__ - INFO - 	 Simulation time=142.31 s
2025/12/03 05:06:32 AM - __main__ - INFO - 	Finished converting image for hysteresis at D=225 nm and Ms=380 kA/m
2025/12/03 05:06:32 AM - __main__ - INFO - Running simulation for D=225 nm and Msat=400 kA/m
2025/12/03 05:07:14 AM - __main__ - INFO - 	 Simulation time=41.89 s
2025/12/03 05:07:25 AM - __main__ - INFO - 	Finished converting image for hysteresis at D=225 nm and Ms=400 kA/m
2025/12/03 05:07:25 AM - __main__ - INFO - Running simulation for D=225 nm and Msat=420 kA/m
2025/12/03 05:08:03 AM - __main__ - INFO - 	 Simulation time=37.90 s
2025/12/03 05:08:13 AM - __main__ - INFO - 	Finished converting image for hysteresis at D=225 nm and Ms=420 kA/m
2025/12/03 05:08:13 AM - __main__ - INFO - Running simulation for D=225 nm and Msat=440 kA/m
2025/12/03 05:09:03 AM - __main__ - INFO - 	 Simulation time=50.30 s
2025/12/03 05:09:14 AM - __main__ - INFO - 	Finished converting image for hysteresis at D=225 nm and Ms=440 kA/m
2025/12/03 05:09:14 AM - __main__ - INFO - Running simulation for D=300 nm and Msat=260 kA/m
2025/12/03 05:12:48 AM - __main__ - INFO - 	 Simulation time=214.52 s
2025/12/03 05:12:59 AM - __main__ - INFO - 	Finished converting image for hysteresis at D=300 nm and Ms=260 kA/m
2025/12/03 05:12:59 AM - __main__ - INFO - Running simulation for D=300 nm and Msat=280 kA/m
2025/12/03 05:13:21 AM - __main__ - INFO - 	 Simulation time=22.26 s
2025/12/03 05:13:31 AM - __main__ - INFO - 	Finished converting image for hysteresis at D=300 nm and Ms=280 kA/m
2025/12/03 05:13:31 AM - __main__ - INFO - Running simulation for D=300 nm and Msat=300 kA/m
2025/12/03 05:14:04 AM - __main__ - INFO - 	 Simulation time=32.95 s
2025/12/03 05:14:15 AM - __main__ - INFO - 	Finished converting image for hysteresis at D=300 nm and Ms=300 kA/m
2025/12/03 05:14:15 AM - __main__ - INFO - Running simulation for D=300 nm and Msat=320 kA/m
2025/12/03 05:15:07 AM - __main__ - INFO - 	 Simulation time=52.10 s
2025/12/03 05:15:17 AM - __main__ - INFO - 	Finished converting image for hysteresis at D=300 nm and Ms=320 kA/m
2025/12/03 05:15:17 AM - __main__ - INFO - Running simulation for D=300 nm and Msat=340 kA/m
2025/12/03 05:16:31 AM - __main__ - INFO - 	 Simulation time=73.75 s
2025/12/03 05:16:41 AM - __main__ - INFO - 	Finished converting image for hysteresis at D=300 nm and Ms=340 kA/m
2025/12/03 05:16:41 AM - __main__ - INFO - Running simulation for D=300 nm and Msat=360 kA/m
2025/12/03 05:19:12 AM - __main__ - INFO - 	 Simulation time=150.99 s
2025/12/03 05:19:23 AM - __main__ - INFO - 	Finished converting image for hysteresis at D=300 nm and Ms=360 kA/m
2025/12/03 05:19:23 AM - __main__ - INFO - Running simulation for D=300 nm and Msat=380 kA/m
2025/12/03 05:20:42 AM - __main__ - INFO - 	 Simulation time=79.28 s
2025/12/03 05:20:53 AM - __main__ - INFO - 	Finished converting image for hysteresis at D=300 nm and Ms=380 kA/m
2025/12/03 05:20:53 AM - __main__ - INFO - Running simulation for D=300 nm and Msat=400 kA/m
2025/12/03 05:21:46 AM - __main__ - INFO - 	 Simulation time=53.54 s
2025/12/03 05:21:57 AM - __main__ - INFO - 	Finished converting image for hysteresis at D=300 nm and Ms=400 kA/m
2025/12/03 05:21:57 AM - __main__ - INFO - Running simulation for D=300 nm and Msat=420 kA/m
2025/12/03 05:22:43 AM - __main__ - INFO - 	 Simulation time=46.21 s
2025/12/03 05:22:53 AM - __main__ - INFO - 	Finished converting image for hysteresis at D=300 nm and Ms=420 kA/m
2025/12/03 05:22:53 AM - __main__ - INFO - Running simulation for D=300 nm and Msat=440 kA/m
2025/12/03 05:25:49 AM - __main__ - INFO - 	 Simulation time=176.06 s
2025/12/03 05:26:00 AM - __main__ - INFO - 	Finished converting image for hysteresis at D=300 nm and Ms=440 kA/m
2025/12/03 05:26:00 AM - __main__ - INFO - Running simulation for D=375 nm and Msat=260 kA/m
2025/12/03 05:26:24 AM - __main__ - INFO - 	 Simulation time=23.85 s
2025/12/03 05:26:34 AM - __main__ - INFO - 	Finished converting image for hysteresis at D=375 nm and Ms=260 kA/m
2025/12/03 05:26:34 AM - __main__ - INFO - Running simulation for D=375 nm and Msat=280 kA/m
2025/12/03 05:26:51 AM - __main__ - INFO - 	 Simulation time=16.12 s
2025/12/03 05:27:01 AM - __main__ - INFO - 	Finished converting image for hysteresis at D=375 nm and Ms=280 kA/m
2025/12/03 05:27:01 AM - __main__ - INFO - Running simulation for D=375 nm and Msat=300 kA/m
2025/12/03 05:27:28 AM - __main__ - INFO - 	 Simulation time=27.03 s
2025/12/03 05:27:39 AM - __main__ - INFO - 	Finished converting image for hysteresis at D=375 nm and Ms=300 kA/m
2025/12/03 05:27:39 AM - __main__ - INFO - Running simulation for D=375 nm and Msat=320 kA/m
2025/12/03 05:28:21 AM - __main__ - INFO - 	 Simulation time=41.88 s
2025/12/03 05:28:32 AM - __main__ - INFO - 	Finished converting image for hysteresis at D=375 nm and Ms=320 kA/m
2025/12/03 05:28:32 AM - __main__ - INFO - Running simulation for D=375 nm and Msat=340 kA/m
2025/12/03 05:30:03 AM - __main__ - INFO - 	 Simulation time=91.62 s
2025/12/03 05:30:14 AM - __main__ - INFO - 	Finished converting image for hysteresis at D=375 nm and Ms=340 kA/m
2025/12/03 05:30:14 AM - __main__ - INFO - Running simulation for D=375 nm and Msat=360 kA/m
2025/12/03 05:34:28 AM - __main__ - INFO - 	 Simulation time=253.68 s
2025/12/03 05:34:39 AM - __main__ - INFO - 	Finished converting image for hysteresis at D=375 nm and Ms=360 kA/m
2025/12/03 05:34:39 AM - __main__ - INFO - Running simulation for D=375 nm and Msat=380 kA/m
2025/12/03 05:41:49 AM - __main__ - INFO - 	 Simulation time=430.11 s
2025/12/03 05:42:00 AM - __main__ - INFO - 	Finished converting image for hysteresis at D=375 nm and Ms=380 kA/m
2025/12/03 05:42:00 AM - __main__ - INFO - Running simulation for D=375 nm and Msat=400 kA/m
2025/12/03 05:59:08 AM - __main__ - INFO - 	 Simulation time=1028.48 s
2025/12/03 05:59:19 AM - __main__ - INFO - 	Finished converting image for hysteresis at D=375 nm and Ms=400 kA/m
2025/12/03 05:59:19 AM - __main__ - INFO - Running simulation for D=375 nm and Msat=420 kA/m
2025/12/03 06:03:00 AM - __main__ - INFO - 	 Simulation time=220.81 s
2025/12/03 06:03:11 AM - __main__ - INFO - 	Finished converting image for hysteresis at D=375 nm and Ms=420 kA/m
2025/12/03 06:03:11 AM - __main__ - INFO - Running simulation for D=375 nm and Msat=440 kA/m
2025/12/03 06:06:23 AM - __main__ - INFO - 	 Simulation time=192.50 s
2025/12/03 06:06:34 AM - __main__ - INFO - 	Finished converting image for hysteresis at D=375 nm and Ms=440 kA/m
2025/12/03 06:06:34 AM - __main__ - INFO - Running simulation for D=450 nm and Msat=260 kA/m
2025/12/03 06:06:55 AM - __main__ - INFO - 	 Simulation time=21.30 s
2025/12/03 06:07:08 AM - __main__ - INFO - 	Finished converting image for hysteresis at D=450 nm and Ms=260 kA/m
2025/12/03 06:07:08 AM - __main__ - INFO - Running simulation for D=450 nm and Msat=280 kA/m
2025/12/03 06:09:51 AM - __main__ - INFO - 	 Simulation time=162.71 s
2025/12/03 06:10:03 AM - __main__ - INFO - 	Finished converting image for hysteresis at D=450 nm and Ms=280 kA/m
2025/12/03 06:10:03 AM - __main__ - INFO - Running simulation for D=450 nm and Msat=300 kA/m
2025/12/03 06:10:29 AM - __main__ - INFO - 	 Simulation time=25.38 s
2025/12/03 06:10:41 AM - __main__ - INFO - 	Finished converting image for hysteresis at D=450 nm and Ms=300 kA/m
2025/12/03 06:10:41 AM - __main__ - INFO - Running simulation for D=450 nm and Msat=320 kA/m
2025/12/03 06:11:25 AM - __main__ - INFO - 	 Simulation time=44.01 s
2025/12/03 06:11:38 AM - __main__ - INFO - 	Finished converting image for hysteresis at D=450 nm and Ms=320 kA/m
2025/12/03 06:11:38 AM - __main__ - INFO - Running simulation for D=450 nm and Msat=340 kA/m
2025/12/03 06:13:35 AM - __main__ - INFO - 	 Simulation time=117.34 s
2025/12/03 06:13:48 AM - __main__ - INFO - 	Finished converting image for hysteresis at D=450 nm and Ms=340 kA/m
2025/12/03 06:13:48 AM - __main__ - INFO - Running simulation for D=450 nm and Msat=360 kA/m
2025/12/03 06:21:03 AM - __main__ - INFO - 	 Simulation time=435.72 s
2025/12/03 06:21:16 AM - __main__ - INFO - 	Finished converting image for hysteresis at D=450 nm and Ms=360 kA/m
2025/12/03 06:21:16 AM - __main__ - INFO - Running simulation for D=450 nm and Msat=380 kA/m
2025/12/03 06:35:50 AM - __main__ - INFO - 	 Simulation time=873.59 s
2025/12/03 06:36:02 AM - __main__ - INFO - 	Finished converting image for hysteresis at D=450 nm and Ms=380 kA/m
2025/12/03 06:36:02 AM - __main__ - INFO - Running simulation for D=450 nm and Msat=400 kA/m
2025/12/03 06:43:33 AM - __main__ - INFO - 	 Simulation time=450.53 s
2025/12/03 06:43:46 AM - __main__ - INFO - 	Finished converting image for hysteresis at D=450 nm and Ms=400 kA/m
2025/12/03 06:43:46 AM - __main__ - INFO - Running simulation for D=450 nm and Msat=420 kA/m
2025/12/03 06:53:51 AM - __main__ - INFO - 	 Simulation time=605.64 s
2025/12/03 06:54:04 AM - __main__ - INFO - 	Finished converting image for hysteresis at D=450 nm and Ms=420 kA/m
2025/12/03 06:54:04 AM - __main__ - INFO - Running simulation for D=450 nm and Msat=440 kA/m
2025/12/03 07:05:41 AM - __main__ - INFO - 	 Simulation time=696.97 s
2025/12/03 07:05:54 AM - __main__ - INFO - 	Finished converting image for hysteresis at D=450 nm and Ms=440 kA/m
2025/12/03 07:05:54 AM - __main__ - INFO - Ignoring DMI=1.0, Ku=0.14, D=525, Ms=260
2025/12/03 07:05:54 AM - __main__ - INFO - Ignoring DMI=1.0, Ku=0.14, D=525, Ms=280
2025/12/03 07:05:54 AM - __main__ - INFO - Ignoring DMI=1.0, Ku=0.14, D=525, Ms=300
2025/12/03 07:05:54 AM - __main__ - INFO - Running simulation for D=525 nm and Msat=320 kA/m
2025/12/03 07:07:16 AM - __main__ - INFO - 	 Simulation time=82.38 s
2025/12/03 07:07:29 AM - __main__ - INFO - 	Finished converting image for hysteresis at D=525 nm and Ms=320 kA/m
2025/12/03 07:07:29 AM - __main__ - INFO - Running simulation for D=525 nm and Msat=340 kA/m
2025/12/03 07:09:40 AM - __main__ - INFO - 	 Simulation time=131.04 s
2025/12/03 07:09:52 AM - __main__ - INFO - 	Finished converting image for hysteresis at D=525 nm and Ms=340 kA/m
2025/12/03 07:09:52 AM - __main__ - INFO - Running simulation for D=525 nm and Msat=360 kA/m
2025/12/03 07:13:20 AM - __main__ - INFO - 	 Simulation time=207.46 s
2025/12/03 07:13:33 AM - __main__ - INFO - 	Finished converting image for hysteresis at D=525 nm and Ms=360 kA/m
2025/12/03 07:13:33 AM - __main__ - INFO - Running simulation for D=525 nm and Msat=380 kA/m
2025/12/03 07:27:20 AM - __main__ - INFO - 	 Simulation time=827.22 s
2025/12/03 07:27:33 AM - __main__ - INFO - 	Finished converting image for hysteresis at D=525 nm and Ms=380 kA/m
2025/12/03 07:27:33 AM - __main__ - INFO - Running simulation for D=525 nm and Msat=400 kA/m
2025/12/03 07:37:41 AM - __main__ - INFO - 	 Simulation time=608.66 s
2025/12/03 07:37:54 AM - __main__ - INFO - 	Finished converting image for hysteresis at D=525 nm and Ms=400 kA/m
2025/12/03 07:37:54 AM - __main__ - INFO - Running simulation for D=525 nm and Msat=420 kA/m
2025/12/03 08:05:41 AM - __main__ - INFO - 	 Simulation time=1666.25 s
2025/12/03 08:05:54 AM - __main__ - INFO - 	Finished converting image for hysteresis at D=525 nm and Ms=420 kA/m
2025/12/03 08:05:54 AM - __main__ - INFO - Running simulation for D=525 nm and Msat=440 kA/m
2025/12/03 08:33:56 AM - __main__ - INFO - 	 Simulation time=1682.26 s
2025/12/03 08:34:09 AM - __main__ - INFO - 	Finished converting image for hysteresis at D=525 nm and Ms=440 kA/m
2025/12/03 08:34:09 AM - __main__ - INFO - Running simulation for D=600 nm and Msat=260 kA/m
2025/12/03 08:35:35 AM - __main__ - INFO - 	 Simulation time=86.38 s
2025/12/03 08:35:49 AM - __main__ - INFO - 	Finished converting image for hysteresis at D=600 nm and Ms=260 kA/m
2025/12/03 08:35:49 AM - __main__ - INFO - Running simulation for D=600 nm and Msat=280 kA/m
2025/12/03 08:36:07 AM - __main__ - INFO - 	 Simulation time=17.90 s
2025/12/03 08:36:20 AM - __main__ - INFO - 	Finished converting image for hysteresis at D=600 nm and Ms=280 kA/m
2025/12/03 08:36:20 AM - __main__ - INFO - Running simulation for D=600 nm and Msat=300 kA/m
2025/12/03 08:36:47 AM - __main__ - INFO - 	 Simulation time=27.17 s
2025/12/03 08:37:00 AM - __main__ - INFO - 	Finished converting image for hysteresis at D=600 nm and Ms=300 kA/m
2025/12/03 08:37:00 AM - __main__ - INFO - Running simulation for D=600 nm and Msat=320 kA/m
2025/12/03 08:38:23 AM - __main__ - INFO - 	 Simulation time=82.71 s
2025/12/03 08:38:36 AM - __main__ - INFO - 	Finished converting image for hysteresis at D=600 nm and Ms=320 kA/m
2025/12/03 08:38:36 AM - __main__ - INFO - Running simulation for D=600 nm and Msat=340 kA/m
2025/12/03 08:45:47 AM - __main__ - INFO - 	 Simulation time=430.51 s
2025/12/03 08:46:00 AM - __main__ - INFO - 	Finished converting image for hysteresis at D=600 nm and Ms=340 kA/m
2025/12/03 08:46:00 AM - __main__ - INFO - Running simulation for D=600 nm and Msat=360 kA/m
2025/12/03 09:12:05 AM - __main__ - INFO - 	 Simulation time=1565.08 s
2025/12/03 09:12:19 AM - __main__ - INFO - 	Finished converting image for hysteresis at D=600 nm and Ms=360 kA/m
2025/12/03 09:12:19 AM - __main__ - INFO - Running simulation for D=600 nm and Msat=380 kA/m
2025/12/03 09:37:34 AM - __main__ - INFO - 	 Simulation time=1515.13 s
2025/12/03 09:37:48 AM - __main__ - INFO - 	Finished converting image for hysteresis at D=600 nm and Ms=380 kA/m
2025/12/03 09:37:48 AM - __main__ - INFO - Running simulation for D=600 nm and Msat=400 kA/m
2025/12/03 10:16:51 AM - __main__ - INFO - 	 Simulation time=2343.47 s
2025/12/03 10:17:05 AM - __main__ - INFO - 	Finished converting image for hysteresis at D=600 nm and Ms=400 kA/m
2025/12/03 10:17:05 AM - __main__ - INFO - Running simulation for D=600 nm and Msat=420 kA/m
2025/12/03 10:53:47 AM - __main__ - INFO - 	 Simulation time=2201.89 s
2025/12/03 10:54:01 AM - __main__ - INFO - 	Finished converting image for hysteresis at D=600 nm and Ms=420 kA/m
2025/12/03 10:54:01 AM - __main__ - INFO - Running simulation for D=600 nm and Msat=440 kA/m
2025/12/03 11:02:29 AM - __main__ - INFO - 	 Simulation time=508.02 s <-- aca
