2025/10/28 13:32:15 PM - __main__ - INFO - Logging timestamps are respect to America/Lima timezone
2025/10/28 13:32:15 PM - __main__ - INFO - ---FOR Ku = 0.1 MJ/m3---
2025/10/28 13:32:15 PM - __main__ - INFO - Running simulation for D=150 nm and Msat=260 kA/m
2025/10/28 13:32:51 PM - __main__ - INFO - 	 Simulation time=36.09 s
2025/10/28 13:33:02 PM - __main__ - INFO - 	Finished converting image for hysteresis at D=150 nm and Ms=260 kA/m
2025/10/28 13:33:02 PM - __main__ - INFO - Running simulation for D=150 nm and Msat=280 kA/m
2025/10/28 13:33:38 PM - __main__ - INFO - 	 Simulation time=35.34 s
2025/10/28 13:33:48 PM - __main__ - INFO - 	Finished converting image for hysteresis at D=150 nm and Ms=280 kA/m
2025/10/28 13:33:48 PM - __main__ - INFO - Running simulation for D=150 nm and Msat=300 kA/m
2025/10/28 13:34:22 PM - __main__ - INFO - 	 Simulation time=33.28 s
2025/10/28 13:34:32 PM - __main__ - INFO - 	Finished converting image for hysteresis at D=150 nm and Ms=300 kA/m
2025/10/28 13:34:32 PM - __main__ - INFO - Running simulation for D=150 nm and Msat=320 kA/m
2025/10/28 13:36:41 PM - __main__ - INFO - 	 Simulation time=128.84 s
2025/10/28 13:36:52 PM - __main__ - INFO - 	Finished converting image for hysteresis at D=150 nm and Ms=320 kA/m
2025/10/28 13:36:52 PM - __main__ - INFO - Running simulation for D=150 nm and Msat=340 kA/m
2025/10/28 13:37:41 PM - __main__ - INFO - 	 Simulation time=48.50 s
2025/10/28 13:37:57 PM - __main__ - INFO - 	Finished converting image for hysteresis at D=150 nm and Ms=340 kA/m
2025/10/28 13:37:57 PM - __main__ - INFO - Running simulation for D=150 nm and Msat=360 kA/m
2025/10/28 13:39:15 PM - __main__ - INFO - 	 Simulation time=78.27 s
2025/10/28 13:39:43 PM - __main__ - INFO - 	Finished converting image for hysteresis at D=150 nm and Ms=360 kA/m
2025/10/28 13:39:43 PM - __main__ - INFO - Running simulation for D=150 nm and Msat=380 kA/m
2025/10/28 13:42:06 PM - __main__ - INFO - 	 Simulation time=143.25 s
2025/10/28 13:42:31 PM - __main__ - INFO - 	Finished converting image for hysteresis at D=150 nm and Ms=380 kA/m
2025/10/28 13:42:31 PM - __main__ - INFO - Running simulation for D=150 nm and Msat=400 kA/m
2025/10/28 13:45:43 PM - __main__ - INFO - 	 Simulation time=191.89 s
2025/10/28 13:45:56 PM - __main__ - INFO - 	Finished converting image for hysteresis at D=150 nm and Ms=400 kA/m
2025/10/28 13:45:56 PM - __main__ - INFO - Running simulation for D=150 nm and Msat=420 kA/m
2025/10/28 13:48:57 PM - __main__ - INFO - 	 Simulation time=181.01 s
2025/10/28 13:49:09 PM - __main__ - INFO - 	Finished converting image for hysteresis at D=150 nm and Ms=420 kA/m
2025/10/28 13:49:09 PM - __main__ - INFO - Running simulation for D=150 nm and Msat=440 kA/m
2025/10/28 13:50:06 PM - __main__ - INFO - 	 Simulation time=56.45 s
2025/10/28 13:50:18 PM - __main__ - INFO - 	Finished converting image for hysteresis at D=150 nm and Ms=440 kA/m
2025/10/28 13:50:18 PM - __main__ - INFO - Running simulation for D=225 nm and Msat=260 kA/m
2025/10/28 13:52:44 PM - __main__ - INFO - 	 Simulation time=146.27 s
2025/10/28 13:52:56 PM - __main__ - INFO - 	Finished converting image for hysteresis at D=225 nm and Ms=260 kA/m
2025/10/28 13:52:56 PM - __main__ - INFO - Running simulation for D=225 nm and Msat=280 kA/m
2025/10/28 13:54:05 PM - __main__ - INFO - 	 Simulation time=68.72 s
2025/10/28 13:54:16 PM - __main__ - INFO - 	Finished converting image for hysteresis at D=225 nm and Ms=280 kA/m
2025/10/28 13:54:16 PM - __main__ - INFO - Running simulation for D=225 nm and Msat=300 kA/m
2025/10/28 13:55:14 PM - __main__ - INFO - 	 Simulation time=58.06 s
2025/10/28 13:55:27 PM - __main__ - INFO - 	Finished converting image for hysteresis at D=225 nm and Ms=300 kA/m
2025/10/28 13:55:27 PM - __main__ - INFO - Running simulation for D=225 nm and Msat=320 kA/m
2025/10/28 13:56:43 PM - __main__ - INFO - 	 Simulation time=76.25 s
2025/10/28 13:56:55 PM - __main__ - INFO - 	Finished converting image for hysteresis at D=225 nm and Ms=320 kA/m
2025/10/28 13:56:55 PM - __main__ - INFO - Running simulation for D=225 nm and Msat=340 kA/m
2025/10/28 13:57:47 PM - __main__ - INFO - 	 Simulation time=51.53 s
2025/10/28 13:57:58 PM - __main__ - INFO - 	Finished converting image for hysteresis at D=225 nm and Ms=340 kA/m
2025/10/28 13:57:58 PM - __main__ - INFO - Running simulation for D=225 nm and Msat=360 kA/m
2025/10/28 13:58:52 PM - __main__ - INFO - 	 Simulation time=53.35 s
2025/10/28 13:59:04 PM - __main__ - INFO - 	Finished converting image for hysteresis at D=225 nm and Ms=360 kA/m
2025/10/28 13:59:04 PM - __main__ - INFO - Running simulation for D=225 nm and Msat=380 kA/m
2025/10/28 14:02:13 PM - __main__ - INFO - 	 Simulation time=189.47 s
2025/10/28 14:02:26 PM - __main__ - INFO - 	Finished converting image for hysteresis at D=225 nm and Ms=380 kA/m
2025/10/28 14:02:26 PM - __main__ - INFO - Running simulation for D=225 nm and Msat=400 kA/m
2025/10/28 14:07:10 PM - __main__ - INFO - 	 Simulation time=284.11 s
2025/10/28 14:07:23 PM - __main__ - INFO - 	Finished converting image for hysteresis at D=225 nm and Ms=400 kA/m
2025/10/28 14:07:23 PM - __main__ - INFO - Running simulation for D=225 nm and Msat=420 kA/m
2025/10/28 14:13:47 PM - __main__ - INFO - 	 Simulation time=383.65 s
2025/10/28 14:13:59 PM - __main__ - INFO - 	Finished converting image for hysteresis at D=225 nm and Ms=420 kA/m
2025/10/28 14:13:59 PM - __main__ - INFO - Running simulation for D=225 nm and Msat=440 kA/m
2025/10/28 14:15:48 PM - __main__ - INFO - 	 Simulation time=108.88 s
2025/10/28 14:16:09 PM - __main__ - INFO - 	Finished converting image for hysteresis at D=225 nm and Ms=440 kA/m
2025/10/28 14:16:09 PM - __main__ - INFO - Running simulation for D=300 nm and Msat=260 kA/m
2025/10/28 14:20:13 PM - __main__ - INFO - 	 Simulation time=243.58 s
2025/10/28 14:20:25 PM - __main__ - INFO - 	Finished converting image for hysteresis at D=300 nm and Ms=260 kA/m
2025/10/28 14:20:25 PM - __main__ - INFO - Running simulation for D=300 nm and Msat=280 kA/m
2025/10/28 14:22:44 PM - __main__ - INFO - 	 Simulation time=139.22 s
2025/10/28 14:22:57 PM - __main__ - INFO - 	Finished converting image for hysteresis at D=300 nm and Ms=280 kA/m
2025/10/28 14:22:57 PM - __main__ - INFO - Running simulation for D=300 nm and Msat=300 kA/m
2025/10/28 14:36:18 PM - __main__ - INFO - 	 Simulation time=801.46 s
2025/10/28 14:36:30 PM - __main__ - INFO - 	Finished converting image for hysteresis at D=300 nm and Ms=300 kA/m
2025/10/28 14:36:30 PM - __main__ - INFO - Running simulation for D=300 nm and Msat=320 kA/m
2025/10/28 14:38:45 PM - __main__ - INFO - 	 Simulation time=134.82 s
2025/10/28 14:38:58 PM - __main__ - INFO - 	Finished converting image for hysteresis at D=300 nm and Ms=320 kA/m
2025/10/28 14:38:58 PM - __main__ - INFO - Running simulation for D=300 nm and Msat=340 kA/m
2025/10/28 14:40:23 PM - __main__ - INFO - 	 Simulation time=85.22 s
2025/10/28 14:40:35 PM - __main__ - INFO - 	Finished converting image for hysteresis at D=300 nm and Ms=340 kA/m
2025/10/28 14:40:35 PM - __main__ - INFO - Running simulation for D=300 nm and Msat=360 kA/m
2025/10/28 14:47:20 PM - __main__ - INFO - 	 Simulation time=404.63 s
2025/10/28 14:47:33 PM - __main__ - INFO - 	Finished converting image for hysteresis at D=300 nm and Ms=360 kA/m
2025/10/28 14:47:33 PM - __main__ - INFO - Running simulation for D=300 nm and Msat=380 kA/m
2025/10/28 14:49:53 PM - __main__ - INFO - 	 Simulation time=140.17 s
2025/10/28 14:50:06 PM - __main__ - INFO - 	Finished converting image for hysteresis at D=300 nm and Ms=380 kA/m
2025/10/28 14:50:06 PM - __main__ - INFO - Running simulation for D=300 nm and Msat=400 kA/m
2025/10/28 14:53:05 PM - __main__ - INFO - 	 Simulation time=179.57 s
2025/10/28 14:53:17 PM - __main__ - INFO - 	Finished converting image for hysteresis at D=300 nm and Ms=400 kA/m
2025/10/28 14:53:17 PM - __main__ - INFO - Running simulation for D=300 nm and Msat=420 kA/m
2025/10/28 15:12:56 PM - __main__ - INFO - 	 Simulation time=1179.32 s
2025/10/28 15:13:08 PM - __main__ - INFO - 	Finished converting image for hysteresis at D=300 nm and Ms=420 kA/m
2025/10/28 15:13:08 PM - __main__ - INFO - Running simulation for D=300 nm and Msat=440 kA/m
2025/10/28 15:20:03 PM - __main__ - INFO - 	 Simulation time=414.25 s
2025/10/28 15:20:15 PM - __main__ - INFO - 	Finished converting image for hysteresis at D=300 nm and Ms=440 kA/m
2025/10/28 15:20:15 PM - __main__ - INFO - Running simulation for D=375 nm and Msat=260 kA/m
2025/10/28 15:25:26 PM - __main__ - INFO - 	 Simulation time=310.80 s
2025/10/28 15:25:39 PM - __main__ - INFO - 	Finished converting image for hysteresis at D=375 nm and Ms=260 kA/m
2025/10/28 15:25:39 PM - __main__ - INFO - Running simulation for D=375 nm and Msat=280 kA/m
2025/10/28 15:39:34 PM - __main__ - INFO - 	 Simulation time=834.72 s
2025/10/28 15:39:46 PM - __main__ - INFO - 	Finished converting image for hysteresis at D=375 nm and Ms=280 kA/m
2025/10/28 15:39:46 PM - __main__ - INFO - Running simulation for D=375 nm and Msat=300 kA/m
2025/10/28 15:47:12 PM - __main__ - INFO - 	 Simulation time=446.21 s
2025/10/28 15:47:25 PM - __main__ - INFO - 	Finished converting image for hysteresis at D=375 nm and Ms=300 kA/m
2025/10/28 15:47:25 PM - __main__ - INFO - Running simulation for D=375 nm and Msat=320 kA/m
2025/10/28 16:04:15 PM - __main__ - INFO - 	 Simulation time=1010.17 s
2025/10/28 16:04:28 PM - __main__ - INFO - 	Finished converting image for hysteresis at D=375 nm and Ms=320 kA/m
2025/10/28 16:04:28 PM - __main__ - INFO - Running simulation for D=375 nm and Msat=340 kA/m
2025/10/28 16:07:09 PM - __main__ - INFO - 	 Simulation time=160.99 s
2025/10/28 16:07:22 PM - __main__ - INFO - 	Finished converting image for hysteresis at D=375 nm and Ms=340 kA/m
2025/10/28 16:07:22 PM - __main__ - INFO - Running simulation for D=375 nm and Msat=360 kA/m
2025/10/28 16:12:42 PM - __main__ - INFO - 	 Simulation time=320.41 s
2025/10/28 16:12:57 PM - __main__ - INFO - 	Finished converting image for hysteresis at D=375 nm and Ms=360 kA/m
2025/10/28 16:12:57 PM - __main__ - INFO - Running simulation for D=375 nm and Msat=380 kA/m
2025/10/28 16:17:55 PM - __main__ - INFO - 	 Simulation time=297.57 s
2025/10/28 16:18:08 PM - __main__ - INFO - 	Finished converting image for hysteresis at D=375 nm and Ms=380 kA/m
2025/10/28 16:18:08 PM - __main__ - INFO - Running simulation for D=375 nm and Msat=400 kA/m
2025/10/28 16:47:51 PM - __main__ - INFO - 	 Simulation time=1783.26 s
2025/10/28 16:48:05 PM - __main__ - INFO - 	Finished converting image for hysteresis at D=375 nm and Ms=400 kA/m
2025/10/28 16:48:05 PM - __main__ - INFO - Running simulation for D=375 nm and Msat=420 kA/m
2025/10/28 16:59:26 PM - __main__ - INFO - 	 Simulation time=680.56 s
2025/10/28 16:59:40 PM - __main__ - INFO - 	Finished converting image for hysteresis at D=375 nm and Ms=420 kA/m
2025/10/28 16:59:40 PM - __main__ - INFO - Running simulation for D=375 nm and Msat=440 kA/m
2025/10/28 17:58:20 PM - __main__ - INFO - 	 Simulation time=3520.37 s
2025/10/28 17:58:34 PM - __main__ - INFO - 	Finished converting image for hysteresis at D=375 nm and Ms=440 kA/m
2025/10/28 17:58:34 PM - __main__ - INFO - Running simulation for D=450 nm and Msat=260 kA/m
2025/10/28 18:07:16 PM - __main__ - INFO - 	 Simulation time=522.09 s
2025/10/28 18:07:30 PM - __main__ - INFO - 	Finished converting image for hysteresis at D=450 nm and Ms=260 kA/m
2025/10/28 18:07:30 PM - __main__ - INFO - Running simulation for D=450 nm and Msat=280 kA/m
2025/10/28 18:19:30 PM - __main__ - INFO - 	 Simulation time=720.04 s
2025/10/28 18:19:45 PM - __main__ - INFO - 	Finished converting image for hysteresis at D=450 nm and Ms=280 kA/m
2025/10/28 18:19:45 PM - __main__ - INFO - Running simulation for D=450 nm and Msat=300 kA/m
2025/10/28 18:27:11 PM - __main__ - INFO - 	 Simulation time=445.87 s
2025/10/28 18:27:27 PM - __main__ - INFO - 	Finished converting image for hysteresis at D=450 nm and Ms=300 kA/m
2025/10/28 18:27:27 PM - __main__ - INFO - Running simulation for D=450 nm and Msat=320 kA/m
2025/10/28 18:33:34 PM - __main__ - INFO - 	 Simulation time=367.02 s
2025/10/28 18:33:51 PM - __main__ - INFO - 	Finished converting image for hysteresis at D=450 nm and Ms=320 kA/m
2025/10/28 18:33:51 PM - __main__ - INFO - Running simulation for D=450 nm and Msat=340 kA/m
2025/10/28 18:52:03 PM - __main__ - INFO - 	 Simulation time=1092.56 s
2025/10/28 18:52:19 PM - __main__ - INFO - 	Finished converting image for hysteresis at D=450 nm and Ms=340 kA/m
2025/10/28 18:52:19 PM - __main__ - INFO - Running simulation for D=450 nm and Msat=360 kA/m
2025/10/28 19:02:58 PM - __main__ - INFO - 	 Simulation time=639.14 s
2025/10/28 19:03:14 PM - __main__ - INFO - 	Finished converting image for hysteresis at D=450 nm and Ms=360 kA/m
2025/10/28 19:03:14 PM - __main__ - INFO - Running simulation for D=450 nm and Msat=380 kA/m
2025/10/28 19:14:22 PM - __main__ - INFO - 	 Simulation time=667.39 s
2025/10/28 19:14:37 PM - __main__ - INFO - 	Finished converting image for hysteresis at D=450 nm and Ms=380 kA/m
2025/10/28 19:14:37 PM - __main__ - INFO - Running simulation for D=450 nm and Msat=400 kA/m
2025/10/28 19:30:15 PM - __main__ - INFO - 	 Simulation time=937.79 s
2025/10/28 19:30:31 PM - __main__ - INFO - 	Finished converting image for hysteresis at D=450 nm and Ms=400 kA/m
2025/10/28 19:30:31 PM - __main__ - INFO - Running simulation for D=450 nm and Msat=420 kA/m
2025/10/28 19:59:19 PM - __main__ - INFO - 	 Simulation time=1727.29 s
2025/10/28 19:59:33 PM - __main__ - INFO - 	Finished converting image for hysteresis at D=450 nm and Ms=420 kA/m
2025/10/28 19:59:33 PM - __main__ - INFO - Running simulation for D=450 nm and Msat=440 kA/m
2025/10/28 20:15:15 PM - __main__ - INFO - 	 Simulation time=941.60 s
2025/10/28 20:15:30 PM - __main__ - INFO - 	Finished converting image for hysteresis at D=450 nm and Ms=440 kA/m
2025/10/28 20:15:30 PM - __main__ - INFO - Running simulation for D=525 nm and Msat=260 kA/m
2025/10/28 20:32:17 PM - __main__ - INFO - 	 Simulation time=1006.77 s
2025/10/28 20:32:33 PM - __main__ - INFO - 	Finished converting image for hysteresis at D=525 nm and Ms=260 kA/m
2025/10/28 20:32:33 PM - __main__ - INFO - Running simulation for D=525 nm and Msat=280 kA/m
2025/10/28 20:44:28 PM - __main__ - INFO - 	 Simulation time=714.69 s
2025/10/28 20:44:43 PM - __main__ - INFO - 	Finished converting image for hysteresis at D=525 nm and Ms=280 kA/m
2025/10/28 20:44:43 PM - __main__ - INFO - Running simulation for D=525 nm and Msat=300 kA/m
2025/10/28 21:43:25 PM - __main__ - INFO - 	 Simulation time=3522.59 s
2025/10/28 21:43:41 PM - __main__ - INFO - 	Finished converting image for hysteresis at D=525 nm and Ms=300 kA/m
2025/10/28 21:43:41 PM - __main__ - INFO - Running simulation for D=525 nm and Msat=320 kA/m
2025/10/28 22:42:19 PM - __main__ - INFO - 	 Simulation time=3517.94 s
2025/10/28 22:42:33 PM - __main__ - INFO - 	Finished converting image for hysteresis at D=525 nm and Ms=320 kA/m
2025/10/28 22:42:33 PM - __main__ - INFO - Running simulation for D=525 nm and Msat=340 kA/m
2025/10/28 23:20:46 PM - __main__ - INFO - 	 Simulation time=2293.33 s
2025/10/28 23:21:03 PM - __main__ - INFO - 	Finished converting image for hysteresis at D=525 nm and Ms=340 kA/m
2025/10/28 23:21:03 PM - __main__ - INFO - Running simulation for D=525 nm and Msat=360 kA/m
2025/10/28 23:35:55 PM - __main__ - INFO - 	 Simulation time=892.13 s
2025/10/28 23:36:10 PM - __main__ - INFO - 	Finished converting image for hysteresis at D=525 nm and Ms=360 kA/m
2025/10/28 23:36:10 PM - __main__ - INFO - Running simulation for D=525 nm and Msat=380 kA/m
2025/10/29 00:27:16 AM - __main__ - INFO - 	 Simulation time=3066.04 s
2025/10/29 00:27:32 AM - __main__ - INFO - 	Finished converting image for hysteresis at D=525 nm and Ms=380 kA/m
2025/10/29 00:27:32 AM - __main__ - INFO - Running simulation for D=525 nm and Msat=400 kA/m
2025/10/29 00:52:27 AM - __main__ - INFO - 	 Simulation time=1495.75 s
2025/10/29 00:52:44 AM - __main__ - INFO - 	Finished converting image for hysteresis at D=525 nm and Ms=400 kA/m
2025/10/29 00:52:44 AM - __main__ - INFO - Running simulation for D=525 nm and Msat=420 kA/m
2025/10/29 01:38:11 AM - __main__ - INFO - 	 Simulation time=2727.57 s
2025/10/29 01:38:27 AM - __main__ - INFO - 	Finished converting image for hysteresis at D=525 nm and Ms=420 kA/m
2025/10/29 01:38:27 AM - __main__ - INFO - Running simulation for D=525 nm and Msat=440 kA/m
2025/10/29 02:33:54 AM - __main__ - INFO - 	 Simulation time=3327.62 s
2025/10/29 02:34:10 AM - __main__ - INFO - 	Finished converting image for hysteresis at D=525 nm and Ms=440 kA/m
2025/10/29 02:34:10 AM - __main__ - INFO - Running simulation for D=600 nm and Msat=260 kA/m
2025/10/29 02:55:58 AM - __main__ - INFO - 	 Simulation time=1308.25 s
2025/10/29 02:56:14 AM - __main__ - INFO - 	Finished converting image for hysteresis at D=600 nm and Ms=260 kA/m
2025/10/29 02:56:14 AM - __main__ - INFO - Running simulation for D=600 nm and Msat=280 kA/m
2025/10/29 03:10:03 AM - __main__ - INFO - 	 Simulation time=828.85 s
2025/10/29 03:10:18 AM - __main__ - INFO - 	Finished converting image for hysteresis at D=600 nm and Ms=280 kA/m
2025/10/29 03:10:18 AM - __main__ - INFO - Running simulation for D=600 nm and Msat=300 kA/m
2025/10/29 03:55:40 AM - __main__ - INFO - 	 Simulation time=2721.77 s
2025/10/29 03:55:55 AM - __main__ - INFO - 	Finished converting image for hysteresis at D=600 nm and Ms=300 kA/m
2025/10/29 03:55:55 AM - __main__ - INFO - Running simulation for D=600 nm and Msat=320 kA/m
2025/10/29 05:09:01 AM - __main__ - INFO - 	 Simulation time=4386.06 s
2025/10/29 05:09:17 AM - __main__ - INFO - 	Finished converting image for hysteresis at D=600 nm and Ms=320 kA/m
2025/10/29 05:09:17 AM - __main__ - INFO - Running simulation for D=600 nm and Msat=340 kA/m
2025/10/29 05:43:55 AM - __main__ - INFO - 	 Simulation time=2078.07 s
2025/10/29 05:44:10 AM - __main__ - INFO - 	Finished converting image for hysteresis at D=600 nm and Ms=340 kA/m
2025/10/29 05:44:10 AM - __main__ - INFO - Running simulation for D=600 nm and Msat=360 kA/m
2025/10/29 06:30:32 AM - __main__ - INFO - 	 Simulation time=2781.96 s
2025/10/29 06:30:46 AM - __main__ - INFO - 	Finished converting image for hysteresis at D=600 nm and Ms=360 kA/m
2025/10/29 06:30:46 AM - __main__ - INFO - Running simulation for D=600 nm and Msat=380 kA/m
2025/10/29 06:49:32 AM - __main__ - INFO - 	 Simulation time=1125.57 s
2025/10/29 06:49:47 AM - __main__ - INFO - 	Finished converting image for hysteresis at D=600 nm and Ms=380 kA/m
2025/10/29 06:49:47 AM - __main__ - INFO - Running simulation for D=600 nm and Msat=400 kA/m
2025/10/29 07:43:43 AM - __main__ - INFO - 	 Simulation time=3236.54 s
2025/10/29 07:43:59 AM - __main__ - INFO - 	Finished converting image for hysteresis at D=600 nm and Ms=400 kA/m
2025/10/29 07:43:59 AM - __main__ - INFO - Running simulation for D=600 nm and Msat=420 kA/m
2025/10/29 08:27:04 AM - __main__ - INFO - 	 Simulation time=2585.24 s
2025/10/29 08:27:21 AM - __main__ - INFO - 	Finished converting image for hysteresis at D=600 nm and Ms=420 kA/m
2025/10/29 08:27:21 AM - __main__ - INFO - Running simulation for D=600 nm and Msat=440 kA/m
2025/10/29 10:14:29 AM - __main__ - INFO - 	 Simulation time=6428.25 s
2025/10/29 10:14:45 AM - __main__ - INFO - 	Finished converting image for hysteresis at D=600 nm and Ms=440 kA/m
2025/10/29 10:14:45 AM - __main__ - INFO - Running simulation for D=675 nm and Msat=260 kA/m
2025/10/29 10:28:31 AM - __main__ - INFO - 	 Simulation time=826.03 s
2025/10/29 10:28:49 AM - __main__ - INFO - 	Finished converting image for hysteresis at D=675 nm and Ms=260 kA/m
2025/10/29 10:28:49 AM - __main__ - INFO - Running simulation for D=675 nm and Msat=280 kA/m
2025/10/29 11:29:16 AM - __main__ - INFO - 	 Simulation time=3626.56 s
2025/10/29 11:29:29 AM - __main__ - INFO - 	Finished converting image for hysteresis at D=675 nm and Ms=280 kA/m
2025/10/29 11:29:29 AM - __main__ - INFO - Running simulation for D=675 nm and Msat=300 kA/m
2025/10/29 11:50:15 AM - __main__ - INFO - 	 Simulation time=1246.08 s
2025/10/29 11:50:27 AM - __main__ - INFO - 	Finished converting image for hysteresis at D=675 nm and Ms=300 kA/m
2025/10/29 11:50:27 AM - __main__ - INFO - Running simulation for D=675 nm and Msat=320 kA/m
2025/10/29 12:59:42 PM - __main__ - INFO - 	 Simulation time=4154.69 s
2025/10/29 12:59:55 PM - __main__ - INFO - 	Finished converting image for hysteresis at D=675 nm and Ms=320 kA/m
2025/10/29 12:59:55 PM - __main__ - INFO - Running simulation for D=675 nm and Msat=340 kA/m
2025/10/29 13:36:32 PM - __main__ - INFO - 	 Simulation time=2197.58 s
2025/10/29 13:36:46 PM - __main__ - INFO - 	Finished converting image for hysteresis at D=675 nm and Ms=340 kA/m
2025/10/29 13:36:46 PM - __main__ - INFO - Running simulation for D=675 nm and Msat=360 kA/m
2025/10/29 14:07:52 PM - __main__ - INFO - 	 Simulation time=1866.60 s
2025/10/29 14:08:05 PM - __main__ - INFO - 	Finished converting image for hysteresis at D=675 nm and Ms=360 kA/m
2025/10/29 14:08:05 PM - __main__ - INFO - Running simulation for D=675 nm and Msat=380 kA/m
2025/10/29 14:52:47 PM - __main__ - INFO - 	 Simulation time=2681.83 s
2025/10/29 14:53:00 PM - __main__ - INFO - 	Finished converting image for hysteresis at D=675 nm and Ms=380 kA/m
2025/10/29 14:53:00 PM - __main__ - INFO - Running simulation for D=675 nm and Msat=400 kA/m
2025/10/29 15:48:28 PM - __main__ - INFO - 	 Simulation time=3327.65 s
2025/10/29 15:48:41 PM - __main__ - INFO - 	Finished converting image for hysteresis at D=675 nm and Ms=400 kA/m
2025/10/29 15:48:41 PM - __main__ - INFO - Running simulation for D=675 nm and Msat=420 kA/m
2025/10/29 16:33:42 PM - __main__ - INFO - 	 Simulation time=2701.43 s
2025/10/29 16:34:01 PM - __main__ - INFO - 	Finished converting image for hysteresis at D=675 nm and Ms=420 kA/m
2025/10/29 16:34:01 PM - __main__ - INFO - Running simulation for D=675 nm and Msat=440 kA/m
2025/10/29 17:36:24 PM - __main__ - INFO - 	 Simulation time=3742.40 s
2025/10/29 17:36:37 PM - __main__ - INFO - 	Finished converting image for hysteresis at D=675 nm and Ms=440 kA/m
2025/10/29 17:36:37 PM - __main__ - INFO - Running simulation for D=750 nm and Msat=260 kA/m
2025/10/29 18:57:28 PM - __main__ - INFO - 	 Simulation time=4851.36 s
2025/10/29 18:57:41 PM - __main__ - INFO - 	Finished converting image for hysteresis at D=750 nm and Ms=260 kA/m
2025/10/29 18:57:41 PM - __main__ - INFO - Running simulation for D=750 nm and Msat=280 kA/m
2025/10/29 19:33:57 PM - __main__ - INFO - 	 Simulation time=2175.59 s
2025/10/29 19:34:10 PM - __main__ - INFO - 	Finished converting image for hysteresis at D=750 nm and Ms=280 kA/m
2025/10/29 19:34:10 PM - __main__ - INFO - Running simulation for D=750 nm and Msat=300 kA/m
2025/10/29 20:56:41 PM - __main__ - INFO - 	 Simulation time=4950.26 s
2025/10/29 20:56:54 PM - __main__ - INFO - 	Finished converting image for hysteresis at D=750 nm and Ms=300 kA/m
2025/10/29 20:56:54 PM - __main__ - INFO - Running simulation for D=750 nm and Msat=320 kA/m
2025/10/29 21:55:59 PM - __main__ - INFO - 	 Simulation time=3545.49 s
2025/10/29 21:56:13 PM - __main__ - INFO - 	Finished converting image for hysteresis at D=750 nm and Ms=320 kA/m
2025/10/29 21:56:13 PM - __main__ - INFO - Running simulation for D=750 nm and Msat=340 kA/m
2025/10/29 22:40:35 PM - __main__ - INFO - 	 Simulation time=2662.42 s
2025/10/29 22:40:48 PM - __main__ - INFO - 	Finished converting image for hysteresis at D=750 nm and Ms=340 kA/m
2025/10/29 22:40:48 PM - __main__ - INFO - Running simulation for D=750 nm and Msat=360 kA/m
2025/10/30 00:02:31 AM - __main__ - INFO - 	 Simulation time=4902.96 s
2025/10/30 00:02:44 AM - __main__ - INFO - 	Finished converting image for hysteresis at D=750 nm and Ms=360 kA/m
2025/10/30 00:02:44 AM - __main__ - INFO - Running simulation for D=750 nm and Msat=380 kA/m
2025/10/30 01:02:15 AM - __main__ - INFO - 	 Simulation time=3570.84 s
2025/10/30 01:02:28 AM - __main__ - INFO - 	Finished converting image for hysteresis at D=750 nm and Ms=380 kA/m
2025/10/30 01:02:28 AM - __main__ - INFO - Running simulation for D=750 nm and Msat=400 kA/m
2025/10/30 03:23:35 AM - __main__ - INFO - 	 Simulation time=8466.66 s
2025/10/30 03:23:49 AM - __main__ - INFO - 	Finished converting image for hysteresis at D=750 nm and Ms=400 kA/m
2025/10/30 03:23:49 AM - __main__ - INFO - Running simulation for D=750 nm and Msat=420 kA/m
2025/10/30 04:30:37 AM - __main__ - INFO - 	 Simulation time=4008.07 s
2025/10/30 04:30:50 AM - __main__ - INFO - 	Finished converting image for hysteresis at D=750 nm and Ms=420 kA/m
2025/10/30 04:30:50 AM - __main__ - INFO - Running simulation for D=750 nm and Msat=440 kA/m
2025/10/30 05:41:17 AM - __main__ - INFO - 	 Simulation time=4226.54 s
2025/10/30 05:41:30 AM - __main__ - INFO - 	Finished converting image for hysteresis at D=750 nm and Ms=440 kA/m
2025/10/30 05:41:30 AM - __main__ - INFO - ---FOR Ku = 0.2 MJ/m3---
2025/10/30 05:41:30 AM - __main__ - INFO - Running simulation for D=150 nm and Msat=260 kA/m
2025/10/30 05:41:35 AM - __main__ - INFO - 	 Simulation time=4.96 s
2025/10/30 05:41:45 AM - __main__ - INFO - 	Finished converting image for hysteresis at D=150 nm and Ms=260 kA/m
2025/10/30 05:41:45 AM - __main__ - INFO - Running simulation for D=150 nm and Msat=280 kA/m
2025/10/30 05:41:50 AM - __main__ - INFO - 	 Simulation time=5.12 s
2025/10/30 05:41:59 AM - __main__ - INFO - 	Finished converting image for hysteresis at D=150 nm and Ms=280 kA/m
2025/10/30 05:41:59 AM - __main__ - INFO - Running simulation for D=150 nm and Msat=300 kA/m
2025/10/30 05:42:08 AM - __main__ - INFO - 	 Simulation time=8.98 s
2025/10/30 05:42:18 AM - __main__ - INFO - 	Finished converting image for hysteresis at D=150 nm and Ms=300 kA/m
2025/10/30 05:42:18 AM - __main__ - INFO - Running simulation for D=150 nm and Msat=320 kA/m
2025/10/30 05:42:26 AM - __main__ - INFO - 	 Simulation time=7.92 s
2025/10/30 05:42:35 AM - __main__ - INFO - 	Finished converting image for hysteresis at D=150 nm and Ms=320 kA/m
2025/10/30 05:42:35 AM - __main__ - INFO - Running simulation for D=150 nm and Msat=340 kA/m
2025/10/30 05:42:44 AM - __main__ - INFO - 	 Simulation time=8.73 s
2025/10/30 05:42:54 AM - __main__ - INFO - 	Finished converting image for hysteresis at D=150 nm and Ms=340 kA/m
2025/10/30 05:42:54 AM - __main__ - INFO - Running simulation for D=150 nm and Msat=360 kA/m
2025/10/30 05:43:10 AM - __main__ - INFO - 	 Simulation time=16.18 s
2025/10/30 05:43:19 AM - __main__ - INFO - 	Finished converting image for hysteresis at D=150 nm and Ms=360 kA/m
2025/10/30 05:43:19 AM - __main__ - INFO - Running simulation for D=150 nm and Msat=380 kA/m
2025/10/30 05:43:32 AM - __main__ - INFO - 	 Simulation time=12.92 s
2025/10/30 05:43:42 AM - __main__ - INFO - 	Finished converting image for hysteresis at D=150 nm and Ms=380 kA/m
2025/10/30 05:43:42 AM - __main__ - INFO - Running simulation for D=150 nm and Msat=400 kA/m
2025/10/30 05:44:04 AM - __main__ - INFO - 	 Simulation time=22.14 s
2025/10/30 05:44:14 AM - __main__ - INFO - 	Finished converting image for hysteresis at D=150 nm and Ms=400 kA/m
2025/10/30 05:44:14 AM - __main__ - INFO - Running simulation for D=150 nm and Msat=420 kA/m
2025/10/30 05:44:25 AM - __main__ - INFO - 	 Simulation time=11.55 s
2025/10/30 05:44:35 AM - __main__ - INFO - 	Finished converting image for hysteresis at D=150 nm and Ms=420 kA/m
2025/10/30 05:44:35 AM - __main__ - INFO - Running simulation for D=150 nm and Msat=440 kA/m
2025/10/30 05:44:50 AM - __main__ - INFO - 	 Simulation time=15.60 s
2025/10/30 05:45:00 AM - __main__ - INFO - 	Finished converting image for hysteresis at D=150 nm and Ms=440 kA/m
2025/10/30 05:45:00 AM - __main__ - INFO - Running simulation for D=225 nm and Msat=260 kA/m
2025/10/30 05:45:05 AM - __main__ - INFO - 	 Simulation time=5.00 s
2025/10/30 05:45:15 AM - __main__ - INFO - 	Finished converting image for hysteresis at D=225 nm and Ms=260 kA/m
2025/10/30 05:45:15 AM - __main__ - INFO - Running simulation for D=225 nm and Msat=280 kA/m
2025/10/30 05:45:20 AM - __main__ - INFO - 	 Simulation time=5.37 s
2025/10/30 05:45:30 AM - __main__ - INFO - 	Finished converting image for hysteresis at D=225 nm and Ms=280 kA/m
2025/10/30 05:45:30 AM - __main__ - INFO - Running simulation for D=225 nm and Msat=300 kA/m
2025/10/30 05:45:36 AM - __main__ - INFO - 	 Simulation time=6.54 s
2025/10/30 05:45:46 AM - __main__ - INFO - 	Finished converting image for hysteresis at D=225 nm and Ms=300 kA/m
2025/10/30 05:45:46 AM - __main__ - INFO - Running simulation for D=225 nm and Msat=320 kA/m
2025/10/30 05:45:54 AM - __main__ - INFO - 	 Simulation time=7.82 s
2025/10/30 05:46:04 AM - __main__ - INFO - 	Finished converting image for hysteresis at D=225 nm and Ms=320 kA/m
2025/10/30 05:46:04 AM - __main__ - INFO - Running simulation for D=225 nm and Msat=340 kA/m
2025/10/30 05:46:15 AM - __main__ - INFO - 	 Simulation time=11.89 s
2025/10/30 05:46:25 AM - __main__ - INFO - 	Finished converting image for hysteresis at D=225 nm and Ms=340 kA/m
2025/10/30 05:46:25 AM - __main__ - INFO - Running simulation for D=225 nm and Msat=360 kA/m
2025/10/30 05:46:54 AM - __main__ - INFO - 	 Simulation time=29.20 s
2025/10/30 05:47:04 AM - __main__ - INFO - 	Finished converting image for hysteresis at D=225 nm and Ms=360 kA/m
2025/10/30 05:47:04 AM - __main__ - INFO - Running simulation for D=225 nm and Msat=380 kA/m
2025/10/30 05:47:17 AM - __main__ - INFO - 	 Simulation time=12.47 s
2025/10/30 05:47:26 AM - __main__ - INFO - 	Finished converting image for hysteresis at D=225 nm and Ms=380 kA/m
2025/10/30 05:47:26 AM - __main__ - INFO - Running simulation for D=225 nm and Msat=400 kA/m
2025/10/30 05:47:54 AM - __main__ - INFO - 	 Simulation time=27.18 s
2025/10/30 05:48:03 AM - __main__ - INFO - 	Finished converting image for hysteresis at D=225 nm and Ms=400 kA/m
2025/10/30 05:48:03 AM - __main__ - INFO - Running simulation for D=225 nm and Msat=420 kA/m
2025/10/30 05:48:19 AM - __main__ - INFO - 	 Simulation time=15.15 s
2025/10/30 05:48:28 AM - __main__ - INFO - 	Finished converting image for hysteresis at D=225 nm and Ms=420 kA/m
2025/10/30 05:48:28 AM - __main__ - INFO - Running simulation for D=225 nm and Msat=440 kA/m
2025/10/30 05:50:32 AM - __main__ - INFO - 	 Simulation time=123.74 s
2025/10/30 05:50:42 AM - __main__ - INFO - 	Finished converting image for hysteresis at D=225 nm and Ms=440 kA/m
2025/10/30 05:50:42 AM - __main__ - INFO - Running simulation for D=300 nm and Msat=260 kA/m
2025/10/30 05:50:47 AM - __main__ - INFO - 	 Simulation time=4.86 s
2025/10/30 05:50:56 AM - __main__ - INFO - 	Finished converting image for hysteresis at D=300 nm and Ms=260 kA/m
2025/10/30 05:50:56 AM - __main__ - INFO - Running simulation for D=300 nm and Msat=280 kA/m
2025/10/30 05:51:02 AM - __main__ - INFO - 	 Simulation time=5.26 s
2025/10/30 05:51:11 AM - __main__ - INFO - 	Finished converting image for hysteresis at D=300 nm and Ms=280 kA/m
2025/10/30 05:51:11 AM - __main__ - INFO - Running simulation for D=300 nm and Msat=300 kA/m
2025/10/30 05:51:18 AM - __main__ - INFO - 	 Simulation time=7.03 s
2025/10/30 05:51:28 AM - __main__ - INFO - 	Finished converting image for hysteresis at D=300 nm and Ms=300 kA/m
2025/10/30 05:51:28 AM - __main__ - INFO - Running simulation for D=300 nm and Msat=320 kA/m
2025/10/30 05:51:36 AM - __main__ - INFO - 	 Simulation time=7.58 s
2025/10/30 05:51:45 AM - __main__ - INFO - 	Finished converting image for hysteresis at D=300 nm and Ms=320 kA/m
2025/10/30 05:51:45 AM - __main__ - INFO - Running simulation for D=300 nm and Msat=340 kA/m
2025/10/30 05:51:59 AM - __main__ - INFO - 	 Simulation time=13.69 s
2025/10/30 05:52:09 AM - __main__ - INFO - 	Finished converting image for hysteresis at D=300 nm and Ms=340 kA/m
2025/10/30 05:52:09 AM - __main__ - INFO - Running simulation for D=300 nm and Msat=360 kA/m
2025/10/30 05:52:22 AM - __main__ - INFO - 	 Simulation time=13.55 s
2025/10/30 05:52:32 AM - __main__ - INFO - 	Finished converting image for hysteresis at D=300 nm and Ms=360 kA/m
2025/10/30 05:52:32 AM - __main__ - INFO - Running simulation for D=300 nm and Msat=380 kA/m
2025/10/30 05:52:48 AM - __main__ - INFO - 	 Simulation time=16.12 s
2025/10/30 05:52:58 AM - __main__ - INFO - 	Finished converting image for hysteresis at D=300 nm and Ms=380 kA/m
2025/10/30 05:52:58 AM - __main__ - INFO - Running simulation for D=300 nm and Msat=400 kA/m
2025/10/30 05:53:16 AM - __main__ - INFO - 	 Simulation time=18.31 s
2025/10/30 05:53:26 AM - __main__ - INFO - 	Finished converting image for hysteresis at D=300 nm and Ms=400 kA/m
2025/10/30 05:53:26 AM - __main__ - INFO - Running simulation for D=300 nm and Msat=420 kA/m
2025/10/30 05:53:44 AM - __main__ - INFO - 	 Simulation time=17.95 s
2025/10/30 05:53:54 AM - __main__ - INFO - 	Finished converting image for hysteresis at D=300 nm and Ms=420 kA/m
2025/10/30 05:53:54 AM - __main__ - INFO - Running simulation for D=300 nm and Msat=440 kA/m
2025/10/30 05:54:35 AM - __main__ - INFO - 	 Simulation time=40.83 s
2025/10/30 05:54:44 AM - __main__ - INFO - 	Finished converting image for hysteresis at D=300 nm and Ms=440 kA/m
2025/10/30 05:54:44 AM - __main__ - INFO - Running simulation for D=375 nm and Msat=260 kA/m
2025/10/30 05:54:50 AM - __main__ - INFO - 	 Simulation time=5.54 s
2025/10/30 05:55:00 AM - __main__ - INFO - 	Finished converting image for hysteresis at D=375 nm and Ms=260 kA/m
2025/10/30 05:55:00 AM - __main__ - INFO - Running simulation for D=375 nm and Msat=280 kA/m
2025/10/30 05:55:06 AM - __main__ - INFO - 	 Simulation time=5.63 s
2025/10/30 05:55:15 AM - __main__ - INFO - 	Finished converting image for hysteresis at D=375 nm and Ms=280 kA/m
2025/10/30 05:55:15 AM - __main__ - INFO - Running simulation for D=375 nm and Msat=300 kA/m
2025/10/30 05:55:26 AM - __main__ - INFO - 	 Simulation time=10.50 s
2025/10/30 05:55:36 AM - __main__ - INFO - 	Finished converting image for hysteresis at D=375 nm and Ms=300 kA/m
2025/10/30 05:55:36 AM - __main__ - INFO - Running simulation for D=375 nm and Msat=320 kA/m
2025/10/30 05:55:46 AM - __main__ - INFO - 	 Simulation time=10.20 s
2025/10/30 05:55:56 AM - __main__ - INFO - 	Finished converting image for hysteresis at D=375 nm and Ms=320 kA/m
2025/10/30 05:55:56 AM - __main__ - INFO - Running simulation for D=375 nm and Msat=340 kA/m
2025/10/30 05:56:07 AM - __main__ - INFO - 	 Simulation time=11.41 s
2025/10/30 05:56:17 AM - __main__ - INFO - 	Finished converting image for hysteresis at D=375 nm and Ms=340 kA/m
2025/10/30 05:56:17 AM - __main__ - INFO - Running simulation for D=375 nm and Msat=360 kA/m
2025/10/30 05:56:30 AM - __main__ - INFO - 	 Simulation time=12.87 s
2025/10/30 05:56:40 AM - __main__ - INFO - 	Finished converting image for hysteresis at D=375 nm and Ms=360 kA/m
2025/10/30 05:56:40 AM - __main__ - INFO - Running simulation for D=375 nm and Msat=380 kA/m
2025/10/30 05:56:58 AM - __main__ - INFO - 	 Simulation time=18.06 s
2025/10/30 05:57:08 AM - __main__ - INFO - 	Finished converting image for hysteresis at D=375 nm and Ms=380 kA/m
2025/10/30 05:57:08 AM - __main__ - INFO - Running simulation for D=375 nm and Msat=400 kA/m
2025/10/30 05:57:26 AM - __main__ - INFO - 	 Simulation time=17.63 s
2025/10/30 05:57:36 AM - __main__ - INFO - 	Finished converting image for hysteresis at D=375 nm and Ms=400 kA/m
2025/10/30 05:57:36 AM - __main__ - INFO - Running simulation for D=375 nm and Msat=420 kA/m
2025/10/30 05:57:52 AM - __main__ - INFO - 	 Simulation time=16.25 s
2025/10/30 05:58:02 AM - __main__ - INFO - 	Finished converting image for hysteresis at D=375 nm and Ms=420 kA/m
2025/10/30 05:58:02 AM - __main__ - INFO - Running simulation for D=375 nm and Msat=440 kA/m
2025/10/30 05:58:43 AM - __main__ - INFO - 	 Simulation time=40.75 s
2025/10/30 05:58:53 AM - __main__ - INFO - 	Finished converting image for hysteresis at D=375 nm and Ms=440 kA/m
2025/10/30 05:58:53 AM - __main__ - INFO - Running simulation for D=450 nm and Msat=260 kA/m
2025/10/30 05:58:58 AM - __main__ - INFO - 	 Simulation time=5.18 s
2025/10/30 05:59:09 AM - __main__ - INFO - 	Finished converting image for hysteresis at D=450 nm and Ms=260 kA/m
2025/10/30 05:59:09 AM - __main__ - INFO - Running simulation for D=450 nm and Msat=280 kA/m
2025/10/30 05:59:15 AM - __main__ - INFO - 	 Simulation time=5.34 s
2025/10/30 05:59:26 AM - __main__ - INFO - 	Finished converting image for hysteresis at D=450 nm and Ms=280 kA/m
2025/10/30 05:59:26 AM - __main__ - INFO - Running simulation for D=450 nm and Msat=300 kA/m
2025/10/30 05:59:36 AM - __main__ - INFO - 	 Simulation time=9.83 s
2025/10/30 05:59:47 AM - __main__ - INFO - 	Finished converting image for hysteresis at D=450 nm and Ms=300 kA/m
2025/10/30 05:59:47 AM - __main__ - INFO - Running simulation for D=450 nm and Msat=320 kA/m
2025/10/30 05:59:58 AM - __main__ - INFO - 	 Simulation time=10.70 s
2025/10/30 06:00:09 AM - __main__ - INFO - 	Finished converting image for hysteresis at D=450 nm and Ms=320 kA/m
2025/10/30 06:00:09 AM - __main__ - INFO - Running simulation for D=450 nm and Msat=340 kA/m
2025/10/30 06:00:20 AM - __main__ - INFO - 	 Simulation time=11.13 s
2025/10/30 06:00:32 AM - __main__ - INFO - 	Finished converting image for hysteresis at D=450 nm and Ms=340 kA/m
2025/10/30 06:00:32 AM - __main__ - INFO - Running simulation for D=450 nm and Msat=360 kA/m
2025/10/30 06:00:52 AM - __main__ - INFO - 	 Simulation time=20.68 s
2025/10/30 06:01:04 AM - __main__ - INFO - 	Finished converting image for hysteresis at D=450 nm and Ms=360 kA/m
2025/10/30 06:01:04 AM - __main__ - INFO - Running simulation for D=450 nm and Msat=380 kA/m
2025/10/30 06:01:18 AM - __main__ - INFO - 	 Simulation time=14.60 s
2025/10/30 06:01:30 AM - __main__ - INFO - 	Finished converting image for hysteresis at D=450 nm and Ms=380 kA/m
2025/10/30 06:01:30 AM - __main__ - INFO - Running simulation for D=450 nm and Msat=400 kA/m
2025/10/30 06:01:46 AM - __main__ - INFO - 	 Simulation time=16.24 s
2025/10/30 06:01:58 AM - __main__ - INFO - 	Finished converting image for hysteresis at D=450 nm and Ms=400 kA/m
2025/10/30 06:01:58 AM - __main__ - INFO - Running simulation for D=450 nm and Msat=420 kA/m
2025/10/30 06:02:40 AM - __main__ - INFO - 	 Simulation time=42.36 s
2025/10/30 06:02:51 AM - __main__ - INFO - 	Finished converting image for hysteresis at D=450 nm and Ms=420 kA/m
2025/10/30 06:02:51 AM - __main__ - INFO - Running simulation for D=450 nm and Msat=440 kA/m
2025/10/30 06:03:26 AM - __main__ - INFO - 	 Simulation time=34.89 s
2025/10/30 06:03:38 AM - __main__ - INFO - 	Finished converting image for hysteresis at D=450 nm and Ms=440 kA/m
2025/10/30 06:03:38 AM - __main__ - INFO - Running simulation for D=525 nm and Msat=260 kA/m
2025/10/30 06:03:43 AM - __main__ - INFO - 	 Simulation time=5.28 s
2025/10/30 06:03:54 AM - __main__ - INFO - 	Finished converting image for hysteresis at D=525 nm and Ms=260 kA/m
2025/10/30 06:03:54 AM - __main__ - INFO - Running simulation for D=525 nm and Msat=280 kA/m
2025/10/30 06:04:00 AM - __main__ - INFO - 	 Simulation time=5.81 s
2025/10/30 06:04:11 AM - __main__ - INFO - 	Finished converting image for hysteresis at D=525 nm and Ms=280 kA/m
2025/10/30 06:04:11 AM - __main__ - INFO - Running simulation for D=525 nm and Msat=300 kA/m
2025/10/30 06:04:20 AM - __main__ - INFO - 	 Simulation time=8.90 s
2025/10/30 06:04:32 AM - __main__ - INFO - 	Finished converting image for hysteresis at D=525 nm and Ms=300 kA/m
2025/10/30 06:04:32 AM - __main__ - INFO - Running simulation for D=525 nm and Msat=320 kA/m
2025/10/30 06:04:40 AM - __main__ - INFO - 	 Simulation time=8.35 s
2025/10/30 06:04:51 AM - __main__ - INFO - 	Finished converting image for hysteresis at D=525 nm and Ms=320 kA/m
2025/10/30 06:04:51 AM - __main__ - INFO - Running simulation for D=525 nm and Msat=340 kA/m
2025/10/30 06:05:07 AM - __main__ - INFO - 	 Simulation time=15.83 s
2025/10/30 06:05:18 AM - __main__ - INFO - 	Finished converting image for hysteresis at D=525 nm and Ms=340 kA/m
2025/10/30 06:05:18 AM - __main__ - INFO - Running simulation for D=525 nm and Msat=360 kA/m
2025/10/30 06:08:49 AM - __main__ - INFO - 	 Simulation time=210.88 s
2025/10/30 06:09:01 AM - __main__ - INFO - 	Finished converting image for hysteresis at D=525 nm and Ms=360 kA/m
2025/10/30 06:09:01 AM - __main__ - INFO - Running simulation for D=525 nm and Msat=380 kA/m
2025/10/30 06:09:15 AM - __main__ - INFO - 	 Simulation time=14.81 s
2025/10/30 06:09:27 AM - __main__ - INFO - 	Finished converting image for hysteresis at D=525 nm and Ms=380 kA/m
2025/10/30 06:09:27 AM - __main__ - INFO - Running simulation for D=525 nm and Msat=400 kA/m
2025/10/30 06:09:45 AM - __main__ - INFO - 	 Simulation time=18.30 s
2025/10/30 06:09:56 AM - __main__ - INFO - 	Finished converting image for hysteresis at D=525 nm and Ms=400 kA/m
2025/10/30 06:09:56 AM - __main__ - INFO - Running simulation for D=525 nm and Msat=420 kA/m
2025/10/30 06:10:21 AM - __main__ - INFO - 	 Simulation time=25.00 s
2025/10/30 06:10:33 AM - __main__ - INFO - 	Finished converting image for hysteresis at D=525 nm and Ms=420 kA/m
2025/10/30 06:10:33 AM - __main__ - INFO - Running simulation for D=525 nm and Msat=440 kA/m
2025/10/30 06:11:14 AM - __main__ - INFO - 	 Simulation time=41.23 s
2025/10/30 06:11:26 AM - __main__ - INFO - 	Finished converting image for hysteresis at D=525 nm and Ms=440 kA/m
2025/10/30 06:11:26 AM - __main__ - INFO - Running simulation for D=600 nm and Msat=260 kA/m
2025/10/30 06:11:31 AM - __main__ - INFO - 	 Simulation time=5.38 s
2025/10/30 06:11:43 AM - __main__ - INFO - 	Finished converting image for hysteresis at D=600 nm and Ms=260 kA/m
2025/10/30 06:11:43 AM - __main__ - INFO - Running simulation for D=600 nm and Msat=280 kA/m
2025/10/30 06:11:48 AM - __main__ - INFO - 	 Simulation time=5.72 s
2025/10/30 06:12:00 AM - __main__ - INFO - 	Finished converting image for hysteresis at D=600 nm and Ms=280 kA/m
2025/10/30 06:12:00 AM - __main__ - INFO - Running simulation for D=600 nm and Msat=300 kA/m
2025/10/30 06:12:26 AM - __main__ - INFO - 	 Simulation time=26.34 s
2025/10/30 06:12:38 AM - __main__ - INFO - 	Finished converting image for hysteresis at D=600 nm and Ms=300 kA/m
2025/10/30 06:12:38 AM - __main__ - INFO - Running simulation for D=600 nm and Msat=320 kA/m
2025/10/30 06:12:49 AM - __main__ - INFO - 	 Simulation time=11.24 s
2025/10/30 06:13:01 AM - __main__ - INFO - 	Finished converting image for hysteresis at D=600 nm and Ms=320 kA/m
2025/10/30 06:13:01 AM - __main__ - INFO - Running simulation for D=600 nm and Msat=340 kA/m
2025/10/30 06:13:14 AM - __main__ - INFO - 	 Simulation time=13.19 s
2025/10/30 06:13:26 AM - __main__ - INFO - 	Finished converting image for hysteresis at D=600 nm and Ms=340 kA/m
2025/10/30 06:13:26 AM - __main__ - INFO - Running simulation for D=600 nm and Msat=360 kA/m
2025/10/30 06:22:24 AM - __main__ - INFO - 	 Simulation time=538.36 s
2025/10/30 06:22:37 AM - __main__ - INFO - 	Finished converting image for hysteresis at D=600 nm and Ms=360 kA/m
2025/10/30 06:22:37 AM - __main__ - INFO - Running simulation for D=600 nm and Msat=380 kA/m
2025/10/30 06:22:54 AM - __main__ - INFO - 	 Simulation time=16.90 s
2025/10/30 06:23:05 AM - __main__ - INFO - 	Finished converting image for hysteresis at D=600 nm and Ms=380 kA/m
2025/10/30 06:23:05 AM - __main__ - INFO - Running simulation for D=600 nm and Msat=400 kA/m
2025/10/30 06:23:26 AM - __main__ - INFO - 	 Simulation time=20.96 s
2025/10/30 06:23:38 AM - __main__ - INFO - 	Finished converting image for hysteresis at D=600 nm and Ms=400 kA/m
2025/10/30 06:23:38 AM - __main__ - INFO - Running simulation for D=600 nm and Msat=420 kA/m
2025/10/30 06:24:02 AM - __main__ - INFO - 	 Simulation time=23.74 s
2025/10/30 06:24:14 AM - __main__ - INFO - 	Finished converting image for hysteresis at D=600 nm and Ms=420 kA/m
2025/10/30 06:24:14 AM - __main__ - INFO - Running simulation for D=600 nm and Msat=440 kA/m
2025/10/30 06:24:56 AM - __main__ - INFO - 	 Simulation time=42.59 s
2025/10/30 06:25:08 AM - __main__ - INFO - 	Finished converting image for hysteresis at D=600 nm and Ms=440 kA/m
2025/10/30 06:25:08 AM - __main__ - INFO - Running simulation for D=675 nm and Msat=260 kA/m
2025/10/30 06:25:14 AM - __main__ - INFO - 	 Simulation time=6.23 s
2025/10/30 06:25:26 AM - __main__ - INFO - 	Finished converting image for hysteresis at D=675 nm and Ms=260 kA/m
2025/10/30 06:25:26 AM - __main__ - INFO - Running simulation for D=675 nm and Msat=280 kA/m
2025/10/30 06:25:33 AM - __main__ - INFO - 	 Simulation time=6.91 s
2025/10/30 06:25:46 AM - __main__ - INFO - 	Finished converting image for hysteresis at D=675 nm and Ms=280 kA/m
2025/10/30 06:25:46 AM - __main__ - INFO - Running simulation for D=675 nm and Msat=300 kA/m
2025/10/30 06:26:01 AM - __main__ - INFO - 	 Simulation time=15.46 s
2025/10/30 06:26:14 AM - __main__ - INFO - 	Finished converting image for hysteresis at D=675 nm and Ms=300 kA/m
2025/10/30 06:26:14 AM - __main__ - INFO - Running simulation for D=675 nm and Msat=320 kA/m
2025/10/30 06:26:26 AM - __main__ - INFO - 	 Simulation time=12.48 s
2025/10/30 06:26:39 AM - __main__ - INFO - 	Finished converting image for hysteresis at D=675 nm and Ms=320 kA/m
2025/10/30 06:26:39 AM - __main__ - INFO - Running simulation for D=675 nm and Msat=340 kA/m
2025/10/30 06:26:52 AM - __main__ - INFO - 	 Simulation time=13.82 s
2025/10/30 06:27:05 AM - __main__ - INFO - 	Finished converting image for hysteresis at D=675 nm and Ms=340 kA/m
2025/10/30 06:27:05 AM - __main__ - INFO - Running simulation for D=675 nm and Msat=360 kA/m
2025/10/30 06:27:22 AM - __main__ - INFO - 	 Simulation time=17.62 s
2025/10/30 06:27:35 AM - __main__ - INFO - 	Finished converting image for hysteresis at D=675 nm and Ms=360 kA/m
2025/10/30 06:27:35 AM - __main__ - INFO - Running simulation for D=675 nm and Msat=380 kA/m
2025/10/30 06:27:54 AM - __main__ - INFO - 	 Simulation time=19.41 s
2025/10/30 06:28:07 AM - __main__ - INFO - 	Finished converting image for hysteresis at D=675 nm and Ms=380 kA/m
2025/10/30 06:28:07 AM - __main__ - INFO - Running simulation for D=675 nm and Msat=400 kA/m
2025/10/30 06:28:27 AM - __main__ - INFO - 	 Simulation time=20.50 s
2025/10/30 06:28:39 AM - __main__ - INFO - 	Finished converting image for hysteresis at D=675 nm and Ms=400 kA/m
2025/10/30 06:28:39 AM - __main__ - INFO - Running simulation for D=675 nm and Msat=420 kA/m
2025/10/30 06:29:09 AM - __main__ - INFO - 	 Simulation time=29.10 s
2025/10/30 06:29:21 AM - __main__ - INFO - 	Finished converting image for hysteresis at D=675 nm and Ms=420 kA/m
2025/10/30 06:29:21 AM - __main__ - INFO - Running simulation for D=675 nm and Msat=440 kA/m
2025/10/30 06:30:08 AM - __main__ - INFO - 	 Simulation time=46.58 s
2025/10/30 06:30:20 AM - __main__ - INFO - 	Finished converting image for hysteresis at D=675 nm and Ms=440 kA/m
2025/10/30 06:30:20 AM - __main__ - INFO - Running simulation for D=750 nm and Msat=260 kA/m
2025/10/30 06:30:26 AM - __main__ - INFO - 	 Simulation time=5.86 s
2025/10/30 06:30:38 AM - __main__ - INFO - 	Finished converting image for hysteresis at D=750 nm and Ms=260 kA/m
2025/10/30 06:30:38 AM - __main__ - INFO - Running simulation for D=750 nm and Msat=280 kA/m
2025/10/30 06:30:45 AM - __main__ - INFO - 	 Simulation time=6.38 s
2025/10/30 06:30:57 AM - __main__ - INFO - 	Finished converting image for hysteresis at D=750 nm and Ms=280 kA/m
2025/10/30 06:30:57 AM - __main__ - INFO - Running simulation for D=750 nm and Msat=300 kA/m
2025/10/30 06:31:40 AM - __main__ - INFO - 	 Simulation time=42.61 s
2025/10/30 06:31:53 AM - __main__ - INFO - 	Finished converting image for hysteresis at D=750 nm and Ms=300 kA/m
2025/10/30 06:31:53 AM - __main__ - INFO - Running simulation for D=750 nm and Msat=320 kA/m
2025/10/30 06:32:27 AM - __main__ - INFO - 	 Simulation time=34.16 s
2025/10/30 06:32:41 AM - __main__ - INFO - 	Finished converting image for hysteresis at D=750 nm and Ms=320 kA/m
2025/10/30 06:32:41 AM - __main__ - INFO - Running simulation for D=750 nm and Msat=340 kA/m
2025/10/30 06:32:58 AM - __main__ - INFO - 	 Simulation time=17.37 s
2025/10/30 06:33:11 AM - __main__ - INFO - 	Finished converting image for hysteresis at D=750 nm and Ms=340 kA/m
2025/10/30 06:33:11 AM - __main__ - INFO - Running simulation for D=750 nm and Msat=360 kA/m
2025/10/30 06:45:38 AM - __main__ - INFO - 	 Simulation time=747.28 s
2025/10/30 06:45:51 AM - __main__ - INFO - 	Finished converting image for hysteresis at D=750 nm and Ms=360 kA/m
2025/10/30 06:45:51 AM - __main__ - INFO - Running simulation for D=750 nm and Msat=380 kA/m
2025/10/30 06:46:14 AM - __main__ - INFO - 	 Simulation time=23.26 s
2025/10/30 06:46:27 AM - __main__ - INFO - 	Finished converting image for hysteresis at D=750 nm and Ms=380 kA/m
2025/10/30 06:46:27 AM - __main__ - INFO - Running simulation for D=750 nm and Msat=400 kA/m
2025/10/30 06:46:56 AM - __main__ - INFO - 	 Simulation time=29.28 s
2025/10/30 06:47:09 AM - __main__ - INFO - 	Finished converting image for hysteresis at D=750 nm and Ms=400 kA/m
2025/10/30 06:47:09 AM - __main__ - INFO - Running simulation for D=750 nm and Msat=420 kA/m
2025/10/30 06:47:39 AM - __main__ - INFO - 	 Simulation time=30.78 s
2025/10/30 06:47:52 AM - __main__ - INFO - 	Finished converting image for hysteresis at D=750 nm and Ms=420 kA/m
2025/10/30 06:47:52 AM - __main__ - INFO - Running simulation for D=750 nm and Msat=440 kA/m
2025/10/30 06:48:50 AM - __main__ - INFO - 	 Simulation time=58.31 s
2025/10/30 06:49:03 AM - __main__ - INFO - 	Finished converting image for hysteresis at D=750 nm and Ms=440 kA/m
2025/10/30 06:49:03 AM - __main__ - INFO - ---FOR Ku = 0.3 MJ/m3---
2025/10/30 06:49:03 AM - __main__ - INFO - Running simulation for D=150 nm and Msat=260 kA/m
2025/10/30 06:49:06 AM - __main__ - INFO - 	 Simulation time=3.36 s
2025/10/30 06:49:16 AM - __main__ - INFO - 	Finished converting image for hysteresis at D=150 nm and Ms=260 kA/m
2025/10/30 06:49:16 AM - __main__ - INFO - Running simulation for D=150 nm and Msat=280 kA/m
2025/10/30 06:49:19 AM - __main__ - INFO - 	 Simulation time=3.37 s
2025/10/30 06:49:29 AM - __main__ - INFO - 	Finished converting image for hysteresis at D=150 nm and Ms=280 kA/m
2025/10/30 06:49:29 AM - __main__ - INFO - Running simulation for D=150 nm and Msat=300 kA/m
2025/10/30 06:49:32 AM - __main__ - INFO - 	 Simulation time=3.41 s
2025/10/30 06:49:42 AM - __main__ - INFO - 	Finished converting image for hysteresis at D=150 nm and Ms=300 kA/m
2025/10/30 06:49:42 AM - __main__ - INFO - Running simulation for D=150 nm and Msat=320 kA/m
2025/10/30 06:49:45 AM - __main__ - INFO - 	 Simulation time=3.57 s
2025/10/30 06:49:55 AM - __main__ - INFO - 	Finished converting image for hysteresis at D=150 nm and Ms=320 kA/m
2025/10/30 06:49:55 AM - __main__ - INFO - Running simulation for D=150 nm and Msat=340 kA/m
2025/10/30 06:49:58 AM - __main__ - INFO - 	 Simulation time=3.50 s
2025/10/30 06:50:08 AM - __main__ - INFO - 	Finished converting image for hysteresis at D=150 nm and Ms=340 kA/m
2025/10/30 06:50:08 AM - __main__ - INFO - Running simulation for D=150 nm and Msat=360 kA/m
2025/10/30 06:50:12 AM - __main__ - INFO - 	 Simulation time=3.86 s
2025/10/30 06:50:21 AM - __main__ - INFO - 	Finished converting image for hysteresis at D=150 nm and Ms=360 kA/m
2025/10/30 06:50:21 AM - __main__ - INFO - Running simulation for D=150 nm and Msat=380 kA/m
2025/10/30 06:50:25 AM - __main__ - INFO - 	 Simulation time=3.84 s
2025/10/30 06:50:35 AM - __main__ - INFO - 	Finished converting image for hysteresis at D=150 nm and Ms=380 kA/m
2025/10/30 06:50:35 AM - __main__ - INFO - Running simulation for D=150 nm and Msat=400 kA/m
2025/10/30 06:50:39 AM - __main__ - INFO - 	 Simulation time=4.09 s
2025/10/30 06:50:48 AM - __main__ - INFO - 	Finished converting image for hysteresis at D=150 nm and Ms=400 kA/m
2025/10/30 06:50:48 AM - __main__ - INFO - Running simulation for D=150 nm and Msat=420 kA/m
2025/10/30 06:50:54 AM - __main__ - INFO - 	 Simulation time=5.50 s
2025/10/30 06:51:03 AM - __main__ - INFO - 	Finished converting image for hysteresis at D=150 nm and Ms=420 kA/m
2025/10/30 06:51:03 AM - __main__ - INFO - Running simulation for D=150 nm and Msat=440 kA/m
2025/10/30 06:51:09 AM - __main__ - INFO - 	 Simulation time=5.58 s
2025/10/30 06:51:19 AM - __main__ - INFO - 	Finished converting image for hysteresis at D=150 nm and Ms=440 kA/m
2025/10/30 06:51:19 AM - __main__ - INFO - Running simulation for D=225 nm and Msat=260 kA/m
2025/10/30 06:51:22 AM - __main__ - INFO - 	 Simulation time=3.27 s
2025/10/30 06:51:32 AM - __main__ - INFO - 	Finished converting image for hysteresis at D=225 nm and Ms=260 kA/m
2025/10/30 06:51:32 AM - __main__ - INFO - Running simulation for D=225 nm and Msat=280 kA/m
2025/10/30 06:51:35 AM - __main__ - INFO - 	 Simulation time=3.29 s
2025/10/30 06:51:45 AM - __main__ - INFO - 	Finished converting image for hysteresis at D=225 nm and Ms=280 kA/m
2025/10/30 06:51:45 AM - __main__ - INFO - Running simulation for D=225 nm and Msat=300 kA/m
2025/10/30 06:51:48 AM - __main__ - INFO - 	 Simulation time=3.60 s
2025/10/30 06:51:58 AM - __main__ - INFO - 	Finished converting image for hysteresis at D=225 nm and Ms=300 kA/m
2025/10/30 06:51:58 AM - __main__ - INFO - Running simulation for D=225 nm and Msat=320 kA/m
2025/10/30 06:52:01 AM - __main__ - INFO - 	 Simulation time=3.49 s
2025/10/30 06:52:11 AM - __main__ - INFO - 	Finished converting image for hysteresis at D=225 nm and Ms=320 kA/m
2025/10/30 06:52:11 AM - __main__ - INFO - Running simulation for D=225 nm and Msat=340 kA/m
2025/10/30 06:52:15 AM - __main__ - INFO - 	 Simulation time=3.79 s
2025/10/30 06:52:25 AM - __main__ - INFO - 	Finished converting image for hysteresis at D=225 nm and Ms=340 kA/m
2025/10/30 06:52:25 AM - __main__ - INFO - Running simulation for D=225 nm and Msat=360 kA/m
2025/10/30 06:52:29 AM - __main__ - INFO - 	 Simulation time=3.88 s
2025/10/30 06:52:38 AM - __main__ - INFO - 	Finished converting image for hysteresis at D=225 nm and Ms=360 kA/m
2025/10/30 06:52:38 AM - __main__ - INFO - Running simulation for D=225 nm and Msat=380 kA/m
2025/10/30 06:52:42 AM - __main__ - INFO - 	 Simulation time=4.09 s
2025/10/30 06:52:52 AM - __main__ - INFO - 	Finished converting image for hysteresis at D=225 nm and Ms=380 kA/m
2025/10/30 06:52:52 AM - __main__ - INFO - Running simulation for D=225 nm and Msat=400 kA/m
2025/10/30 06:52:56 AM - __main__ - INFO - 	 Simulation time=4.37 s
2025/10/30 06:53:06 AM - __main__ - INFO - 	Finished converting image for hysteresis at D=225 nm and Ms=400 kA/m
2025/10/30 06:53:06 AM - __main__ - INFO - Running simulation for D=225 nm and Msat=420 kA/m
2025/10/30 06:53:13 AM - __main__ - INFO - 	 Simulation time=6.37 s
2025/10/30 06:53:22 AM - __main__ - INFO - 	Finished converting image for hysteresis at D=225 nm and Ms=420 kA/m
2025/10/30 06:53:22 AM - __main__ - INFO - Running simulation for D=225 nm and Msat=440 kA/m
2025/10/30 06:53:28 AM - __main__ - INFO - 	 Simulation time=5.24 s
2025/10/30 06:53:37 AM - __main__ - INFO - 	Finished converting image for hysteresis at D=225 nm and Ms=440 kA/m
2025/10/30 06:53:37 AM - __main__ - INFO - Running simulation for D=300 nm and Msat=260 kA/m
2025/10/30 06:53:40 AM - __main__ - INFO - 	 Simulation time=3.11 s
2025/10/30 06:53:50 AM - __main__ - INFO - 	Finished converting image for hysteresis at D=300 nm and Ms=260 kA/m
2025/10/30 06:53:50 AM - __main__ - INFO - Running simulation for D=300 nm and Msat=280 kA/m
2025/10/30 06:53:53 AM - __main__ - INFO - 	 Simulation time=3.13 s
2025/10/30 06:54:03 AM - __main__ - INFO - 	Finished converting image for hysteresis at D=300 nm and Ms=280 kA/m
2025/10/30 06:54:03 AM - __main__ - INFO - Running simulation for D=300 nm and Msat=300 kA/m
2025/10/30 06:54:06 AM - __main__ - INFO - 	 Simulation time=3.27 s
2025/10/30 06:54:16 AM - __main__ - INFO - 	Finished converting image for hysteresis at D=300 nm and Ms=300 kA/m
2025/10/30 06:54:16 AM - __main__ - INFO - Running simulation for D=300 nm and Msat=320 kA/m
2025/10/30 06:54:19 AM - __main__ - INFO - 	 Simulation time=3.34 s
2025/10/30 06:54:29 AM - __main__ - INFO - 	Finished converting image for hysteresis at D=300 nm and Ms=320 kA/m
2025/10/30 06:54:29 AM - __main__ - INFO - Running simulation for D=300 nm and Msat=340 kA/m
2025/10/30 06:54:32 AM - __main__ - INFO - 	 Simulation time=3.46 s
2025/10/30 06:54:42 AM - __main__ - INFO - 	Finished converting image for hysteresis at D=300 nm and Ms=340 kA/m
2025/10/30 06:54:42 AM - __main__ - INFO - Running simulation for D=300 nm and Msat=360 kA/m
2025/10/30 06:54:46 AM - __main__ - INFO - 	 Simulation time=3.77 s
2025/10/30 06:54:56 AM - __main__ - INFO - 	Finished converting image for hysteresis at D=300 nm and Ms=360 kA/m
2025/10/30 06:54:56 AM - __main__ - INFO - Running simulation for D=300 nm and Msat=380 kA/m
2025/10/30 06:55:00 AM - __main__ - INFO - 	 Simulation time=4.03 s
2025/10/30 06:55:09 AM - __main__ - INFO - 	Finished converting image for hysteresis at D=300 nm and Ms=380 kA/m
2025/10/30 06:55:09 AM - __main__ - INFO - Running simulation for D=300 nm and Msat=400 kA/m
2025/10/30 06:55:14 AM - __main__ - INFO - 	 Simulation time=4.37 s
2025/10/30 06:55:23 AM - __main__ - INFO - 	Finished converting image for hysteresis at D=300 nm and Ms=400 kA/m
2025/10/30 06:55:23 AM - __main__ - INFO - Running simulation for D=300 nm and Msat=420 kA/m
2025/10/30 06:55:29 AM - __main__ - INFO - 	 Simulation time=5.36 s
2025/10/30 06:55:39 AM - __main__ - INFO - 	Finished converting image for hysteresis at D=300 nm and Ms=420 kA/m
2025/10/30 06:55:39 AM - __main__ - INFO - Running simulation for D=300 nm and Msat=440 kA/m
2025/10/30 06:55:44 AM - __main__ - INFO - 	 Simulation time=5.88 s
2025/10/30 06:55:54 AM - __main__ - INFO - 	Finished converting image for hysteresis at D=300 nm and Ms=440 kA/m
2025/10/30 06:55:54 AM - __main__ - INFO - Running simulation for D=375 nm and Msat=260 kA/m
2025/10/30 06:55:58 AM - __main__ - INFO - 	 Simulation time=3.36 s
2025/10/30 06:56:07 AM - __main__ - INFO - 	Finished converting image for hysteresis at D=375 nm and Ms=260 kA/m
2025/10/30 06:56:07 AM - __main__ - INFO - Running simulation for D=375 nm and Msat=280 kA/m
2025/10/30 06:56:11 AM - __main__ - INFO - 	 Simulation time=3.72 s
2025/10/30 06:56:21 AM - __main__ - INFO - 	Finished converting image for hysteresis at D=375 nm and Ms=280 kA/m
2025/10/30 06:56:21 AM - __main__ - INFO - Running simulation for D=375 nm and Msat=300 kA/m
2025/10/30 06:56:25 AM - __main__ - INFO - 	 Simulation time=3.92 s
2025/10/30 06:56:35 AM - __main__ - INFO - 	Finished converting image for hysteresis at D=375 nm and Ms=300 kA/m
2025/10/30 06:56:35 AM - __main__ - INFO - Running simulation for D=375 nm and Msat=320 kA/m
2025/10/30 06:56:39 AM - __main__ - INFO - 	 Simulation time=4.08 s
2025/10/30 06:56:49 AM - __main__ - INFO - 	Finished converting image for hysteresis at D=375 nm and Ms=320 kA/m
2025/10/30 06:56:49 AM - __main__ - INFO - Running simulation for D=375 nm and Msat=340 kA/m
2025/10/30 06:56:53 AM - __main__ - INFO - 	 Simulation time=4.01 s
2025/10/30 06:57:03 AM - __main__ - INFO - 	Finished converting image for hysteresis at D=375 nm and Ms=340 kA/m
2025/10/30 06:57:03 AM - __main__ - INFO - Running simulation for D=375 nm and Msat=360 kA/m
2025/10/30 06:57:07 AM - __main__ - INFO - 	 Simulation time=4.21 s
2025/10/30 06:57:17 AM - __main__ - INFO - 	Finished converting image for hysteresis at D=375 nm and Ms=360 kA/m
2025/10/30 06:57:17 AM - __main__ - INFO - Running simulation for D=375 nm and Msat=380 kA/m
2025/10/30 06:57:21 AM - __main__ - INFO - 	 Simulation time=4.20 s
2025/10/30 06:57:31 AM - __main__ - INFO - 	Finished converting image for hysteresis at D=375 nm and Ms=380 kA/m
2025/10/30 06:57:31 AM - __main__ - INFO - Running simulation for D=375 nm and Msat=400 kA/m
2025/10/30 06:57:35 AM - __main__ - INFO - 	 Simulation time=4.40 s
2025/10/30 06:57:45 AM - __main__ - INFO - 	Finished converting image for hysteresis at D=375 nm and Ms=400 kA/m
2025/10/30 06:57:45 AM - __main__ - INFO - Running simulation for D=375 nm and Msat=420 kA/m
2025/10/30 06:58:02 AM - __main__ - INFO - 	 Simulation time=16.73 s
2025/10/30 06:58:12 AM - __main__ - INFO - 	Finished converting image for hysteresis at D=375 nm and Ms=420 kA/m
2025/10/30 06:58:12 AM - __main__ - INFO - Running simulation for D=375 nm and Msat=440 kA/m
2025/10/30 06:58:17 AM - __main__ - INFO - 	 Simulation time=5.29 s
2025/10/30 06:58:27 AM - __main__ - INFO - 	Finished converting image for hysteresis at D=375 nm and Ms=440 kA/m
2025/10/30 06:58:27 AM - __main__ - INFO - Running simulation for D=450 nm and Msat=260 kA/m
2025/10/30 06:58:30 AM - __main__ - INFO - 	 Simulation time=3.22 s
2025/10/30 06:58:41 AM - __main__ - INFO - 	Finished converting image for hysteresis at D=450 nm and Ms=260 kA/m
2025/10/30 06:58:41 AM - __main__ - INFO - Running simulation for D=450 nm and Msat=280 kA/m
2025/10/30 06:58:45 AM - __main__ - INFO - 	 Simulation time=3.39 s
2025/10/30 06:58:56 AM - __main__ - INFO - 	Finished converting image for hysteresis at D=450 nm and Ms=280 kA/m
2025/10/30 06:58:56 AM - __main__ - INFO - Running simulation for D=450 nm and Msat=300 kA/m
2025/10/30 06:59:00 AM - __main__ - INFO - 	 Simulation time=3.58 s
2025/10/30 06:59:11 AM - __main__ - INFO - 	Finished converting image for hysteresis at D=450 nm and Ms=300 kA/m
2025/10/30 06:59:11 AM - __main__ - INFO - Running simulation for D=450 nm and Msat=320 kA/m
2025/10/30 06:59:15 AM - __main__ - INFO - 	 Simulation time=3.58 s
2025/10/30 06:59:26 AM - __main__ - INFO - 	Finished converting image for hysteresis at D=450 nm and Ms=320 kA/m
2025/10/30 06:59:26 AM - __main__ - INFO - Running simulation for D=450 nm and Msat=340 kA/m
2025/10/30 06:59:30 AM - __main__ - INFO - 	 Simulation time=3.78 s
2025/10/30 06:59:41 AM - __main__ - INFO - 	Finished converting image for hysteresis at D=450 nm and Ms=340 kA/m
2025/10/30 06:59:41 AM - __main__ - INFO - Running simulation for D=450 nm and Msat=360 kA/m
2025/10/30 06:59:45 AM - __main__ - INFO - 	 Simulation time=3.78 s
2025/10/30 06:59:56 AM - __main__ - INFO - 	Finished converting image for hysteresis at D=450 nm and Ms=360 kA/m
2025/10/30 06:59:56 AM - __main__ - INFO - Running simulation for D=450 nm and Msat=380 kA/m
2025/10/30 07:00:00 AM - __main__ - INFO - 	 Simulation time=4.05 s
2025/10/30 07:00:12 AM - __main__ - INFO - 	Finished converting image for hysteresis at D=450 nm and Ms=380 kA/m
2025/10/30 07:00:12 AM - __main__ - INFO - Running simulation for D=450 nm and Msat=400 kA/m
2025/10/30 07:00:16 AM - __main__ - INFO - 	 Simulation time=4.42 s
2025/10/30 07:00:27 AM - __main__ - INFO - 	Finished converting image for hysteresis at D=450 nm and Ms=400 kA/m
2025/10/30 07:00:27 AM - __main__ - INFO - Running simulation for D=450 nm and Msat=420 kA/m
2025/10/30 07:00:33 AM - __main__ - INFO - 	 Simulation time=5.77 s
2025/10/30 07:00:44 AM - __main__ - INFO - 	Finished converting image for hysteresis at D=450 nm and Ms=420 kA/m
2025/10/30 07:00:44 AM - __main__ - INFO - Running simulation for D=450 nm and Msat=440 kA/m
2025/10/30 07:00:51 AM - __main__ - INFO - 	 Simulation time=6.31 s
2025/10/30 07:01:02 AM - __main__ - INFO - 	Finished converting image for hysteresis at D=450 nm and Ms=440 kA/m
2025/10/30 07:01:02 AM - __main__ - INFO - Running simulation for D=525 nm and Msat=260 kA/m
2025/10/30 07:01:06 AM - __main__ - INFO - 	 Simulation time=3.78 s
2025/10/30 07:01:17 AM - __main__ - INFO - 	Finished converting image for hysteresis at D=525 nm and Ms=260 kA/m
2025/10/30 07:01:17 AM - __main__ - INFO - Running simulation for D=525 nm and Msat=280 kA/m
2025/10/30 07:01:21 AM - __main__ - INFO - 	 Simulation time=4.06 s
2025/10/30 07:01:32 AM - __main__ - INFO - 	Finished converting image for hysteresis at D=525 nm and Ms=280 kA/m
2025/10/30 07:01:32 AM - __main__ - INFO - Running simulation for D=525 nm and Msat=300 kA/m
2025/10/30 07:01:36 AM - __main__ - INFO - 	 Simulation time=3.88 s
2025/10/30 07:01:47 AM - __main__ - INFO - 	Finished converting image for hysteresis at D=525 nm and Ms=300 kA/m
2025/10/30 07:01:47 AM - __main__ - INFO - Running simulation for D=525 nm and Msat=320 kA/m
2025/10/30 07:01:51 AM - __main__ - INFO - 	 Simulation time=4.04 s
2025/10/30 07:02:03 AM - __main__ - INFO - 	Finished converting image for hysteresis at D=525 nm and Ms=320 kA/m
2025/10/30 07:02:03 AM - __main__ - INFO - Running simulation for D=525 nm and Msat=340 kA/m
2025/10/30 07:02:07 AM - __main__ - INFO - 	 Simulation time=4.18 s
2025/10/30 07:02:18 AM - __main__ - INFO - 	Finished converting image for hysteresis at D=525 nm and Ms=340 kA/m
2025/10/30 07:02:18 AM - __main__ - INFO - Running simulation for D=525 nm and Msat=360 kA/m
2025/10/30 07:02:22 AM - __main__ - INFO - 	 Simulation time=4.29 s
2025/10/30 07:02:34 AM - __main__ - INFO - 	Finished converting image for hysteresis at D=525 nm and Ms=360 kA/m
2025/10/30 07:02:34 AM - __main__ - INFO - Running simulation for D=525 nm and Msat=380 kA/m
2025/10/30 07:02:38 AM - __main__ - INFO - 	 Simulation time=4.42 s
2025/10/30 07:02:49 AM - __main__ - INFO - 	Finished converting image for hysteresis at D=525 nm and Ms=380 kA/m
2025/10/30 07:02:49 AM - __main__ - INFO - Running simulation for D=525 nm and Msat=400 kA/m
2025/10/30 07:02:54 AM - __main__ - INFO - 	 Simulation time=4.80 s
2025/10/30 07:03:05 AM - __main__ - INFO - 	Finished converting image for hysteresis at D=525 nm and Ms=400 kA/m
2025/10/30 07:03:05 AM - __main__ - INFO - Running simulation for D=525 nm and Msat=420 kA/m
2025/10/30 07:03:12 AM - __main__ - INFO - 	 Simulation time=6.19 s
2025/10/30 07:03:23 AM - __main__ - INFO - 	Finished converting image for hysteresis at D=525 nm and Ms=420 kA/m
2025/10/30 07:03:23 AM - __main__ - INFO - Running simulation for D=525 nm and Msat=440 kA/m
2025/10/30 07:03:29 AM - __main__ - INFO - 	 Simulation time=6.23 s
2025/10/30 07:03:40 AM - __main__ - INFO - 	Finished converting image for hysteresis at D=525 nm and Ms=440 kA/m
2025/10/30 07:03:40 AM - __main__ - INFO - Running simulation for D=600 nm and Msat=260 kA/m
2025/10/30 07:03:44 AM - __main__ - INFO - 	 Simulation time=3.47 s
2025/10/30 07:03:55 AM - __main__ - INFO - 	Finished converting image for hysteresis at D=600 nm and Ms=260 kA/m
2025/10/30 07:03:55 AM - __main__ - INFO - Running simulation for D=600 nm and Msat=280 kA/m
2025/10/30 07:03:59 AM - __main__ - INFO - 	 Simulation time=3.64 s
2025/10/30 07:04:11 AM - __main__ - INFO - 	Finished converting image for hysteresis at D=600 nm and Ms=280 kA/m
2025/10/30 07:04:11 AM - __main__ - INFO - Running simulation for D=600 nm and Msat=300 kA/m
2025/10/30 07:04:15 AM - __main__ - INFO - 	 Simulation time=3.74 s
2025/10/30 07:04:26 AM - __main__ - INFO - 	Finished converting image for hysteresis at D=600 nm and Ms=300 kA/m
2025/10/30 07:04:26 AM - __main__ - INFO - Running simulation for D=600 nm and Msat=320 kA/m
2025/10/30 07:04:30 AM - __main__ - INFO - 	 Simulation time=3.85 s
2025/10/30 07:04:42 AM - __main__ - INFO - 	Finished converting image for hysteresis at D=600 nm and Ms=320 kA/m
2025/10/30 07:04:42 AM - __main__ - INFO - Running simulation for D=600 nm and Msat=340 kA/m
2025/10/30 07:04:46 AM - __main__ - INFO - 	 Simulation time=4.23 s
2025/10/30 07:04:58 AM - __main__ - INFO - 	Finished converting image for hysteresis at D=600 nm and Ms=340 kA/m
2025/10/30 07:04:58 AM - __main__ - INFO - Running simulation for D=600 nm and Msat=360 kA/m
2025/10/30 07:05:02 AM - __main__ - INFO - 	 Simulation time=4.49 s
2025/10/30 07:05:14 AM - __main__ - INFO - 	Finished converting image for hysteresis at D=600 nm and Ms=360 kA/m
2025/10/30 07:05:14 AM - __main__ - INFO - Running simulation for D=600 nm and Msat=380 kA/m
2025/10/30 07:05:18 AM - __main__ - INFO - 	 Simulation time=4.36 s
2025/10/30 07:05:30 AM - __main__ - INFO - 	Finished converting image for hysteresis at D=600 nm and Ms=380 kA/m
2025/10/30 07:05:30 AM - __main__ - INFO - Running simulation for D=600 nm and Msat=400 kA/m
2025/10/30 07:05:35 AM - __main__ - INFO - 	 Simulation time=4.73 s
2025/10/30 07:05:46 AM - __main__ - INFO - 	Finished converting image for hysteresis at D=600 nm and Ms=400 kA/m
2025/10/30 07:05:46 AM - __main__ - INFO - Running simulation for D=600 nm and Msat=420 kA/m
2025/10/30 07:05:52 AM - __main__ - INFO - 	 Simulation time=5.90 s
2025/10/30 07:06:04 AM - __main__ - INFO - 	Finished converting image for hysteresis at D=600 nm and Ms=420 kA/m
2025/10/30 07:06:04 AM - __main__ - INFO - Running simulation for D=600 nm and Msat=440 kA/m
2025/10/30 07:06:10 AM - __main__ - INFO - 	 Simulation time=6.06 s
2025/10/30 07:06:22 AM - __main__ - INFO - 	Finished converting image for hysteresis at D=600 nm and Ms=440 kA/m
2025/10/30 07:06:22 AM - __main__ - INFO - Running simulation for D=675 nm and Msat=260 kA/m
2025/10/30 07:06:25 AM - __main__ - INFO - 	 Simulation time=3.69 s
2025/10/30 07:06:38 AM - __main__ - INFO - 	Finished converting image for hysteresis at D=675 nm and Ms=260 kA/m
2025/10/30 07:06:38 AM - __main__ - INFO - Running simulation for D=675 nm and Msat=280 kA/m
2025/10/30 07:06:41 AM - __main__ - INFO - 	 Simulation time=3.73 s
2025/10/30 07:06:54 AM - __main__ - INFO - 	Finished converting image for hysteresis at D=675 nm and Ms=280 kA/m
2025/10/30 07:06:54 AM - __main__ - INFO - Running simulation for D=675 nm and Msat=300 kA/m
2025/10/30 07:06:58 AM - __main__ - INFO - 	 Simulation time=4.36 s
2025/10/30 07:07:10 AM - __main__ - INFO - 	Finished converting image for hysteresis at D=675 nm and Ms=300 kA/m
2025/10/30 07:07:10 AM - __main__ - INFO - Running simulation for D=675 nm and Msat=320 kA/m
2025/10/30 07:07:15 AM - __main__ - INFO - 	 Simulation time=4.27 s
2025/10/30 07:07:27 AM - __main__ - INFO - 	Finished converting image for hysteresis at D=675 nm and Ms=320 kA/m
2025/10/30 07:07:27 AM - __main__ - INFO - Running simulation for D=675 nm and Msat=340 kA/m
2025/10/30 07:07:31 AM - __main__ - INFO - 	 Simulation time=4.38 s
2025/10/30 07:07:44 AM - __main__ - INFO - 	Finished converting image for hysteresis at D=675 nm and Ms=340 kA/m
2025/10/30 07:07:44 AM - __main__ - INFO - Running simulation for D=675 nm and Msat=360 kA/m
2025/10/30 07:07:48 AM - __main__ - INFO - 	 Simulation time=4.70 s
2025/10/30 07:08:01 AM - __main__ - INFO - 	Finished converting image for hysteresis at D=675 nm and Ms=360 kA/m
2025/10/30 07:08:01 AM - __main__ - INFO - Running simulation for D=675 nm and Msat=380 kA/m
2025/10/30 07:08:06 AM - __main__ - INFO - 	 Simulation time=5.10 s
2025/10/30 07:08:18 AM - __main__ - INFO - 	Finished converting image for hysteresis at D=675 nm and Ms=380 kA/m
2025/10/30 07:08:18 AM - __main__ - INFO - Running simulation for D=675 nm and Msat=400 kA/m
2025/10/30 07:08:23 AM - __main__ - INFO - 	 Simulation time=4.98 s
2025/10/30 07:08:36 AM - __main__ - INFO - 	Finished converting image for hysteresis at D=675 nm and Ms=400 kA/m
2025/10/30 07:08:36 AM - __main__ - INFO - Running simulation for D=675 nm and Msat=420 kA/m
2025/10/30 07:08:42 AM - __main__ - INFO - 	 Simulation time=6.77 s
2025/10/30 07:08:55 AM - __main__ - INFO - 	Finished converting image for hysteresis at D=675 nm and Ms=420 kA/m
2025/10/30 07:08:55 AM - __main__ - INFO - Running simulation for D=675 nm and Msat=440 kA/m
2025/10/30 07:09:02 AM - __main__ - INFO - 	 Simulation time=7.46 s
2025/10/30 07:09:15 AM - __main__ - INFO - 	Finished converting image for hysteresis at D=675 nm and Ms=440 kA/m
2025/10/30 07:09:15 AM - __main__ - INFO - Running simulation for D=750 nm and Msat=260 kA/m
2025/10/30 07:09:18 AM - __main__ - INFO - 	 Simulation time=3.86 s
2025/10/30 07:09:31 AM - __main__ - INFO - 	Finished converting image for hysteresis at D=750 nm and Ms=260 kA/m
2025/10/30 07:09:31 AM - __main__ - INFO - Running simulation for D=750 nm and Msat=280 kA/m
2025/10/30 07:09:35 AM - __main__ - INFO - 	 Simulation time=4.11 s
2025/10/30 07:09:48 AM - __main__ - INFO - 	Finished converting image for hysteresis at D=750 nm and Ms=280 kA/m
2025/10/30 07:09:48 AM - __main__ - INFO - Running simulation for D=750 nm and Msat=300 kA/m
2025/10/30 07:09:52 AM - __main__ - INFO - 	 Simulation time=4.11 s
2025/10/30 07:10:05 AM - __main__ - INFO - 	Finished converting image for hysteresis at D=750 nm and Ms=300 kA/m
2025/10/30 07:10:05 AM - __main__ - INFO - Running simulation for D=750 nm and Msat=320 kA/m
2025/10/30 07:10:09 AM - __main__ - INFO - 	 Simulation time=4.33 s
2025/10/30 07:10:21 AM - __main__ - INFO - 	Finished converting image for hysteresis at D=750 nm and Ms=320 kA/m
2025/10/30 07:10:21 AM - __main__ - INFO - Running simulation for D=750 nm and Msat=340 kA/m
2025/10/30 07:10:26 AM - __main__ - INFO - 	 Simulation time=4.57 s
2025/10/30 07:10:39 AM - __main__ - INFO - 	Finished converting image for hysteresis at D=750 nm and Ms=340 kA/m
2025/10/30 07:10:39 AM - __main__ - INFO - Running simulation for D=750 nm and Msat=360 kA/m
2025/10/30 07:10:44 AM - __main__ - INFO - 	 Simulation time=4.99 s
2025/10/30 07:10:56 AM - __main__ - INFO - 	Finished converting image for hysteresis at D=750 nm and Ms=360 kA/m
2025/10/30 07:10:56 AM - __main__ - INFO - Running simulation for D=750 nm and Msat=380 kA/m
2025/10/30 07:11:01 AM - __main__ - INFO - 	 Simulation time=4.95 s
2025/10/30 07:11:14 AM - __main__ - INFO - 	Finished converting image for hysteresis at D=750 nm and Ms=380 kA/m
2025/10/30 07:11:14 AM - __main__ - INFO - Running simulation for D=750 nm and Msat=400 kA/m
2025/10/30 07:11:19 AM - __main__ - INFO - 	 Simulation time=5.37 s
2025/10/30 07:11:32 AM - __main__ - INFO - 	Finished converting image for hysteresis at D=750 nm and Ms=400 kA/m
2025/10/30 07:11:32 AM - __main__ - INFO - Running simulation for D=750 nm and Msat=420 kA/m
2025/10/30 07:11:39 AM - __main__ - INFO - 	 Simulation time=7.13 s
2025/10/30 07:11:52 AM - __main__ - INFO - 	Finished converting image for hysteresis at D=750 nm and Ms=420 kA/m
2025/10/30 07:11:52 AM - __main__ - INFO - Running simulation for D=750 nm and Msat=440 kA/m
2025/10/30 07:11:59 AM - __main__ - INFO - 	 Simulation time=7.11 s
2025/10/30 07:12:11 AM - __main__ - INFO - 	Finished converting image for hysteresis at D=750 nm and Ms=440 kA/m
2025/10/30 07:12:11 AM - __main__ - INFO - ---FOR Ku = 0.4 MJ/m3---
2025/10/30 07:12:11 AM - __main__ - INFO - Running simulation for D=150 nm and Msat=260 kA/m
2025/10/30 07:12:14 AM - __main__ - INFO - 	 Simulation time=2.71 s
2025/10/30 07:12:24 AM - __main__ - INFO - 	Finished converting image for hysteresis at D=150 nm and Ms=260 kA/m
2025/10/30 07:12:24 AM - __main__ - INFO - Running simulation for D=150 nm and Msat=280 kA/m
2025/10/30 07:12:26 AM - __main__ - INFO - 	 Simulation time=2.74 s
2025/10/30 07:12:36 AM - __main__ - INFO - 	Finished converting image for hysteresis at D=150 nm and Ms=280 kA/m
2025/10/30 07:12:36 AM - __main__ - INFO - Running simulation for D=150 nm and Msat=300 kA/m
2025/10/30 07:12:39 AM - __main__ - INFO - 	 Simulation time=2.82 s
2025/10/30 07:12:48 AM - __main__ - INFO - 	Finished converting image for hysteresis at D=150 nm and Ms=300 kA/m
2025/10/30 07:12:48 AM - __main__ - INFO - Running simulation for D=150 nm and Msat=320 kA/m
2025/10/30 07:12:51 AM - __main__ - INFO - 	 Simulation time=3.09 s
2025/10/30 07:13:01 AM - __main__ - INFO - 	Finished converting image for hysteresis at D=150 nm and Ms=320 kA/m
2025/10/30 07:13:01 AM - __main__ - INFO - Running simulation for D=150 nm and Msat=340 kA/m
2025/10/30 07:13:04 AM - __main__ - INFO - 	 Simulation time=3.07 s
2025/10/30 07:13:13 AM - __main__ - INFO - 	Finished converting image for hysteresis at D=150 nm and Ms=340 kA/m
2025/10/30 07:13:13 AM - __main__ - INFO - Running simulation for D=150 nm and Msat=360 kA/m
2025/10/30 07:13:17 AM - __main__ - INFO - 	 Simulation time=3.18 s
2025/10/30 07:13:26 AM - __main__ - INFO - 	Finished converting image for hysteresis at D=150 nm and Ms=360 kA/m
2025/10/30 07:13:26 AM - __main__ - INFO - Running simulation for D=150 nm and Msat=380 kA/m
2025/10/30 07:13:29 AM - __main__ - INFO - 	 Simulation time=3.28 s
2025/10/30 07:13:39 AM - __main__ - INFO - 	Finished converting image for hysteresis at D=150 nm and Ms=380 kA/m
2025/10/30 07:13:39 AM - __main__ - INFO - Running simulation for D=150 nm and Msat=400 kA/m
2025/10/30 07:13:42 AM - __main__ - INFO - 	 Simulation time=3.23 s
2025/10/30 07:13:52 AM - __main__ - INFO - 	Finished converting image for hysteresis at D=150 nm and Ms=400 kA/m
2025/10/30 07:13:52 AM - __main__ - INFO - Running simulation for D=150 nm and Msat=420 kA/m
2025/10/30 07:13:55 AM - __main__ - INFO - 	 Simulation time=3.38 s
2025/10/30 07:14:05 AM - __main__ - INFO - 	Finished converting image for hysteresis at D=150 nm and Ms=420 kA/m
2025/10/30 07:14:05 AM - __main__ - INFO - Running simulation for D=150 nm and Msat=440 kA/m
2025/10/30 07:14:08 AM - __main__ - INFO - 	 Simulation time=3.35 s
2025/10/30 07:14:18 AM - __main__ - INFO - 	Finished converting image for hysteresis at D=150 nm and Ms=440 kA/m
2025/10/30 07:14:18 AM - __main__ - INFO - Running simulation for D=225 nm and Msat=260 kA/m
2025/10/30 07:14:20 AM - __main__ - INFO - 	 Simulation time=2.89 s
2025/10/30 07:14:30 AM - __main__ - INFO - 	Finished converting image for hysteresis at D=225 nm and Ms=260 kA/m
2025/10/30 07:14:30 AM - __main__ - INFO - Running simulation for D=225 nm and Msat=280 kA/m
2025/10/30 07:14:33 AM - __main__ - INFO - 	 Simulation time=2.99 s
2025/10/30 07:14:43 AM - __main__ - INFO - 	Finished converting image for hysteresis at D=225 nm and Ms=280 kA/m
2025/10/30 07:14:43 AM - __main__ - INFO - Running simulation for D=225 nm and Msat=300 kA/m
2025/10/30 07:14:46 AM - __main__ - INFO - 	 Simulation time=3.16 s
2025/10/30 07:14:56 AM - __main__ - INFO - 	Finished converting image for hysteresis at D=225 nm and Ms=300 kA/m
2025/10/30 07:14:56 AM - __main__ - INFO - Running simulation for D=225 nm and Msat=320 kA/m
2025/10/30 07:14:59 AM - __main__ - INFO - 	 Simulation time=3.29 s
2025/10/30 07:15:09 AM - __main__ - INFO - 	Finished converting image for hysteresis at D=225 nm and Ms=320 kA/m
2025/10/30 07:15:09 AM - __main__ - INFO - Running simulation for D=225 nm and Msat=340 kA/m
2025/10/30 07:15:12 AM - __main__ - INFO - 	 Simulation time=3.17 s
2025/10/30 07:15:22 AM - __main__ - INFO - 	Finished converting image for hysteresis at D=225 nm and Ms=340 kA/m
2025/10/30 07:15:22 AM - __main__ - INFO - Running simulation for D=225 nm and Msat=360 kA/m
2025/10/30 07:15:25 AM - __main__ - INFO - 	 Simulation time=3.22 s
2025/10/30 07:15:35 AM - __main__ - INFO - 	Finished converting image for hysteresis at D=225 nm and Ms=360 kA/m
2025/10/30 07:15:35 AM - __main__ - INFO - Running simulation for D=225 nm and Msat=380 kA/m
2025/10/30 07:15:38 AM - __main__ - INFO - 	 Simulation time=3.26 s
2025/10/30 07:15:48 AM - __main__ - INFO - 	Finished converting image for hysteresis at D=225 nm and Ms=380 kA/m
2025/10/30 07:15:48 AM - __main__ - INFO - Running simulation for D=225 nm and Msat=400 kA/m
2025/10/30 07:15:51 AM - __main__ - INFO - 	 Simulation time=3.28 s
2025/10/30 07:16:01 AM - __main__ - INFO - 	Finished converting image for hysteresis at D=225 nm and Ms=400 kA/m
2025/10/30 07:16:01 AM - __main__ - INFO - Running simulation for D=225 nm and Msat=420 kA/m
2025/10/30 07:16:04 AM - __main__ - INFO - 	 Simulation time=3.39 s
2025/10/30 07:16:14 AM - __main__ - INFO - 	Finished converting image for hysteresis at D=225 nm and Ms=420 kA/m
2025/10/30 07:16:14 AM - __main__ - INFO - Running simulation for D=225 nm and Msat=440 kA/m
2025/10/30 07:16:17 AM - __main__ - INFO - 	 Simulation time=3.50 s
2025/10/30 07:16:27 AM - __main__ - INFO - 	Finished converting image for hysteresis at D=225 nm and Ms=440 kA/m
2025/10/30 07:16:27 AM - __main__ - INFO - Running simulation for D=300 nm and Msat=260 kA/m
2025/10/30 07:16:30 AM - __main__ - INFO - 	 Simulation time=2.92 s
2025/10/30 07:16:40 AM - __main__ - INFO - 	Finished converting image for hysteresis at D=300 nm and Ms=260 kA/m
2025/10/30 07:16:40 AM - __main__ - INFO - Running simulation for D=300 nm and Msat=280 kA/m
2025/10/30 07:16:43 AM - __main__ - INFO - 	 Simulation time=3.07 s
2025/10/30 07:16:53 AM - __main__ - INFO - 	Finished converting image for hysteresis at D=300 nm and Ms=280 kA/m
2025/10/30 07:16:53 AM - __main__ - INFO - Running simulation for D=300 nm and Msat=300 kA/m
2025/10/30 07:16:56 AM - __main__ - INFO - 	 Simulation time=3.16 s
2025/10/30 07:17:05 AM - __main__ - INFO - 	Finished converting image for hysteresis at D=300 nm and Ms=300 kA/m
2025/10/30 07:17:05 AM - __main__ - INFO - Running simulation for D=300 nm and Msat=320 kA/m
2025/10/30 07:17:09 AM - __main__ - INFO - 	 Simulation time=3.15 s
2025/10/30 07:17:18 AM - __main__ - INFO - 	Finished converting image for hysteresis at D=300 nm and Ms=320 kA/m
2025/10/30 07:17:18 AM - __main__ - INFO - Running simulation for D=300 nm and Msat=340 kA/m
2025/10/30 07:17:21 AM - __main__ - INFO - 	 Simulation time=3.05 s
2025/10/30 07:17:31 AM - __main__ - INFO - 	Finished converting image for hysteresis at D=300 nm and Ms=340 kA/m
2025/10/30 07:17:31 AM - __main__ - INFO - Running simulation for D=300 nm and Msat=360 kA/m
2025/10/30 07:17:34 AM - __main__ - INFO - 	 Simulation time=3.10 s
2025/10/30 07:17:44 AM - __main__ - INFO - 	Finished converting image for hysteresis at D=300 nm and Ms=360 kA/m
2025/10/30 07:17:44 AM - __main__ - INFO - Running simulation for D=300 nm and Msat=380 kA/m
2025/10/30 07:17:47 AM - __main__ - INFO - 	 Simulation time=3.13 s
2025/10/30 07:17:57 AM - __main__ - INFO - 	Finished converting image for hysteresis at D=300 nm and Ms=380 kA/m
2025/10/30 07:17:57 AM - __main__ - INFO - Running simulation for D=300 nm and Msat=400 kA/m
2025/10/30 07:18:00 AM - __main__ - INFO - 	 Simulation time=3.13 s
2025/10/30 07:18:09 AM - __main__ - INFO - 	Finished converting image for hysteresis at D=300 nm and Ms=400 kA/m
2025/10/30 07:18:09 AM - __main__ - INFO - Running simulation for D=300 nm and Msat=420 kA/m
2025/10/30 07:18:13 AM - __main__ - INFO - 	 Simulation time=3.23 s
2025/10/30 07:18:22 AM - __main__ - INFO - 	Finished converting image for hysteresis at D=300 nm and Ms=420 kA/m
2025/10/30 07:18:22 AM - __main__ - INFO - Running simulation for D=300 nm and Msat=440 kA/m
2025/10/30 07:18:26 AM - __main__ - INFO - 	 Simulation time=3.44 s
2025/10/30 07:18:36 AM - __main__ - INFO - 	Finished converting image for hysteresis at D=300 nm and Ms=440 kA/m
2025/10/30 07:18:36 AM - __main__ - INFO - Running simulation for D=375 nm and Msat=260 kA/m
2025/10/30 07:18:39 AM - __main__ - INFO - 	 Simulation time=3.06 s
2025/10/30 07:18:49 AM - __main__ - INFO - 	Finished converting image for hysteresis at D=375 nm and Ms=260 kA/m
2025/10/30 07:18:49 AM - __main__ - INFO - Running simulation for D=375 nm and Msat=280 kA/m
2025/10/30 07:18:52 AM - __main__ - INFO - 	 Simulation time=3.44 s
2025/10/30 07:19:02 AM - __main__ - INFO - 	Finished converting image for hysteresis at D=375 nm and Ms=280 kA/m
2025/10/30 07:19:02 AM - __main__ - INFO - Running simulation for D=375 nm and Msat=300 kA/m
2025/10/30 07:19:05 AM - __main__ - INFO - 	 Simulation time=3.45 s
2025/10/30 07:19:15 AM - __main__ - INFO - 	Finished converting image for hysteresis at D=375 nm and Ms=300 kA/m
2025/10/30 07:19:15 AM - __main__ - INFO - Running simulation for D=375 nm and Msat=320 kA/m
2025/10/30 07:19:18 AM - __main__ - INFO - 	 Simulation time=3.37 s
2025/10/30 07:19:28 AM - __main__ - INFO - 	Finished converting image for hysteresis at D=375 nm and Ms=320 kA/m
2025/10/30 07:19:28 AM - __main__ - INFO - Running simulation for D=375 nm and Msat=340 kA/m
2025/10/30 07:19:32 AM - __main__ - INFO - 	 Simulation time=3.35 s
2025/10/30 07:19:41 AM - __main__ - INFO - 	Finished converting image for hysteresis at D=375 nm and Ms=340 kA/m
2025/10/30 07:19:41 AM - __main__ - INFO - Running simulation for D=375 nm and Msat=360 kA/m
2025/10/30 07:19:45 AM - __main__ - INFO - 	 Simulation time=3.45 s
2025/10/30 07:19:55 AM - __main__ - INFO - 	Finished converting image for hysteresis at D=375 nm and Ms=360 kA/m
2025/10/30 07:19:55 AM - __main__ - INFO - Running simulation for D=375 nm and Msat=380 kA/m
2025/10/30 07:19:58 AM - __main__ - INFO - 	 Simulation time=3.61 s
2025/10/30 07:20:08 AM - __main__ - INFO - 	Finished converting image for hysteresis at D=375 nm and Ms=380 kA/m
2025/10/30 07:20:08 AM - __main__ - INFO - Running simulation for D=375 nm and Msat=400 kA/m
2025/10/30 07:20:12 AM - __main__ - INFO - 	 Simulation time=3.61 s
2025/10/30 07:20:22 AM - __main__ - INFO - 	Finished converting image for hysteresis at D=375 nm and Ms=400 kA/m
2025/10/30 07:20:22 AM - __main__ - INFO - Running simulation for D=375 nm and Msat=420 kA/m
2025/10/30 07:20:25 AM - __main__ - INFO - 	 Simulation time=3.67 s
2025/10/30 07:20:35 AM - __main__ - INFO - 	Finished converting image for hysteresis at D=375 nm and Ms=420 kA/m
2025/10/30 07:20:35 AM - __main__ - INFO - Running simulation for D=375 nm and Msat=440 kA/m
2025/10/30 07:20:39 AM - __main__ - INFO - 	 Simulation time=3.84 s
2025/10/30 07:20:49 AM - __main__ - INFO - 	Finished converting image for hysteresis at D=375 nm and Ms=440 kA/m
2025/10/30 07:20:49 AM - __main__ - INFO - Running simulation for D=450 nm and Msat=260 kA/m
2025/10/30 07:20:52 AM - __main__ - INFO - 	 Simulation time=2.94 s
2025/10/30 07:21:03 AM - __main__ - INFO - 	Finished converting image for hysteresis at D=450 nm and Ms=260 kA/m
2025/10/30 07:21:03 AM - __main__ - INFO - Running simulation for D=450 nm and Msat=280 kA/m
2025/10/30 07:21:06 AM - __main__ - INFO - 	 Simulation time=3.10 s
2025/10/30 07:21:18 AM - __main__ - INFO - 	Finished converting image for hysteresis at D=450 nm and Ms=280 kA/m
2025/10/30 07:21:18 AM - __main__ - INFO - Running simulation for D=450 nm and Msat=300 kA/m
2025/10/30 07:21:21 AM - __main__ - INFO - 	 Simulation time=3.05 s
2025/10/30 07:21:32 AM - __main__ - INFO - 	Finished converting image for hysteresis at D=450 nm and Ms=300 kA/m
2025/10/30 07:21:32 AM - __main__ - INFO - Running simulation for D=450 nm and Msat=320 kA/m
2025/10/30 07:21:35 AM - __main__ - INFO - 	 Simulation time=3.10 s
2025/10/30 07:21:47 AM - __main__ - INFO - 	Finished converting image for hysteresis at D=450 nm and Ms=320 kA/m
2025/10/30 07:21:47 AM - __main__ - INFO - Running simulation for D=450 nm and Msat=340 kA/m
2025/10/30 07:21:50 AM - __main__ - INFO - 	 Simulation time=3.14 s
2025/10/30 07:22:01 AM - __main__ - INFO - 	Finished converting image for hysteresis at D=450 nm and Ms=340 kA/m
2025/10/30 07:22:01 AM - __main__ - INFO - Running simulation for D=450 nm and Msat=360 kA/m
2025/10/30 07:22:04 AM - __main__ - INFO - 	 Simulation time=3.14 s
2025/10/30 07:22:16 AM - __main__ - INFO - 	Finished converting image for hysteresis at D=450 nm and Ms=360 kA/m
2025/10/30 07:22:16 AM - __main__ - INFO - Running simulation for D=450 nm and Msat=380 kA/m
2025/10/30 07:22:19 AM - __main__ - INFO - 	 Simulation time=3.24 s
2025/10/30 07:22:30 AM - __main__ - INFO - 	Finished converting image for hysteresis at D=450 nm and Ms=380 kA/m
2025/10/30 07:22:30 AM - __main__ - INFO - Running simulation for D=450 nm and Msat=400 kA/m
2025/10/30 07:22:33 AM - __main__ - INFO - 	 Simulation time=3.28 s
2025/10/30 07:22:45 AM - __main__ - INFO - 	Finished converting image for hysteresis at D=450 nm and Ms=400 kA/m
2025/10/30 07:22:45 AM - __main__ - INFO - Running simulation for D=450 nm and Msat=420 kA/m
2025/10/30 07:22:48 AM - __main__ - INFO - 	 Simulation time=3.55 s
2025/10/30 07:23:00 AM - __main__ - INFO - 	Finished converting image for hysteresis at D=450 nm and Ms=420 kA/m
2025/10/30 07:23:00 AM - __main__ - INFO - Running simulation for D=450 nm and Msat=440 kA/m
2025/10/30 07:23:03 AM - __main__ - INFO - 	 Simulation time=3.48 s
2025/10/30 07:23:14 AM - __main__ - INFO - 	Finished converting image for hysteresis at D=450 nm and Ms=440 kA/m
2025/10/30 07:23:14 AM - __main__ - INFO - Running simulation for D=525 nm and Msat=260 kA/m
2025/10/30 07:23:18 AM - __main__ - INFO - 	 Simulation time=3.23 s
2025/10/30 07:23:29 AM - __main__ - INFO - 	Finished converting image for hysteresis at D=525 nm and Ms=260 kA/m
2025/10/30 07:23:29 AM - __main__ - INFO - Running simulation for D=525 nm and Msat=280 kA/m
2025/10/30 07:23:32 AM - __main__ - INFO - 	 Simulation time=3.19 s
2025/10/30 07:23:43 AM - __main__ - INFO - 	Finished converting image for hysteresis at D=525 nm and Ms=280 kA/m
2025/10/30 07:23:43 AM - __main__ - INFO - Running simulation for D=525 nm and Msat=300 kA/m
2025/10/30 07:23:47 AM - __main__ - INFO - 	 Simulation time=3.30 s
2025/10/30 07:23:58 AM - __main__ - INFO - 	Finished converting image for hysteresis at D=525 nm and Ms=300 kA/m
2025/10/30 07:23:58 AM - __main__ - INFO - Running simulation for D=525 nm and Msat=320 kA/m
2025/10/30 07:24:01 AM - __main__ - INFO - 	 Simulation time=3.29 s
2025/10/30 07:24:12 AM - __main__ - INFO - 	Finished converting image for hysteresis at D=525 nm and Ms=320 kA/m
2025/10/30 07:24:12 AM - __main__ - INFO - Running simulation for D=525 nm and Msat=340 kA/m
2025/10/30 07:24:16 AM - __main__ - INFO - 	 Simulation time=3.36 s
2025/10/30 07:24:27 AM - __main__ - INFO - 	Finished converting image for hysteresis at D=525 nm and Ms=340 kA/m
2025/10/30 07:24:27 AM - __main__ - INFO - Running simulation for D=525 nm and Msat=360 kA/m
2025/10/30 07:24:31 AM - __main__ - INFO - 	 Simulation time=3.45 s
2025/10/30 07:24:42 AM - __main__ - INFO - 	Finished converting image for hysteresis at D=525 nm and Ms=360 kA/m
2025/10/30 07:24:42 AM - __main__ - INFO - Running simulation for D=525 nm and Msat=380 kA/m
2025/10/30 07:24:46 AM - __main__ - INFO - 	 Simulation time=3.67 s
2025/10/30 07:24:57 AM - __main__ - INFO - 	Finished converting image for hysteresis at D=525 nm and Ms=380 kA/m
2025/10/30 07:24:57 AM - __main__ - INFO - Running simulation for D=525 nm and Msat=400 kA/m
2025/10/30 07:25:01 AM - __main__ - INFO - 	 Simulation time=3.90 s
2025/10/30 07:25:12 AM - __main__ - INFO - 	Finished converting image for hysteresis at D=525 nm and Ms=400 kA/m
2025/10/30 07:25:12 AM - __main__ - INFO - Running simulation for D=525 nm and Msat=420 kA/m
2025/10/30 07:25:16 AM - __main__ - INFO - 	 Simulation time=4.16 s
2025/10/30 07:25:28 AM - __main__ - INFO - 	Finished converting image for hysteresis at D=525 nm and Ms=420 kA/m
2025/10/30 07:25:28 AM - __main__ - INFO - Running simulation for D=525 nm and Msat=440 kA/m
2025/10/30 07:25:32 AM - __main__ - INFO - 	 Simulation time=4.10 s
2025/10/30 07:25:43 AM - __main__ - INFO - 	Finished converting image for hysteresis at D=525 nm and Ms=440 kA/m
2025/10/30 07:25:43 AM - __main__ - INFO - Running simulation for D=600 nm and Msat=260 kA/m
2025/10/30 07:25:46 AM - __main__ - INFO - 	 Simulation time=3.29 s
2025/10/30 07:25:58 AM - __main__ - INFO - 	Finished converting image for hysteresis at D=600 nm and Ms=260 kA/m
2025/10/30 07:25:58 AM - __main__ - INFO - Running simulation for D=600 nm and Msat=280 kA/m
2025/10/30 07:26:01 AM - __main__ - INFO - 	 Simulation time=3.40 s
2025/10/30 07:26:13 AM - __main__ - INFO - 	Finished converting image for hysteresis at D=600 nm and Ms=280 kA/m
2025/10/30 07:26:13 AM - __main__ - INFO - Running simulation for D=600 nm and Msat=300 kA/m
2025/10/30 07:26:16 AM - __main__ - INFO - 	 Simulation time=3.28 s
2025/10/30 07:26:28 AM - __main__ - INFO - 	Finished converting image for hysteresis at D=600 nm and Ms=300 kA/m
2025/10/30 07:26:28 AM - __main__ - INFO - Running simulation for D=600 nm and Msat=320 kA/m
2025/10/30 07:26:32 AM - __main__ - INFO - 	 Simulation time=3.37 s
2025/10/30 07:26:43 AM - __main__ - INFO - 	Finished converting image for hysteresis at D=600 nm and Ms=320 kA/m
2025/10/30 07:26:43 AM - __main__ - INFO - Running simulation for D=600 nm and Msat=340 kA/m
2025/10/30 07:26:47 AM - __main__ - INFO - 	 Simulation time=3.56 s
2025/10/30 07:26:58 AM - __main__ - INFO - 	Finished converting image for hysteresis at D=600 nm and Ms=340 kA/m
2025/10/30 07:26:58 AM - __main__ - INFO - Running simulation for D=600 nm and Msat=360 kA/m
2025/10/30 07:27:02 AM - __main__ - INFO - 	 Simulation time=3.71 s
2025/10/30 07:27:14 AM - __main__ - INFO - 	Finished converting image for hysteresis at D=600 nm and Ms=360 kA/m
2025/10/30 07:27:14 AM - __main__ - INFO - Running simulation for D=600 nm and Msat=380 kA/m
2025/10/30 07:27:17 AM - __main__ - INFO - 	 Simulation time=3.50 s
2025/10/30 07:27:29 AM - __main__ - INFO - 	Finished converting image for hysteresis at D=600 nm and Ms=380 kA/m
2025/10/30 07:27:29 AM - __main__ - INFO - Running simulation for D=600 nm and Msat=400 kA/m
2025/10/30 07:27:33 AM - __main__ - INFO - 	 Simulation time=3.56 s
2025/10/30 07:27:44 AM - __main__ - INFO - 	Finished converting image for hysteresis at D=600 nm and Ms=400 kA/m
2025/10/30 07:27:44 AM - __main__ - INFO - Running simulation for D=600 nm and Msat=420 kA/m
2025/10/30 07:27:48 AM - __main__ - INFO - 	 Simulation time=3.75 s
2025/10/30 07:28:00 AM - __main__ - INFO - 	Finished converting image for hysteresis at D=600 nm and Ms=420 kA/m
2025/10/30 07:28:00 AM - __main__ - INFO - Running simulation for D=600 nm and Msat=440 kA/m
2025/10/30 07:28:03 AM - __main__ - INFO - 	 Simulation time=3.87 s
2025/10/30 07:28:15 AM - __main__ - INFO - 	Finished converting image for hysteresis at D=600 nm and Ms=440 kA/m
2025/10/30 07:28:15 AM - __main__ - INFO - Running simulation for D=675 nm and Msat=260 kA/m
2025/10/30 07:28:19 AM - __main__ - INFO - 	 Simulation time=3.49 s
2025/10/30 07:28:31 AM - __main__ - INFO - 	Finished converting image for hysteresis at D=675 nm and Ms=260 kA/m
2025/10/30 07:28:31 AM - __main__ - INFO - Running simulation for D=675 nm and Msat=280 kA/m
2025/10/30 07:28:34 AM - __main__ - INFO - 	 Simulation time=3.50 s
2025/10/30 07:28:47 AM - __main__ - INFO - 	Finished converting image for hysteresis at D=675 nm and Ms=280 kA/m
2025/10/30 07:28:47 AM - __main__ - INFO - Running simulation for D=675 nm and Msat=300 kA/m
2025/10/30 07:28:50 AM - __main__ - INFO - 	 Simulation time=3.66 s
2025/10/30 07:29:03 AM - __main__ - INFO - 	Finished converting image for hysteresis at D=675 nm and Ms=300 kA/m
2025/10/30 07:29:03 AM - __main__ - INFO - Running simulation for D=675 nm and Msat=320 kA/m
2025/10/30 07:29:07 AM - __main__ - INFO - 	 Simulation time=3.75 s
2025/10/30 07:29:19 AM - __main__ - INFO - 	Finished converting image for hysteresis at D=675 nm and Ms=320 kA/m
2025/10/30 07:29:19 AM - __main__ - INFO - Running simulation for D=675 nm and Msat=340 kA/m
2025/10/30 07:29:23 AM - __main__ - INFO - 	 Simulation time=3.68 s
2025/10/30 07:29:35 AM - __main__ - INFO - 	Finished converting image for hysteresis at D=675 nm and Ms=340 kA/m
2025/10/30 07:29:35 AM - __main__ - INFO - Running simulation for D=675 nm and Msat=360 kA/m
2025/10/30 07:29:39 AM - __main__ - INFO - 	 Simulation time=3.70 s
2025/10/30 07:29:51 AM - __main__ - INFO - 	Finished converting image for hysteresis at D=675 nm and Ms=360 kA/m
2025/10/30 07:29:51 AM - __main__ - INFO - Running simulation for D=675 nm and Msat=380 kA/m
2025/10/30 07:29:55 AM - __main__ - INFO - 	 Simulation time=3.75 s
2025/10/30 07:30:07 AM - __main__ - INFO - 	Finished converting image for hysteresis at D=675 nm and Ms=380 kA/m
2025/10/30 07:30:07 AM - __main__ - INFO - Running simulation for D=675 nm and Msat=400 kA/m
2025/10/30 07:30:11 AM - __main__ - INFO - 	 Simulation time=3.82 s
2025/10/30 07:30:23 AM - __main__ - INFO - 	Finished converting image for hysteresis at D=675 nm and Ms=400 kA/m
2025/10/30 07:30:23 AM - __main__ - INFO - Running simulation for D=675 nm and Msat=420 kA/m
2025/10/30 07:30:27 AM - __main__ - INFO - 	 Simulation time=4.02 s
2025/10/30 07:30:40 AM - __main__ - INFO - 	Finished converting image for hysteresis at D=675 nm and Ms=420 kA/m
2025/10/30 07:30:40 AM - __main__ - INFO - Running simulation for D=675 nm and Msat=440 kA/m
2025/10/30 07:30:44 AM - __main__ - INFO - 	 Simulation time=4.57 s
2025/10/30 07:30:57 AM - __main__ - INFO - 	Finished converting image for hysteresis at D=675 nm and Ms=440 kA/m
2025/10/30 07:30:57 AM - __main__ - INFO - Running simulation for D=750 nm and Msat=260 kA/m
2025/10/30 07:31:00 AM - __main__ - INFO - 	 Simulation time=3.80 s
2025/10/30 07:31:13 AM - __main__ - INFO - 	Finished converting image for hysteresis at D=750 nm and Ms=260 kA/m
2025/10/30 07:31:13 AM - __main__ - INFO - Running simulation for D=750 nm and Msat=280 kA/m
2025/10/30 07:31:17 AM - __main__ - INFO - 	 Simulation time=3.99 s
2025/10/30 07:31:30 AM - __main__ - INFO - 	Finished converting image for hysteresis at D=750 nm and Ms=280 kA/m
2025/10/30 07:31:30 AM - __main__ - INFO - Running simulation for D=750 nm and Msat=300 kA/m
2025/10/30 07:31:34 AM - __main__ - INFO - 	 Simulation time=4.05 s
2025/10/30 07:31:46 AM - __main__ - INFO - 	Finished converting image for hysteresis at D=750 nm and Ms=300 kA/m
2025/10/30 07:31:46 AM - __main__ - INFO - Running simulation for D=750 nm and Msat=320 kA/m
2025/10/30 07:31:50 AM - __main__ - INFO - 	 Simulation time=3.93 s
2025/10/30 07:32:03 AM - __main__ - INFO - 	Finished converting image for hysteresis at D=750 nm and Ms=320 kA/m
2025/10/30 07:32:03 AM - __main__ - INFO - Running simulation for D=750 nm and Msat=340 kA/m
2025/10/30 07:32:07 AM - __main__ - INFO - 	 Simulation time=3.97 s
2025/10/30 07:32:19 AM - __main__ - INFO - 	Finished converting image for hysteresis at D=750 nm and Ms=340 kA/m
2025/10/30 07:32:19 AM - __main__ - INFO - Running simulation for D=750 nm and Msat=360 kA/m
2025/10/30 07:32:23 AM - __main__ - INFO - 	 Simulation time=3.80 s
2025/10/30 07:32:36 AM - __main__ - INFO - 	Finished converting image for hysteresis at D=750 nm and Ms=360 kA/m
2025/10/30 07:32:36 AM - __main__ - INFO - Running simulation for D=750 nm and Msat=380 kA/m
2025/10/30 07:32:40 AM - __main__ - INFO - 	 Simulation time=3.88 s
2025/10/30 07:32:52 AM - __main__ - INFO - 	Finished converting image for hysteresis at D=750 nm and Ms=380 kA/m
2025/10/30 07:32:52 AM - __main__ - INFO - Running simulation for D=750 nm and Msat=400 kA/m
2025/10/30 07:32:57 AM - __main__ - INFO - 	 Simulation time=4.22 s
2025/10/30 07:33:09 AM - __main__ - INFO - 	Finished converting image for hysteresis at D=750 nm and Ms=400 kA/m
2025/10/30 07:33:09 AM - __main__ - INFO - Running simulation for D=750 nm and Msat=420 kA/m
2025/10/30 07:33:13 AM - __main__ - INFO - 	 Simulation time=4.05 s
2025/10/30 07:33:26 AM - __main__ - INFO - 	Finished converting image for hysteresis at D=750 nm and Ms=420 kA/m
2025/10/30 07:33:26 AM - __main__ - INFO - Running simulation for D=750 nm and Msat=440 kA/m
2025/10/30 07:33:30 AM - __main__ - INFO - 	 Simulation time=4.26 s
2025/10/30 07:33:43 AM - __main__ - INFO - 	Finished converting image for hysteresis at D=750 nm and Ms=440 kA/m
2025/10/30 07:33:43 AM - __main__ - INFO - ---FOR Ku = 0.5 MJ/m3---
2025/10/30 07:33:43 AM - __main__ - INFO - Running simulation for D=150 nm and Msat=260 kA/m
2025/10/30 07:33:45 AM - __main__ - INFO - 	 Simulation time=2.64 s
2025/10/30 07:33:55 AM - __main__ - INFO - 	Finished converting image for hysteresis at D=150 nm and Ms=260 kA/m
2025/10/30 07:33:55 AM - __main__ - INFO - Running simulation for D=150 nm and Msat=280 kA/m
2025/10/30 07:33:58 AM - __main__ - INFO - 	 Simulation time=2.60 s
2025/10/30 07:34:07 AM - __main__ - INFO - 	Finished converting image for hysteresis at D=150 nm and Ms=280 kA/m
2025/10/30 07:34:07 AM - __main__ - INFO - Running simulation for D=150 nm and Msat=300 kA/m
2025/10/30 07:34:10 AM - __main__ - INFO - 	 Simulation time=2.60 s
2025/10/30 07:34:19 AM - __main__ - INFO - 	Finished converting image for hysteresis at D=150 nm and Ms=300 kA/m
2025/10/30 07:34:19 AM - __main__ - INFO - Running simulation for D=150 nm and Msat=320 kA/m
2025/10/30 07:34:22 AM - __main__ - INFO - 	 Simulation time=2.63 s
2025/10/30 07:34:31 AM - __main__ - INFO - 	Finished converting image for hysteresis at D=150 nm and Ms=320 kA/m
2025/10/30 07:34:31 AM - __main__ - INFO - Running simulation for D=150 nm and Msat=340 kA/m
2025/10/30 07:34:34 AM - __main__ - INFO - 	 Simulation time=2.61 s
2025/10/30 07:34:44 AM - __main__ - INFO - 	Finished converting image for hysteresis at D=150 nm and Ms=340 kA/m
2025/10/30 07:34:44 AM - __main__ - INFO - Running simulation for D=150 nm and Msat=360 kA/m
2025/10/30 07:34:46 AM - __main__ - INFO - 	 Simulation time=2.84 s
2025/10/30 07:34:56 AM - __main__ - INFO - 	Finished converting image for hysteresis at D=150 nm and Ms=360 kA/m
2025/10/30 07:34:56 AM - __main__ - INFO - Running simulation for D=150 nm and Msat=380 kA/m
2025/10/30 07:34:59 AM - __main__ - INFO - 	 Simulation time=2.92 s
2025/10/30 07:35:08 AM - __main__ - INFO - 	Finished converting image for hysteresis at D=150 nm and Ms=380 kA/m
2025/10/30 07:35:08 AM - __main__ - INFO - Running simulation for D=150 nm and Msat=400 kA/m
2025/10/30 07:35:11 AM - __main__ - INFO - 	 Simulation time=2.81 s
2025/10/30 07:35:21 AM - __main__ - INFO - 	Finished converting image for hysteresis at D=150 nm and Ms=400 kA/m
2025/10/30 07:35:21 AM - __main__ - INFO - Running simulation for D=150 nm and Msat=420 kA/m
2025/10/30 07:35:24 AM - __main__ - INFO - 	 Simulation time=2.80 s
2025/10/30 07:35:33 AM - __main__ - INFO - 	Finished converting image for hysteresis at D=150 nm and Ms=420 kA/m
2025/10/30 07:35:33 AM - __main__ - INFO - Running simulation for D=150 nm and Msat=440 kA/m
2025/10/30 07:35:36 AM - __main__ - INFO - 	 Simulation time=2.87 s
2025/10/30 07:35:46 AM - __main__ - INFO - 	Finished converting image for hysteresis at D=150 nm and Ms=440 kA/m
2025/10/30 07:35:46 AM - __main__ - INFO - Running simulation for D=225 nm and Msat=260 kA/m
2025/10/30 07:35:48 AM - __main__ - INFO - 	 Simulation time=2.73 s
2025/10/30 07:35:58 AM - __main__ - INFO - 	Finished converting image for hysteresis at D=225 nm and Ms=260 kA/m
2025/10/30 07:35:58 AM - __main__ - INFO - Running simulation for D=225 nm and Msat=280 kA/m
2025/10/30 07:36:01 AM - __main__ - INFO - 	 Simulation time=2.72 s
2025/10/30 07:36:11 AM - __main__ - INFO - 	Finished converting image for hysteresis at D=225 nm and Ms=280 kA/m
2025/10/30 07:36:11 AM - __main__ - INFO - Running simulation for D=225 nm and Msat=300 kA/m
2025/10/30 07:36:13 AM - __main__ - INFO - 	 Simulation time=2.77 s
2025/10/30 07:36:23 AM - __main__ - INFO - 	Finished converting image for hysteresis at D=225 nm and Ms=300 kA/m
2025/10/30 07:36:23 AM - __main__ - INFO - Running simulation for D=225 nm and Msat=320 kA/m
2025/10/30 07:36:26 AM - __main__ - INFO - 	 Simulation time=2.87 s
2025/10/30 07:36:36 AM - __main__ - INFO - 	Finished converting image for hysteresis at D=225 nm and Ms=320 kA/m
2025/10/30 07:36:36 AM - __main__ - INFO - Running simulation for D=225 nm and Msat=340 kA/m
2025/10/30 07:36:39 AM - __main__ - INFO - 	 Simulation time=2.95 s
2025/10/30 07:36:49 AM - __main__ - INFO - 	Finished converting image for hysteresis at D=225 nm and Ms=340 kA/m
2025/10/30 07:36:49 AM - __main__ - INFO - Running simulation for D=225 nm and Msat=360 kA/m
2025/10/30 07:36:52 AM - __main__ - INFO - 	 Simulation time=3.23 s
2025/10/30 07:37:02 AM - __main__ - INFO - 	Finished converting image for hysteresis at D=225 nm and Ms=360 kA/m
2025/10/30 07:37:02 AM - __main__ - INFO - Running simulation for D=225 nm and Msat=380 kA/m
2025/10/30 07:37:05 AM - __main__ - INFO - 	 Simulation time=3.48 s
2025/10/30 07:37:15 AM - __main__ - INFO - 	Finished converting image for hysteresis at D=225 nm and Ms=380 kA/m
2025/10/30 07:37:15 AM - __main__ - INFO - Running simulation for D=225 nm and Msat=400 kA/m
2025/10/30 07:37:18 AM - __main__ - INFO - 	 Simulation time=3.35 s
2025/10/30 07:37:28 AM - __main__ - INFO - 	Finished converting image for hysteresis at D=225 nm and Ms=400 kA/m
2025/10/30 07:37:28 AM - __main__ - INFO - Running simulation for D=225 nm and Msat=420 kA/m
2025/10/30 07:37:31 AM - __main__ - INFO - 	 Simulation time=3.32 s
2025/10/30 07:37:41 AM - __main__ - INFO - 	Finished converting image for hysteresis at D=225 nm and Ms=420 kA/m
2025/10/30 07:37:41 AM - __main__ - INFO - Running simulation for D=225 nm and Msat=440 kA/m
2025/10/30 07:37:44 AM - __main__ - INFO - 	 Simulation time=3.35 s
2025/10/30 07:37:54 AM - __main__ - INFO - 	Finished converting image for hysteresis at D=225 nm and Ms=440 kA/m
2025/10/30 07:37:54 AM - __main__ - INFO - Running simulation for D=300 nm and Msat=260 kA/m
2025/10/30 07:37:57 AM - __main__ - INFO - 	 Simulation time=2.76 s
2025/10/30 07:38:07 AM - __main__ - INFO - 	Finished converting image for hysteresis at D=300 nm and Ms=260 kA/m
2025/10/30 07:38:07 AM - __main__ - INFO - Running simulation for D=300 nm and Msat=280 kA/m
2025/10/30 07:38:10 AM - __main__ - INFO - 	 Simulation time=2.90 s
2025/10/30 07:38:19 AM - __main__ - INFO - 	Finished converting image for hysteresis at D=300 nm and Ms=280 kA/m
2025/10/30 07:38:19 AM - __main__ - INFO - Running simulation for D=300 nm and Msat=300 kA/m
2025/10/30 07:38:22 AM - __main__ - INFO - 	 Simulation time=2.94 s
2025/10/30 07:38:32 AM - __main__ - INFO - 	Finished converting image for hysteresis at D=300 nm and Ms=300 kA/m
2025/10/30 07:38:32 AM - __main__ - INFO - Running simulation for D=300 nm and Msat=320 kA/m
2025/10/30 07:38:35 AM - __main__ - INFO - 	 Simulation time=2.90 s
2025/10/30 07:38:45 AM - __main__ - INFO - 	Finished converting image for hysteresis at D=300 nm and Ms=320 kA/m
2025/10/30 07:38:45 AM - __main__ - INFO - Running simulation for D=300 nm and Msat=340 kA/m
2025/10/30 07:38:48 AM - __main__ - INFO - 	 Simulation time=2.79 s
2025/10/30 07:38:57 AM - __main__ - INFO - 	Finished converting image for hysteresis at D=300 nm and Ms=340 kA/m
2025/10/30 07:38:57 AM - __main__ - INFO - Running simulation for D=300 nm and Msat=360 kA/m
2025/10/30 07:39:00 AM - __main__ - INFO - 	 Simulation time=3.08 s
2025/10/30 07:39:10 AM - __main__ - INFO - 	Finished converting image for hysteresis at D=300 nm and Ms=360 kA/m
2025/10/30 07:39:10 AM - __main__ - INFO - Running simulation for D=300 nm and Msat=380 kA/m
2025/10/30 07:39:13 AM - __main__ - INFO - 	 Simulation time=2.71 s
2025/10/30 07:39:23 AM - __main__ - INFO - 	Finished converting image for hysteresis at D=300 nm and Ms=380 kA/m
2025/10/30 07:39:23 AM - __main__ - INFO - Running simulation for D=300 nm and Msat=400 kA/m
2025/10/30 07:39:25 AM - __main__ - INFO - 	 Simulation time=2.83 s
2025/10/30 07:39:35 AM - __main__ - INFO - 	Finished converting image for hysteresis at D=300 nm and Ms=400 kA/m
2025/10/30 07:39:35 AM - __main__ - INFO - Running simulation for D=300 nm and Msat=420 kA/m
2025/10/30 07:39:38 AM - __main__ - INFO - 	 Simulation time=2.99 s
2025/10/30 07:39:48 AM - __main__ - INFO - 	Finished converting image for hysteresis at D=300 nm and Ms=420 kA/m
2025/10/30 07:39:48 AM - __main__ - INFO - Running simulation for D=300 nm and Msat=440 kA/m
2025/10/30 07:39:51 AM - __main__ - INFO - 	 Simulation time=3.01 s
2025/10/30 07:40:01 AM - __main__ - INFO - 	Finished converting image for hysteresis at D=300 nm and Ms=440 kA/m
2025/10/30 07:40:01 AM - __main__ - INFO - Running simulation for D=375 nm and Msat=260 kA/m
2025/10/30 07:40:04 AM - __main__ - INFO - 	 Simulation time=2.98 s
2025/10/30 07:40:14 AM - __main__ - INFO - 	Finished converting image for hysteresis at D=375 nm and Ms=260 kA/m
2025/10/30 07:40:14 AM - __main__ - INFO - Running simulation for D=375 nm and Msat=280 kA/m
2025/10/30 07:40:17 AM - __main__ - INFO - 	 Simulation time=2.95 s
2025/10/30 07:40:26 AM - __main__ - INFO - 	Finished converting image for hysteresis at D=375 nm and Ms=280 kA/m
2025/10/30 07:40:26 AM - __main__ - INFO - Running simulation for D=375 nm and Msat=300 kA/m
2025/10/30 07:40:29 AM - __main__ - INFO - 	 Simulation time=2.86 s
2025/10/30 07:40:39 AM - __main__ - INFO - 	Finished converting image for hysteresis at D=375 nm and Ms=300 kA/m
2025/10/30 07:40:39 AM - __main__ - INFO - Running simulation for D=375 nm and Msat=320 kA/m
2025/10/30 07:40:42 AM - __main__ - INFO - 	 Simulation time=2.89 s
2025/10/30 07:40:52 AM - __main__ - INFO - 	Finished converting image for hysteresis at D=375 nm and Ms=320 kA/m
2025/10/30 07:40:52 AM - __main__ - INFO - Running simulation for D=375 nm and Msat=340 kA/m
2025/10/30 07:40:55 AM - __main__ - INFO - 	 Simulation time=3.22 s
2025/10/30 07:41:05 AM - __main__ - INFO - 	Finished converting image for hysteresis at D=375 nm and Ms=340 kA/m
2025/10/30 07:41:05 AM - __main__ - INFO - Running simulation for D=375 nm and Msat=360 kA/m
2025/10/30 07:41:08 AM - __main__ - INFO - 	 Simulation time=3.17 s
2025/10/30 07:41:18 AM - __main__ - INFO - 	Finished converting image for hysteresis at D=375 nm and Ms=360 kA/m
2025/10/30 07:41:18 AM - __main__ - INFO - Running simulation for D=375 nm and Msat=380 kA/m
2025/10/30 07:41:21 AM - __main__ - INFO - 	 Simulation time=3.07 s
2025/10/30 07:41:31 AM - __main__ - INFO - 	Finished converting image for hysteresis at D=375 nm and Ms=380 kA/m
2025/10/30 07:41:31 AM - __main__ - INFO - Running simulation for D=375 nm and Msat=400 kA/m
2025/10/30 07:41:34 AM - __main__ - INFO - 	 Simulation time=3.09 s
2025/10/30 07:41:44 AM - __main__ - INFO - 	Finished converting image for hysteresis at D=375 nm and Ms=400 kA/m
2025/10/30 07:41:44 AM - __main__ - INFO - Running simulation for D=375 nm and Msat=420 kA/m
2025/10/30 07:41:47 AM - __main__ - INFO - 	 Simulation time=3.10 s
2025/10/30 07:41:57 AM - __main__ - INFO - 	Finished converting image for hysteresis at D=375 nm and Ms=420 kA/m
2025/10/30 07:41:57 AM - __main__ - INFO - Running simulation for D=375 nm and Msat=440 kA/m
2025/10/30 07:42:00 AM - __main__ - INFO - 	 Simulation time=3.24 s
2025/10/30 07:42:10 AM - __main__ - INFO - 	Finished converting image for hysteresis at D=375 nm and Ms=440 kA/m
2025/10/30 07:42:10 AM - __main__ - INFO - Running simulation for D=450 nm and Msat=260 kA/m
2025/10/30 07:42:13 AM - __main__ - INFO - 	 Simulation time=2.72 s
2025/10/30 07:42:24 AM - __main__ - INFO - 	Finished converting image for hysteresis at D=450 nm and Ms=260 kA/m
2025/10/30 07:42:24 AM - __main__ - INFO - Running simulation for D=450 nm and Msat=280 kA/m
2025/10/30 07:42:27 AM - __main__ - INFO - 	 Simulation time=2.72 s
2025/10/30 07:42:38 AM - __main__ - INFO - 	Finished converting image for hysteresis at D=450 nm and Ms=280 kA/m
2025/10/30 07:42:38 AM - __main__ - INFO - Running simulation for D=450 nm and Msat=300 kA/m
2025/10/30 07:42:41 AM - __main__ - INFO - 	 Simulation time=2.82 s
2025/10/30 07:42:52 AM - __main__ - INFO - 	Finished converting image for hysteresis at D=450 nm and Ms=300 kA/m
2025/10/30 07:42:52 AM - __main__ - INFO - Running simulation for D=450 nm and Msat=320 kA/m
2025/10/30 07:42:55 AM - __main__ - INFO - 	 Simulation time=3.00 s
2025/10/30 07:43:07 AM - __main__ - INFO - 	Finished converting image for hysteresis at D=450 nm and Ms=320 kA/m
2025/10/30 07:43:07 AM - __main__ - INFO - Running simulation for D=450 nm and Msat=340 kA/m
2025/10/30 07:43:10 AM - __main__ - INFO - 	 Simulation time=3.04 s
2025/10/30 07:43:21 AM - __main__ - INFO - 	Finished converting image for hysteresis at D=450 nm and Ms=340 kA/m
2025/10/30 07:43:21 AM - __main__ - INFO - Running simulation for D=450 nm and Msat=360 kA/m
2025/10/30 07:43:24 AM - __main__ - INFO - 	 Simulation time=3.20 s
2025/10/30 07:43:36 AM - __main__ - INFO - 	Finished converting image for hysteresis at D=450 nm and Ms=360 kA/m
2025/10/30 07:43:36 AM - __main__ - INFO - Running simulation for D=450 nm and Msat=380 kA/m
2025/10/30 07:43:39 AM - __main__ - INFO - 	 Simulation time=3.24 s
2025/10/30 07:43:50 AM - __main__ - INFO - 	Finished converting image for hysteresis at D=450 nm and Ms=380 kA/m
2025/10/30 07:43:50 AM - __main__ - INFO - Running simulation for D=450 nm and Msat=400 kA/m
2025/10/30 07:43:54 AM - __main__ - INFO - 	 Simulation time=3.24 s
2025/10/30 07:44:05 AM - __main__ - INFO - 	Finished converting image for hysteresis at D=450 nm and Ms=400 kA/m
2025/10/30 07:44:05 AM - __main__ - INFO - Running simulation for D=450 nm and Msat=420 kA/m
2025/10/30 07:44:08 AM - __main__ - INFO - 	 Simulation time=3.07 s
2025/10/30 07:44:19 AM - __main__ - INFO - 	Finished converting image for hysteresis at D=450 nm and Ms=420 kA/m
2025/10/30 07:44:19 AM - __main__ - INFO - Running simulation for D=450 nm and Msat=440 kA/m
2025/10/30 07:44:22 AM - __main__ - INFO - 	 Simulation time=2.98 s
2025/10/30 07:44:34 AM - __main__ - INFO - 	Finished converting image for hysteresis at D=450 nm and Ms=440 kA/m
2025/10/30 07:44:34 AM - __main__ - INFO - Running simulation for D=525 nm and Msat=260 kA/m
2025/10/30 07:44:37 AM - __main__ - INFO - 	 Simulation time=3.00 s
2025/10/30 07:44:48 AM - __main__ - INFO - 	Finished converting image for hysteresis at D=525 nm and Ms=260 kA/m
2025/10/30 07:44:48 AM - __main__ - INFO - Running simulation for D=525 nm and Msat=280 kA/m
2025/10/30 07:44:51 AM - __main__ - INFO - 	 Simulation time=3.40 s
2025/10/30 07:45:03 AM - __main__ - INFO - 	Finished converting image for hysteresis at D=525 nm and Ms=280 kA/m
2025/10/30 07:45:03 AM - __main__ - INFO - Running simulation for D=525 nm and Msat=300 kA/m
2025/10/30 07:45:06 AM - __main__ - INFO - 	 Simulation time=3.07 s
2025/10/30 07:45:17 AM - __main__ - INFO - 	Finished converting image for hysteresis at D=525 nm and Ms=300 kA/m
2025/10/30 07:45:17 AM - __main__ - INFO - Running simulation for D=525 nm and Msat=320 kA/m
2025/10/30 07:45:20 AM - __main__ - INFO - 	 Simulation time=3.08 s
2025/10/30 07:45:31 AM - __main__ - INFO - 	Finished converting image for hysteresis at D=525 nm and Ms=320 kA/m
2025/10/30 07:45:31 AM - __main__ - INFO - Running simulation for D=525 nm and Msat=340 kA/m
2025/10/30 07:45:34 AM - __main__ - INFO - 	 Simulation time=3.03 s
2025/10/30 07:45:46 AM - __main__ - INFO - 	Finished converting image for hysteresis at D=525 nm and Ms=340 kA/m
2025/10/30 07:45:46 AM - __main__ - INFO - Running simulation for D=525 nm and Msat=360 kA/m
2025/10/30 07:45:49 AM - __main__ - INFO - 	 Simulation time=3.29 s
2025/10/30 07:46:00 AM - __main__ - INFO - 	Finished converting image for hysteresis at D=525 nm and Ms=360 kA/m
2025/10/30 07:46:00 AM - __main__ - INFO - Running simulation for D=525 nm and Msat=380 kA/m
2025/10/30 07:46:03 AM - __main__ - INFO - 	 Simulation time=3.20 s
2025/10/30 07:46:15 AM - __main__ - INFO - 	Finished converting image for hysteresis at D=525 nm and Ms=380 kA/m
2025/10/30 07:46:15 AM - __main__ - INFO - Running simulation for D=525 nm and Msat=400 kA/m
2025/10/30 07:46:18 AM - __main__ - INFO - 	 Simulation time=3.26 s
2025/10/30 07:46:29 AM - __main__ - INFO - 	Finished converting image for hysteresis at D=525 nm and Ms=400 kA/m
2025/10/30 07:46:29 AM - __main__ - INFO - Running simulation for D=525 nm and Msat=420 kA/m
2025/10/30 07:46:33 AM - __main__ - INFO - 	 Simulation time=3.35 s
2025/10/30 07:46:44 AM - __main__ - INFO - 	Finished converting image for hysteresis at D=525 nm and Ms=420 kA/m
2025/10/30 07:46:44 AM - __main__ - INFO - Running simulation for D=525 nm and Msat=440 kA/m
2025/10/30 07:46:47 AM - __main__ - INFO - 	 Simulation time=3.55 s
2025/10/30 07:46:59 AM - __main__ - INFO - 	Finished converting image for hysteresis at D=525 nm and Ms=440 kA/m
2025/10/30 07:46:59 AM - __main__ - INFO - Running simulation for D=600 nm and Msat=260 kA/m
2025/10/30 07:47:02 AM - __main__ - INFO - 	 Simulation time=3.01 s
2025/10/30 07:47:13 AM - __main__ - INFO - 	Finished converting image for hysteresis at D=600 nm and Ms=260 kA/m
2025/10/30 07:47:13 AM - __main__ - INFO - Running simulation for D=600 nm and Msat=280 kA/m
2025/10/30 07:47:17 AM - __main__ - INFO - 	 Simulation time=3.07 s
2025/10/30 07:47:28 AM - __main__ - INFO - 	Finished converting image for hysteresis at D=600 nm and Ms=280 kA/m
2025/10/30 07:47:28 AM - __main__ - INFO - Running simulation for D=600 nm and Msat=300 kA/m
2025/10/30 07:47:31 AM - __main__ - INFO - 	 Simulation time=3.12 s
2025/10/30 07:47:43 AM - __main__ - INFO - 	Finished converting image for hysteresis at D=600 nm and Ms=300 kA/m
2025/10/30 07:47:43 AM - __main__ - INFO - Running simulation for D=600 nm and Msat=320 kA/m
2025/10/30 07:47:46 AM - __main__ - INFO - 	 Simulation time=3.06 s
2025/10/30 07:47:58 AM - __main__ - INFO - 	Finished converting image for hysteresis at D=600 nm and Ms=320 kA/m
2025/10/30 07:47:58 AM - __main__ - INFO - Running simulation for D=600 nm and Msat=340 kA/m
2025/10/30 07:48:01 AM - __main__ - INFO - 	 Simulation time=3.08 s
2025/10/30 07:48:13 AM - __main__ - INFO - 	Finished converting image for hysteresis at D=600 nm and Ms=340 kA/m
2025/10/30 07:48:13 AM - __main__ - INFO - Running simulation for D=600 nm and Msat=360 kA/m
2025/10/30 07:48:16 AM - __main__ - INFO - 	 Simulation time=3.15 s
2025/10/30 07:48:27 AM - __main__ - INFO - 	Finished converting image for hysteresis at D=600 nm and Ms=360 kA/m
2025/10/30 07:48:27 AM - __main__ - INFO - Running simulation for D=600 nm and Msat=380 kA/m
2025/10/30 07:48:31 AM - __main__ - INFO - 	 Simulation time=3.13 s
2025/10/30 07:48:42 AM - __main__ - INFO - 	Finished converting image for hysteresis at D=600 nm and Ms=380 kA/m
2025/10/30 07:48:42 AM - __main__ - INFO - Running simulation for D=600 nm and Msat=400 kA/m
2025/10/30 07:48:46 AM - __main__ - INFO - 	 Simulation time=3.61 s
2025/10/30 07:48:58 AM - __main__ - INFO - 	Finished converting image for hysteresis at D=600 nm and Ms=400 kA/m
2025/10/30 07:48:58 AM - __main__ - INFO - Running simulation for D=600 nm and Msat=420 kA/m
2025/10/30 07:49:01 AM - __main__ - INFO - 	 Simulation time=3.60 s
2025/10/30 07:49:13 AM - __main__ - INFO - 	Finished converting image for hysteresis at D=600 nm and Ms=420 kA/m
2025/10/30 07:49:13 AM - __main__ - INFO - Running simulation for D=600 nm and Msat=440 kA/m
2025/10/30 07:49:16 AM - __main__ - INFO - 	 Simulation time=3.54 s
2025/10/30 07:49:28 AM - __main__ - INFO - 	Finished converting image for hysteresis at D=600 nm and Ms=440 kA/m
2025/10/30 07:49:28 AM - __main__ - INFO - Running simulation for D=675 nm and Msat=260 kA/m
2025/10/30 07:49:32 AM - __main__ - INFO - 	 Simulation time=3.44 s
2025/10/30 07:49:44 AM - __main__ - INFO - 	Finished converting image for hysteresis at D=675 nm and Ms=260 kA/m
2025/10/30 07:49:44 AM - __main__ - INFO - Running simulation for D=675 nm and Msat=280 kA/m
2025/10/30 07:49:47 AM - __main__ - INFO - 	 Simulation time=3.48 s
2025/10/30 07:50:00 AM - __main__ - INFO - 	Finished converting image for hysteresis at D=675 nm and Ms=280 kA/m
2025/10/30 07:50:00 AM - __main__ - INFO - Running simulation for D=675 nm and Msat=300 kA/m
2025/10/30 07:50:03 AM - __main__ - INFO - 	 Simulation time=3.42 s
2025/10/30 07:50:16 AM - __main__ - INFO - 	Finished converting image for hysteresis at D=675 nm and Ms=300 kA/m
2025/10/30 07:50:16 AM - __main__ - INFO - Running simulation for D=675 nm and Msat=320 kA/m
2025/10/30 07:50:19 AM - __main__ - INFO - 	 Simulation time=3.27 s
2025/10/30 07:50:31 AM - __main__ - INFO - 	Finished converting image for hysteresis at D=675 nm and Ms=320 kA/m
2025/10/30 07:50:31 AM - __main__ - INFO - Running simulation for D=675 nm and Msat=340 kA/m
2025/10/30 07:50:35 AM - __main__ - INFO - 	 Simulation time=3.31 s
2025/10/30 07:50:47 AM - __main__ - INFO - 	Finished converting image for hysteresis at D=675 nm and Ms=340 kA/m
2025/10/30 07:50:47 AM - __main__ - INFO - Running simulation for D=675 nm and Msat=360 kA/m
2025/10/30 07:50:51 AM - __main__ - INFO - 	 Simulation time=3.53 s
2025/10/30 07:51:03 AM - __main__ - INFO - 	Finished converting image for hysteresis at D=675 nm and Ms=360 kA/m
2025/10/30 07:51:03 AM - __main__ - INFO - Running simulation for D=675 nm and Msat=380 kA/m
2025/10/30 07:51:06 AM - __main__ - INFO - 	 Simulation time=3.59 s
2025/10/30 07:51:19 AM - __main__ - INFO - 	Finished converting image for hysteresis at D=675 nm and Ms=380 kA/m
2025/10/30 07:51:19 AM - __main__ - INFO - Running simulation for D=675 nm and Msat=400 kA/m
2025/10/30 07:51:22 AM - __main__ - INFO - 	 Simulation time=3.46 s
2025/10/30 07:51:35 AM - __main__ - INFO - 	Finished converting image for hysteresis at D=675 nm and Ms=400 kA/m
2025/10/30 07:51:35 AM - __main__ - INFO - Running simulation for D=675 nm and Msat=420 kA/m
2025/10/30 07:51:38 AM - __main__ - INFO - 	 Simulation time=3.51 s
2025/10/30 07:51:51 AM - __main__ - INFO - 	Finished converting image for hysteresis at D=675 nm and Ms=420 kA/m
2025/10/30 07:51:51 AM - __main__ - INFO - Running simulation for D=675 nm and Msat=440 kA/m
2025/10/30 07:51:54 AM - __main__ - INFO - 	 Simulation time=3.70 s
2025/10/30 07:52:07 AM - __main__ - INFO - 	Finished converting image for hysteresis at D=675 nm and Ms=440 kA/m
2025/10/30 07:52:07 AM - __main__ - INFO - Running simulation for D=750 nm and Msat=260 kA/m
2025/10/30 07:52:10 AM - __main__ - INFO - 	 Simulation time=3.37 s
2025/10/30 07:52:23 AM - __main__ - INFO - 	Finished converting image for hysteresis at D=750 nm and Ms=260 kA/m
2025/10/30 07:52:23 AM - __main__ - INFO - Running simulation for D=750 nm and Msat=280 kA/m
2025/10/30 07:52:26 AM - __main__ - INFO - 	 Simulation time=3.38 s
2025/10/30 07:52:39 AM - __main__ - INFO - 	Finished converting image for hysteresis at D=750 nm and Ms=280 kA/m
2025/10/30 07:52:39 AM - __main__ - INFO - Running simulation for D=750 nm and Msat=300 kA/m
2025/10/30 07:52:42 AM - __main__ - INFO - 	 Simulation time=3.28 s
2025/10/30 07:52:54 AM - __main__ - INFO - 	Finished converting image for hysteresis at D=750 nm and Ms=300 kA/m
2025/10/30 07:52:54 AM - __main__ - INFO - Running simulation for D=750 nm and Msat=320 kA/m
2025/10/30 07:52:58 AM - __main__ - INFO - 	 Simulation time=3.46 s
2025/10/30 07:53:10 AM - __main__ - INFO - 	Finished converting image for hysteresis at D=750 nm and Ms=320 kA/m
2025/10/30 07:53:10 AM - __main__ - INFO - Running simulation for D=750 nm and Msat=340 kA/m
2025/10/30 07:53:14 AM - __main__ - INFO - 	 Simulation time=3.41 s
2025/10/30 07:53:27 AM - __main__ - INFO - 	Finished converting image for hysteresis at D=750 nm and Ms=340 kA/m
2025/10/30 07:53:27 AM - __main__ - INFO - Running simulation for D=750 nm and Msat=360 kA/m
2025/10/30 07:53:30 AM - __main__ - INFO - 	 Simulation time=3.61 s
2025/10/30 07:53:43 AM - __main__ - INFO - 	Finished converting image for hysteresis at D=750 nm and Ms=360 kA/m
2025/10/30 07:53:43 AM - __main__ - INFO - Running simulation for D=750 nm and Msat=380 kA/m
2025/10/30 07:53:46 AM - __main__ - INFO - 	 Simulation time=3.60 s
2025/10/30 07:53:59 AM - __main__ - INFO - 	Finished converting image for hysteresis at D=750 nm and Ms=380 kA/m
2025/10/30 07:53:59 AM - __main__ - INFO - Running simulation for D=750 nm and Msat=400 kA/m
2025/10/30 07:54:03 AM - __main__ - INFO - 	 Simulation time=3.62 s
2025/10/30 07:54:15 AM - __main__ - INFO - 	Finished converting image for hysteresis at D=750 nm and Ms=400 kA/m
2025/10/30 07:54:15 AM - __main__ - INFO - Running simulation for D=750 nm and Msat=420 kA/m
2025/10/30 07:54:19 AM - __main__ - INFO - 	 Simulation time=3.68 s
2025/10/30 07:54:32 AM - __main__ - INFO - 	Finished converting image for hysteresis at D=750 nm and Ms=420 kA/m
2025/10/30 07:54:32 AM - __main__ - INFO - Running simulation for D=750 nm and Msat=440 kA/m
2025/10/30 07:54:35 AM - __main__ - INFO - 	 Simulation time=3.70 s
2025/10/30 07:54:48 AM - __main__ - INFO - 	Finished converting image for hysteresis at D=750 nm and Ms=440 kA/m
2025/10/30 07:54:48 AM - __main__ - INFO - ---FOR Ku = 0.6 MJ/m3---
2025/10/30 07:54:48 AM - __main__ - INFO - Running simulation for D=150 nm and Msat=260 kA/m
2025/10/30 07:54:51 AM - __main__ - INFO - 	 Simulation time=2.65 s
2025/10/30 07:55:00 AM - __main__ - INFO - 	Finished converting image for hysteresis at D=150 nm and Ms=260 kA/m
2025/10/30 07:55:00 AM - __main__ - INFO - Running simulation for D=150 nm and Msat=280 kA/m
2025/10/30 07:55:03 AM - __main__ - INFO - 	 Simulation time=2.72 s
2025/10/30 07:55:12 AM - __main__ - INFO - 	Finished converting image for hysteresis at D=150 nm and Ms=280 kA/m
2025/10/30 07:55:12 AM - __main__ - INFO - Running simulation for D=150 nm and Msat=300 kA/m
2025/10/30 07:55:15 AM - __main__ - INFO - 	 Simulation time=2.80 s
2025/10/30 07:55:25 AM - __main__ - INFO - 	Finished converting image for hysteresis at D=150 nm and Ms=300 kA/m
2025/10/30 07:55:25 AM - __main__ - INFO - Running simulation for D=150 nm and Msat=320 kA/m
2025/10/30 07:55:27 AM - __main__ - INFO - 	 Simulation time=2.71 s
2025/10/30 07:55:37 AM - __main__ - INFO - 	Finished converting image for hysteresis at D=150 nm and Ms=320 kA/m
2025/10/30 07:55:37 AM - __main__ - INFO - Running simulation for D=150 nm and Msat=340 kA/m
2025/10/30 07:55:40 AM - __main__ - INFO - 	 Simulation time=2.91 s
2025/10/30 07:55:49 AM - __main__ - INFO - 	Finished converting image for hysteresis at D=150 nm and Ms=340 kA/m
2025/10/30 07:55:49 AM - __main__ - INFO - Running simulation for D=150 nm and Msat=360 kA/m
2025/10/30 07:55:52 AM - __main__ - INFO - 	 Simulation time=2.76 s
2025/10/30 07:56:02 AM - __main__ - INFO - 	Finished converting image for hysteresis at D=150 nm and Ms=360 kA/m
2025/10/30 07:56:02 AM - __main__ - INFO - Running simulation for D=150 nm and Msat=380 kA/m
2025/10/30 07:56:04 AM - __main__ - INFO - 	 Simulation time=2.76 s
2025/10/30 07:56:14 AM - __main__ - INFO - 	Finished converting image for hysteresis at D=150 nm and Ms=380 kA/m
2025/10/30 07:56:14 AM - __main__ - INFO - Running simulation for D=150 nm and Msat=400 kA/m
2025/10/30 07:56:17 AM - __main__ - INFO - 	 Simulation time=2.60 s
2025/10/30 07:56:26 AM - __main__ - INFO - 	Finished converting image for hysteresis at D=150 nm and Ms=400 kA/m
2025/10/30 07:56:26 AM - __main__ - INFO - Running simulation for D=150 nm and Msat=420 kA/m
2025/10/30 07:56:29 AM - __main__ - INFO - 	 Simulation time=2.69 s
2025/10/30 07:56:38 AM - __main__ - INFO - 	Finished converting image for hysteresis at D=150 nm and Ms=420 kA/m
2025/10/30 07:56:38 AM - __main__ - INFO - Running simulation for D=150 nm and Msat=440 kA/m
2025/10/30 07:56:41 AM - __main__ - INFO - 	 Simulation time=2.67 s
2025/10/30 07:56:51 AM - __main__ - INFO - 	Finished converting image for hysteresis at D=150 nm and Ms=440 kA/m
2025/10/30 07:56:51 AM - __main__ - INFO - Running simulation for D=225 nm and Msat=260 kA/m
2025/10/30 07:56:54 AM - __main__ - INFO - 	 Simulation time=2.94 s
2025/10/30 07:57:03 AM - __main__ - INFO - 	Finished converting image for hysteresis at D=225 nm and Ms=260 kA/m
2025/10/30 07:57:03 AM - __main__ - INFO - Running simulation for D=225 nm and Msat=280 kA/m
2025/10/30 07:57:06 AM - __main__ - INFO - 	 Simulation time=3.03 s
2025/10/30 07:57:16 AM - __main__ - INFO - 	Finished converting image for hysteresis at D=225 nm and Ms=280 kA/m
2025/10/30 07:57:16 AM - __main__ - INFO - Running simulation for D=225 nm and Msat=300 kA/m
2025/10/30 07:57:19 AM - __main__ - INFO - 	 Simulation time=2.71 s
2025/10/30 07:57:29 AM - __main__ - INFO - 	Finished converting image for hysteresis at D=225 nm and Ms=300 kA/m
2025/10/30 07:57:29 AM - __main__ - INFO - Running simulation for D=225 nm and Msat=320 kA/m
2025/10/30 07:57:31 AM - __main__ - INFO - 	 Simulation time=2.73 s
2025/10/30 07:57:41 AM - __main__ - INFO - 	Finished converting image for hysteresis at D=225 nm and Ms=320 kA/m
2025/10/30 07:57:41 AM - __main__ - INFO - Running simulation for D=225 nm and Msat=340 kA/m
2025/10/30 07:57:44 AM - __main__ - INFO - 	 Simulation time=2.75 s
2025/10/30 07:57:53 AM - __main__ - INFO - 	Finished converting image for hysteresis at D=225 nm and Ms=340 kA/m
2025/10/30 07:57:53 AM - __main__ - INFO - Running simulation for D=225 nm and Msat=360 kA/m
2025/10/30 07:57:56 AM - __main__ - INFO - 	 Simulation time=2.86 s
2025/10/30 07:58:06 AM - __main__ - INFO - 	Finished converting image for hysteresis at D=225 nm and Ms=360 kA/m
2025/10/30 07:58:06 AM - __main__ - INFO - Running simulation for D=225 nm and Msat=380 kA/m
2025/10/30 07:58:09 AM - __main__ - INFO - 	 Simulation time=2.86 s
2025/10/30 07:58:19 AM - __main__ - INFO - 	Finished converting image for hysteresis at D=225 nm and Ms=380 kA/m
2025/10/30 07:58:19 AM - __main__ - INFO - Running simulation for D=225 nm and Msat=400 kA/m
2025/10/30 07:58:22 AM - __main__ - INFO - 	 Simulation time=2.89 s
2025/10/30 07:58:31 AM - __main__ - INFO - 	Finished converting image for hysteresis at D=225 nm and Ms=400 kA/m
2025/10/30 07:58:31 AM - __main__ - INFO - Running simulation for D=225 nm and Msat=420 kA/m
2025/10/30 07:58:34 AM - __main__ - INFO - 	 Simulation time=2.88 s
2025/10/30 07:58:44 AM - __main__ - INFO - 	Finished converting image for hysteresis at D=225 nm and Ms=420 kA/m
2025/10/30 07:58:44 AM - __main__ - INFO - Running simulation for D=225 nm and Msat=440 kA/m
2025/10/30 07:58:47 AM - __main__ - INFO - 	 Simulation time=3.05 s
2025/10/30 07:58:57 AM - __main__ - INFO - 	Finished converting image for hysteresis at D=225 nm and Ms=440 kA/m
2025/10/30 07:58:57 AM - __main__ - INFO - Running simulation for D=300 nm and Msat=260 kA/m
2025/10/30 07:59:00 AM - __main__ - INFO - 	 Simulation time=2.70 s
2025/10/30 07:59:09 AM - __main__ - INFO - 	Finished converting image for hysteresis at D=300 nm and Ms=260 kA/m
2025/10/30 07:59:09 AM - __main__ - INFO - Running simulation for D=300 nm and Msat=280 kA/m
2025/10/30 07:59:12 AM - __main__ - INFO - 	 Simulation time=2.57 s
2025/10/30 07:59:21 AM - __main__ - INFO - 	Finished converting image for hysteresis at D=300 nm and Ms=280 kA/m
2025/10/30 07:59:21 AM - __main__ - INFO - Running simulation for D=300 nm and Msat=300 kA/m
2025/10/30 07:59:24 AM - __main__ - INFO - 	 Simulation time=2.57 s
2025/10/30 07:59:34 AM - __main__ - INFO - 	Finished converting image for hysteresis at D=300 nm and Ms=300 kA/m
2025/10/30 07:59:34 AM - __main__ - INFO - Running simulation for D=300 nm and Msat=320 kA/m
2025/10/30 07:59:36 AM - __main__ - INFO - 	 Simulation time=2.66 s
2025/10/30 07:59:46 AM - __main__ - INFO - 	Finished converting image for hysteresis at D=300 nm and Ms=320 kA/m
2025/10/30 07:59:46 AM - __main__ - INFO - Running simulation for D=300 nm and Msat=340 kA/m
2025/10/30 07:59:49 AM - __main__ - INFO - 	 Simulation time=2.63 s
2025/10/30 07:59:59 AM - __main__ - INFO - 	Finished converting image for hysteresis at D=300 nm and Ms=340 kA/m
2025/10/30 07:59:59 AM - __main__ - INFO - Running simulation for D=300 nm and Msat=360 kA/m
2025/10/30 08:00:01 AM - __main__ - INFO - 	 Simulation time=2.64 s
2025/10/30 08:00:11 AM - __main__ - INFO - 	Finished converting image for hysteresis at D=300 nm and Ms=360 kA/m
2025/10/30 08:00:11 AM - __main__ - INFO - Running simulation for D=300 nm and Msat=380 kA/m
2025/10/30 08:00:14 AM - __main__ - INFO - 	 Simulation time=2.60 s
2025/10/30 08:00:23 AM - __main__ - INFO - 	Finished converting image for hysteresis at D=300 nm and Ms=380 kA/m
2025/10/30 08:00:23 AM - __main__ - INFO - Running simulation for D=300 nm and Msat=400 kA/m
2025/10/30 08:00:26 AM - __main__ - INFO - 	 Simulation time=2.69 s
2025/10/30 08:00:36 AM - __main__ - INFO - 	Finished converting image for hysteresis at D=300 nm and Ms=400 kA/m
2025/10/30 08:00:36 AM - __main__ - INFO - Running simulation for D=300 nm and Msat=420 kA/m
2025/10/30 08:00:39 AM - __main__ - INFO - 	 Simulation time=2.71 s
2025/10/30 08:00:48 AM - __main__ - INFO - 	Finished converting image for hysteresis at D=300 nm and Ms=420 kA/m
2025/10/30 08:00:48 AM - __main__ - INFO - Running simulation for D=300 nm and Msat=440 kA/m
2025/10/30 08:00:51 AM - __main__ - INFO - 	 Simulation time=2.90 s
2025/10/30 08:01:01 AM - __main__ - INFO - 	Finished converting image for hysteresis at D=300 nm and Ms=440 kA/m
2025/10/30 08:01:01 AM - __main__ - INFO - Running simulation for D=375 nm and Msat=260 kA/m
2025/10/30 08:01:04 AM - __main__ - INFO - 	 Simulation time=2.94 s
2025/10/30 08:01:14 AM - __main__ - INFO - 	Finished converting image for hysteresis at D=375 nm and Ms=260 kA/m
2025/10/30 08:01:14 AM - __main__ - INFO - Running simulation for D=375 nm and Msat=280 kA/m
2025/10/30 08:01:17 AM - __main__ - INFO - 	 Simulation time=2.94 s
2025/10/30 08:01:27 AM - __main__ - INFO - 	Finished converting image for hysteresis at D=375 nm and Ms=280 kA/m
2025/10/30 08:01:27 AM - __main__ - INFO - Running simulation for D=375 nm and Msat=300 kA/m
2025/10/30 08:01:30 AM - __main__ - INFO - 	 Simulation time=3.12 s
2025/10/30 08:01:40 AM - __main__ - INFO - 	Finished converting image for hysteresis at D=375 nm and Ms=300 kA/m
2025/10/30 08:01:40 AM - __main__ - INFO - Running simulation for D=375 nm and Msat=320 kA/m
2025/10/30 08:01:43 AM - __main__ - INFO - 	 Simulation time=2.97 s
2025/10/30 08:01:52 AM - __main__ - INFO - 	Finished converting image for hysteresis at D=375 nm and Ms=320 kA/m
2025/10/30 08:01:52 AM - __main__ - INFO - Running simulation for D=375 nm and Msat=340 kA/m
2025/10/30 08:01:56 AM - __main__ - INFO - 	 Simulation time=3.27 s
2025/10/30 08:02:06 AM - __main__ - INFO - 	Finished converting image for hysteresis at D=375 nm and Ms=340 kA/m
2025/10/30 08:02:06 AM - __main__ - INFO - Running simulation for D=375 nm and Msat=360 kA/m
2025/10/30 08:02:09 AM - __main__ - INFO - 	 Simulation time=2.98 s
2025/10/30 08:02:18 AM - __main__ - INFO - 	Finished converting image for hysteresis at D=375 nm and Ms=360 kA/m
2025/10/30 08:02:18 AM - __main__ - INFO - Running simulation for D=375 nm and Msat=380 kA/m
2025/10/30 08:02:21 AM - __main__ - INFO - 	 Simulation time=2.90 s
2025/10/30 08:02:31 AM - __main__ - INFO - 	Finished converting image for hysteresis at D=375 nm and Ms=380 kA/m
2025/10/30 08:02:31 AM - __main__ - INFO - Running simulation for D=375 nm and Msat=400 kA/m
2025/10/30 08:02:34 AM - __main__ - INFO - 	 Simulation time=2.93 s
2025/10/30 08:02:44 AM - __main__ - INFO - 	Finished converting image for hysteresis at D=375 nm and Ms=400 kA/m
2025/10/30 08:02:44 AM - __main__ - INFO - Running simulation for D=375 nm and Msat=420 kA/m
2025/10/30 08:02:47 AM - __main__ - INFO - 	 Simulation time=2.97 s
2025/10/30 08:02:57 AM - __main__ - INFO - 	Finished converting image for hysteresis at D=375 nm and Ms=420 kA/m
2025/10/30 08:02:57 AM - __main__ - INFO - Running simulation for D=375 nm and Msat=440 kA/m
2025/10/30 08:03:00 AM - __main__ - INFO - 	 Simulation time=3.15 s
2025/10/30 08:03:10 AM - __main__ - INFO - 	Finished converting image for hysteresis at D=375 nm and Ms=440 kA/m
2025/10/30 08:03:10 AM - __main__ - INFO - Running simulation for D=450 nm and Msat=260 kA/m
2025/10/30 08:03:13 AM - __main__ - INFO - 	 Simulation time=2.62 s
2025/10/30 08:03:24 AM - __main__ - INFO - 	Finished converting image for hysteresis at D=450 nm and Ms=260 kA/m
2025/10/30 08:03:24 AM - __main__ - INFO - Running simulation for D=450 nm and Msat=280 kA/m
2025/10/30 08:03:27 AM - __main__ - INFO - 	 Simulation time=2.65 s
2025/10/30 08:03:38 AM - __main__ - INFO - 	Finished converting image for hysteresis at D=450 nm and Ms=280 kA/m
2025/10/30 08:03:38 AM - __main__ - INFO - Running simulation for D=450 nm and Msat=300 kA/m
2025/10/30 08:03:41 AM - __main__ - INFO - 	 Simulation time=2.69 s
2025/10/30 08:03:52 AM - __main__ - INFO - 	Finished converting image for hysteresis at D=450 nm and Ms=300 kA/m
2025/10/30 08:03:52 AM - __main__ - INFO - Running simulation for D=450 nm and Msat=320 kA/m
2025/10/30 08:03:55 AM - __main__ - INFO - 	 Simulation time=2.71 s
2025/10/30 08:04:06 AM - __main__ - INFO - 	Finished converting image for hysteresis at D=450 nm and Ms=320 kA/m
2025/10/30 08:04:06 AM - __main__ - INFO - Running simulation for D=450 nm and Msat=340 kA/m
2025/10/30 08:04:09 AM - __main__ - INFO - 	 Simulation time=2.80 s
2025/10/30 08:04:20 AM - __main__ - INFO - 	Finished converting image for hysteresis at D=450 nm and Ms=340 kA/m
2025/10/30 08:04:20 AM - __main__ - INFO - Running simulation for D=450 nm and Msat=360 kA/m
2025/10/30 08:04:23 AM - __main__ - INFO - 	 Simulation time=2.80 s
2025/10/30 08:04:34 AM - __main__ - INFO - 	Finished converting image for hysteresis at D=450 nm and Ms=360 kA/m
2025/10/30 08:04:34 AM - __main__ - INFO - Running simulation for D=450 nm and Msat=380 kA/m
2025/10/30 08:04:37 AM - __main__ - INFO - 	 Simulation time=2.86 s
2025/10/30 08:04:49 AM - __main__ - INFO - 	Finished converting image for hysteresis at D=450 nm and Ms=380 kA/m
2025/10/30 08:04:49 AM - __main__ - INFO - Running simulation for D=450 nm and Msat=400 kA/m
2025/10/30 08:04:52 AM - __main__ - INFO - 	 Simulation time=2.88 s
2025/10/30 08:05:03 AM - __main__ - INFO - 	Finished converting image for hysteresis at D=450 nm and Ms=400 kA/m
2025/10/30 08:05:03 AM - __main__ - INFO - Running simulation for D=450 nm and Msat=420 kA/m
2025/10/30 08:05:06 AM - __main__ - INFO - 	 Simulation time=3.14 s
2025/10/30 08:05:17 AM - __main__ - INFO - 	Finished converting image for hysteresis at D=450 nm and Ms=420 kA/m
2025/10/30 08:05:17 AM - __main__ - INFO - Running simulation for D=450 nm and Msat=440 kA/m
2025/10/30 08:05:20 AM - __main__ - INFO - 	 Simulation time=2.95 s
2025/10/30 08:05:32 AM - __main__ - INFO - 	Finished converting image for hysteresis at D=450 nm and Ms=440 kA/m
2025/10/30 08:05:32 AM - __main__ - INFO - Running simulation for D=525 nm and Msat=260 kA/m
2025/10/30 08:05:34 AM - __main__ - INFO - 	 Simulation time=2.91 s
2025/10/30 08:05:46 AM - __main__ - INFO - 	Finished converting image for hysteresis at D=525 nm and Ms=260 kA/m
2025/10/30 08:05:46 AM - __main__ - INFO - Running simulation for D=525 nm and Msat=280 kA/m
2025/10/30 08:05:49 AM - __main__ - INFO - 	 Simulation time=2.94 s
2025/10/30 08:06:00 AM - __main__ - INFO - 	Finished converting image for hysteresis at D=525 nm and Ms=280 kA/m
2025/10/30 08:06:00 AM - __main__ - INFO - Running simulation for D=525 nm and Msat=300 kA/m
2025/10/30 08:06:03 AM - __main__ - INFO - 	 Simulation time=2.94 s
2025/10/30 08:06:14 AM - __main__ - INFO - 	Finished converting image for hysteresis at D=525 nm and Ms=300 kA/m
2025/10/30 08:06:14 AM - __main__ - INFO - Running simulation for D=525 nm and Msat=320 kA/m
2025/10/30 08:06:17 AM - __main__ - INFO - 	 Simulation time=2.98 s
2025/10/30 08:06:28 AM - __main__ - INFO - 	Finished converting image for hysteresis at D=525 nm and Ms=320 kA/m
2025/10/30 08:06:28 AM - __main__ - INFO - Running simulation for D=525 nm and Msat=340 kA/m
2025/10/30 08:06:31 AM - __main__ - INFO - 	 Simulation time=2.96 s
2025/10/30 08:06:43 AM - __main__ - INFO - 	Finished converting image for hysteresis at D=525 nm and Ms=340 kA/m
2025/10/30 08:06:43 AM - __main__ - INFO - Running simulation for D=525 nm and Msat=360 kA/m
2025/10/30 08:06:46 AM - __main__ - INFO - 	 Simulation time=3.27 s
2025/10/30 08:06:57 AM - __main__ - INFO - 	Finished converting image for hysteresis at D=525 nm and Ms=360 kA/m
2025/10/30 08:06:57 AM - __main__ - INFO - Running simulation for D=525 nm and Msat=380 kA/m
2025/10/30 08:07:00 AM - __main__ - INFO - 	 Simulation time=3.24 s
2025/10/30 08:07:12 AM - __main__ - INFO - 	Finished converting image for hysteresis at D=525 nm and Ms=380 kA/m
2025/10/30 08:07:12 AM - __main__ - INFO - Running simulation for D=525 nm and Msat=400 kA/m
2025/10/30 08:07:15 AM - __main__ - INFO - 	 Simulation time=3.12 s
2025/10/30 08:07:26 AM - __main__ - INFO - 	Finished converting image for hysteresis at D=525 nm and Ms=400 kA/m
2025/10/30 08:07:26 AM - __main__ - INFO - Running simulation for D=525 nm and Msat=420 kA/m
2025/10/30 08:07:29 AM - __main__ - INFO - 	 Simulation time=3.28 s
2025/10/30 08:07:41 AM - __main__ - INFO - 	Finished converting image for hysteresis at D=525 nm and Ms=420 kA/m
2025/10/30 08:07:41 AM - __main__ - INFO - Running simulation for D=525 nm and Msat=440 kA/m
2025/10/30 08:07:44 AM - __main__ - INFO - 	 Simulation time=3.19 s
2025/10/30 08:07:55 AM - __main__ - INFO - 	Finished converting image for hysteresis at D=525 nm and Ms=440 kA/m
2025/10/30 08:07:55 AM - __main__ - INFO - Running simulation for D=600 nm and Msat=260 kA/m
2025/10/30 08:07:58 AM - __main__ - INFO - 	 Simulation time=3.14 s
2025/10/30 08:08:10 AM - __main__ - INFO - 	Finished converting image for hysteresis at D=600 nm and Ms=260 kA/m
2025/10/30 08:08:10 AM - __main__ - INFO - Running simulation for D=600 nm and Msat=280 kA/m
2025/10/30 08:08:13 AM - __main__ - INFO - 	 Simulation time=2.97 s
2025/10/30 08:08:25 AM - __main__ - INFO - 	Finished converting image for hysteresis at D=600 nm and Ms=280 kA/m
2025/10/30 08:08:25 AM - __main__ - INFO - Running simulation for D=600 nm and Msat=300 kA/m
2025/10/30 08:08:28 AM - __main__ - INFO - 	 Simulation time=2.97 s
2025/10/30 08:08:39 AM - __main__ - INFO - 	Finished converting image for hysteresis at D=600 nm and Ms=300 kA/m
2025/10/30 08:08:39 AM - __main__ - INFO - Running simulation for D=600 nm and Msat=320 kA/m
2025/10/30 08:08:42 AM - __main__ - INFO - 	 Simulation time=3.15 s
2025/10/30 08:08:54 AM - __main__ - INFO - 	Finished converting image for hysteresis at D=600 nm and Ms=320 kA/m
2025/10/30 08:08:54 AM - __main__ - INFO - Running simulation for D=600 nm and Msat=340 kA/m
2025/10/30 08:08:57 AM - __main__ - INFO - 	 Simulation time=3.14 s
2025/10/30 08:09:09 AM - __main__ - INFO - 	Finished converting image for hysteresis at D=600 nm and Ms=340 kA/m
2025/10/30 08:09:09 AM - __main__ - INFO - Running simulation for D=600 nm and Msat=360 kA/m
2025/10/30 08:09:12 AM - __main__ - INFO - 	 Simulation time=3.12 s
2025/10/30 08:09:24 AM - __main__ - INFO - 	Finished converting image for hysteresis at D=600 nm and Ms=360 kA/m
2025/10/30 08:09:24 AM - __main__ - INFO - Running simulation for D=600 nm and Msat=380 kA/m
2025/10/30 08:09:27 AM - __main__ - INFO - 	 Simulation time=2.95 s
2025/10/30 08:09:39 AM - __main__ - INFO - 	Finished converting image for hysteresis at D=600 nm and Ms=380 kA/m
2025/10/30 08:09:39 AM - __main__ - INFO - Running simulation for D=600 nm and Msat=400 kA/m
2025/10/30 08:09:42 AM - __main__ - INFO - 	 Simulation time=3.07 s
2025/10/30 08:09:53 AM - __main__ - INFO - 	Finished converting image for hysteresis at D=600 nm and Ms=400 kA/m
2025/10/30 08:09:53 AM - __main__ - INFO - Running simulation for D=600 nm and Msat=420 kA/m
2025/10/30 08:09:56 AM - __main__ - INFO - 	 Simulation time=3.13 s
2025/10/30 08:10:08 AM - __main__ - INFO - 	Finished converting image for hysteresis at D=600 nm and Ms=420 kA/m
2025/10/30 08:10:08 AM - __main__ - INFO - Running simulation for D=600 nm and Msat=440 kA/m
2025/10/30 08:10:11 AM - __main__ - INFO - 	 Simulation time=3.30 s
2025/10/30 08:10:23 AM - __main__ - INFO - 	Finished converting image for hysteresis at D=600 nm and Ms=440 kA/m
2025/10/30 08:10:23 AM - __main__ - INFO - Running simulation for D=675 nm and Msat=260 kA/m
2025/10/30 08:10:26 AM - __main__ - INFO - 	 Simulation time=3.09 s
2025/10/30 08:10:39 AM - __main__ - INFO - 	Finished converting image for hysteresis at D=675 nm and Ms=260 kA/m
2025/10/30 08:10:39 AM - __main__ - INFO - Running simulation for D=675 nm and Msat=280 kA/m
2025/10/30 08:10:42 AM - __main__ - INFO - 	 Simulation time=3.10 s
2025/10/30 08:10:54 AM - __main__ - INFO - 	Finished converting image for hysteresis at D=675 nm and Ms=280 kA/m
2025/10/30 08:10:54 AM - __main__ - INFO - Running simulation for D=675 nm and Msat=300 kA/m
2025/10/30 08:10:57 AM - __main__ - INFO - 	 Simulation time=3.30 s
2025/10/30 08:11:10 AM - __main__ - INFO - 	Finished converting image for hysteresis at D=675 nm and Ms=300 kA/m
2025/10/30 08:11:10 AM - __main__ - INFO - Running simulation for D=675 nm and Msat=320 kA/m
2025/10/30 08:11:13 AM - __main__ - INFO - 	 Simulation time=3.17 s
2025/10/30 08:11:25 AM - __main__ - INFO - 	Finished converting image for hysteresis at D=675 nm and Ms=320 kA/m
2025/10/30 08:11:25 AM - __main__ - INFO - Running simulation for D=675 nm and Msat=340 kA/m
2025/10/30 08:11:28 AM - __main__ - INFO - 	 Simulation time=3.15 s
2025/10/30 08:11:41 AM - __main__ - INFO - 	Finished converting image for hysteresis at D=675 nm and Ms=340 kA/m
2025/10/30 08:11:41 AM - __main__ - INFO - Running simulation for D=675 nm and Msat=360 kA/m
2025/10/30 08:11:44 AM - __main__ - INFO - 	 Simulation time=3.23 s
2025/10/30 08:11:56 AM - __main__ - INFO - 	Finished converting image for hysteresis at D=675 nm and Ms=360 kA/m
2025/10/30 08:11:56 AM - __main__ - INFO - Running simulation for D=675 nm and Msat=380 kA/m
2025/10/30 08:12:00 AM - __main__ - INFO - 	 Simulation time=3.26 s
2025/10/30 08:12:12 AM - __main__ - INFO - 	Finished converting image for hysteresis at D=675 nm and Ms=380 kA/m
2025/10/30 08:12:12 AM - __main__ - INFO - Running simulation for D=675 nm and Msat=400 kA/m
2025/10/30 08:12:15 AM - __main__ - INFO - 	 Simulation time=3.31 s
2025/10/30 08:12:28 AM - __main__ - INFO - 	Finished converting image for hysteresis at D=675 nm and Ms=400 kA/m
2025/10/30 08:12:28 AM - __main__ - INFO - Running simulation for D=675 nm and Msat=420 kA/m
2025/10/30 08:12:31 AM - __main__ - INFO - 	 Simulation time=3.27 s
2025/10/30 08:12:43 AM - __main__ - INFO - 	Finished converting image for hysteresis at D=675 nm and Ms=420 kA/m
2025/10/30 08:12:43 AM - __main__ - INFO - Running simulation for D=675 nm and Msat=440 kA/m
2025/10/30 08:12:47 AM - __main__ - INFO - 	 Simulation time=3.59 s
2025/10/30 08:12:59 AM - __main__ - INFO - 	Finished converting image for hysteresis at D=675 nm and Ms=440 kA/m
2025/10/30 08:12:59 AM - __main__ - INFO - Running simulation for D=750 nm and Msat=260 kA/m
2025/10/30 08:13:03 AM - __main__ - INFO - 	 Simulation time=3.41 s
2025/10/30 08:13:15 AM - __main__ - INFO - 	Finished converting image for hysteresis at D=750 nm and Ms=260 kA/m
2025/10/30 08:13:15 AM - __main__ - INFO - Running simulation for D=750 nm and Msat=280 kA/m
2025/10/30 08:13:19 AM - __main__ - INFO - 	 Simulation time=3.39 s
2025/10/30 08:13:31 AM - __main__ - INFO - 	Finished converting image for hysteresis at D=750 nm and Ms=280 kA/m
2025/10/30 08:13:31 AM - __main__ - INFO - Running simulation for D=750 nm and Msat=300 kA/m
2025/10/30 08:13:35 AM - __main__ - INFO - 	 Simulation time=3.58 s
2025/10/30 08:13:48 AM - __main__ - INFO - 	Finished converting image for hysteresis at D=750 nm and Ms=300 kA/m
2025/10/30 08:13:48 AM - __main__ - INFO - Running simulation for D=750 nm and Msat=320 kA/m
2025/10/30 08:13:51 AM - __main__ - INFO - 	 Simulation time=3.48 s
2025/10/30 08:14:04 AM - __main__ - INFO - 	Finished converting image for hysteresis at D=750 nm and Ms=320 kA/m
2025/10/30 08:14:04 AM - __main__ - INFO - Running simulation for D=750 nm and Msat=340 kA/m
2025/10/30 08:14:07 AM - __main__ - INFO - 	 Simulation time=3.69 s
2025/10/30 08:14:20 AM - __main__ - INFO - 	Finished converting image for hysteresis at D=750 nm and Ms=340 kA/m
2025/10/30 08:14:20 AM - __main__ - INFO - Running simulation for D=750 nm and Msat=360 kA/m
2025/10/30 08:14:23 AM - __main__ - INFO - 	 Simulation time=3.32 s
2025/10/30 08:14:36 AM - __main__ - INFO - 	Finished converting image for hysteresis at D=750 nm and Ms=360 kA/m
2025/10/30 08:14:36 AM - __main__ - INFO - Running simulation for D=750 nm and Msat=380 kA/m
2025/10/30 08:14:39 AM - __main__ - INFO - 	 Simulation time=3.32 s
2025/10/30 08:14:52 AM - __main__ - INFO - 	Finished converting image for hysteresis at D=750 nm and Ms=380 kA/m
2025/10/30 08:14:52 AM - __main__ - INFO - Running simulation for D=750 nm and Msat=400 kA/m
2025/10/30 08:14:55 AM - __main__ - INFO - 	 Simulation time=3.45 s
2025/10/30 08:15:08 AM - __main__ - INFO - 	Finished converting image for hysteresis at D=750 nm and Ms=400 kA/m
2025/10/30 08:15:08 AM - __main__ - INFO - Running simulation for D=750 nm and Msat=420 kA/m
2025/10/30 08:15:12 AM - __main__ - INFO - 	 Simulation time=3.65 s
2025/10/30 08:15:24 AM - __main__ - INFO - 	Finished converting image for hysteresis at D=750 nm and Ms=420 kA/m
2025/10/30 08:15:24 AM - __main__ - INFO - Running simulation for D=750 nm and Msat=440 kA/m
2025/10/30 08:15:28 AM - __main__ - INFO - 	 Simulation time=3.46 s
2025/10/30 08:15:40 AM - __main__ - INFO - 	Finished converting image for hysteresis at D=750 nm and Ms=440 kA/m
2025/10/30 08:15:40 AM - __main__ - INFO - ---FOR Ku = 0.7 MJ/m3---
2025/10/30 08:15:40 AM - __main__ - INFO - Running simulation for D=150 nm and Msat=260 kA/m
2025/10/30 08:15:43 AM - __main__ - INFO - 	 Simulation time=2.41 s
2025/10/30 08:15:52 AM - __main__ - INFO - 	Finished converting image for hysteresis at D=150 nm and Ms=260 kA/m
2025/10/30 08:15:52 AM - __main__ - INFO - Running simulation for D=150 nm and Msat=280 kA/m
2025/10/30 08:15:55 AM - __main__ - INFO - 	 Simulation time=2.42 s
2025/10/30 08:16:04 AM - __main__ - INFO - 	Finished converting image for hysteresis at D=150 nm and Ms=280 kA/m
2025/10/30 08:16:04 AM - __main__ - INFO - Running simulation for D=150 nm and Msat=300 kA/m
2025/10/30 08:16:07 AM - __main__ - INFO - 	 Simulation time=2.56 s
2025/10/30 08:16:17 AM - __main__ - INFO - 	Finished converting image for hysteresis at D=150 nm and Ms=300 kA/m
2025/10/30 08:16:17 AM - __main__ - INFO - Running simulation for D=150 nm and Msat=320 kA/m
2025/10/30 08:16:19 AM - __main__ - INFO - 	 Simulation time=2.47 s
2025/10/30 08:16:29 AM - __main__ - INFO - 	Finished converting image for hysteresis at D=150 nm and Ms=320 kA/m
2025/10/30 08:16:29 AM - __main__ - INFO - Running simulation for D=150 nm and Msat=340 kA/m
2025/10/30 08:16:31 AM - __main__ - INFO - 	 Simulation time=2.53 s
2025/10/30 08:16:41 AM - __main__ - INFO - 	Finished converting image for hysteresis at D=150 nm and Ms=340 kA/m
2025/10/30 08:16:41 AM - __main__ - INFO - Running simulation for D=150 nm and Msat=360 kA/m
2025/10/30 08:16:43 AM - __main__ - INFO - 	 Simulation time=2.74 s
2025/10/30 08:16:53 AM - __main__ - INFO - 	Finished converting image for hysteresis at D=150 nm and Ms=360 kA/m
2025/10/30 08:16:53 AM - __main__ - INFO - Running simulation for D=150 nm and Msat=380 kA/m
2025/10/30 08:16:56 AM - __main__ - INFO - 	 Simulation time=2.67 s
2025/10/30 08:17:05 AM - __main__ - INFO - 	Finished converting image for hysteresis at D=150 nm and Ms=380 kA/m
2025/10/30 08:17:05 AM - __main__ - INFO - Running simulation for D=150 nm and Msat=400 kA/m
2025/10/30 08:17:08 AM - __main__ - INFO - 	 Simulation time=2.79 s
2025/10/30 08:17:18 AM - __main__ - INFO - 	Finished converting image for hysteresis at D=150 nm and Ms=400 kA/m
2025/10/30 08:17:18 AM - __main__ - INFO - Running simulation for D=150 nm and Msat=420 kA/m
2025/10/30 08:17:20 AM - __main__ - INFO - 	 Simulation time=2.61 s
2025/10/30 08:17:30 AM - __main__ - INFO - 	Finished converting image for hysteresis at D=150 nm and Ms=420 kA/m
2025/10/30 08:17:30 AM - __main__ - INFO - Running simulation for D=150 nm and Msat=440 kA/m
2025/10/30 08:17:32 AM - __main__ - INFO - 	 Simulation time=2.61 s
2025/10/30 08:17:42 AM - __main__ - INFO - 	Finished converting image for hysteresis at D=150 nm and Ms=440 kA/m
2025/10/30 08:17:42 AM - __main__ - INFO - Running simulation for D=225 nm and Msat=260 kA/m
2025/10/30 08:17:45 AM - __main__ - INFO - 	 Simulation time=2.61 s
2025/10/30 08:17:54 AM - __main__ - INFO - 	Finished converting image for hysteresis at D=225 nm and Ms=260 kA/m
2025/10/30 08:17:54 AM - __main__ - INFO - Running simulation for D=225 nm and Msat=280 kA/m
2025/10/30 08:17:57 AM - __main__ - INFO - 	 Simulation time=2.52 s
2025/10/30 08:18:07 AM - __main__ - INFO - 	Finished converting image for hysteresis at D=225 nm and Ms=280 kA/m
2025/10/30 08:18:07 AM - __main__ - INFO - Running simulation for D=225 nm and Msat=300 kA/m
2025/10/30 08:18:09 AM - __main__ - INFO - 	 Simulation time=2.55 s
2025/10/30 08:18:19 AM - __main__ - INFO - 	Finished converting image for hysteresis at D=225 nm and Ms=300 kA/m
2025/10/30 08:18:19 AM - __main__ - INFO - Running simulation for D=225 nm and Msat=320 kA/m
2025/10/30 08:18:22 AM - __main__ - INFO - 	 Simulation time=2.67 s
2025/10/30 08:18:31 AM - __main__ - INFO - 	Finished converting image for hysteresis at D=225 nm and Ms=320 kA/m
2025/10/30 08:18:31 AM - __main__ - INFO - Running simulation for D=225 nm and Msat=340 kA/m
2025/10/30 08:18:34 AM - __main__ - INFO - 	 Simulation time=2.69 s
2025/10/30 08:18:44 AM - __main__ - INFO - 	Finished converting image for hysteresis at D=225 nm and Ms=340 kA/m
2025/10/30 08:18:44 AM - __main__ - INFO - Running simulation for D=225 nm and Msat=360 kA/m
2025/10/30 08:18:47 AM - __main__ - INFO - 	 Simulation time=2.82 s
2025/10/30 08:18:56 AM - __main__ - INFO - 	Finished converting image for hysteresis at D=225 nm and Ms=360 kA/m
2025/10/30 08:18:56 AM - __main__ - INFO - Running simulation for D=225 nm and Msat=380 kA/m
2025/10/30 08:18:59 AM - __main__ - INFO - 	 Simulation time=2.90 s
2025/10/30 08:19:09 AM - __main__ - INFO - 	Finished converting image for hysteresis at D=225 nm and Ms=380 kA/m
2025/10/30 08:19:09 AM - __main__ - INFO - Running simulation for D=225 nm and Msat=400 kA/m
2025/10/30 08:19:12 AM - __main__ - INFO - 	 Simulation time=2.99 s
2025/10/30 08:19:22 AM - __main__ - INFO - 	Finished converting image for hysteresis at D=225 nm and Ms=400 kA/m
2025/10/30 08:19:22 AM - __main__ - INFO - Running simulation for D=225 nm and Msat=420 kA/m
2025/10/30 08:19:25 AM - __main__ - INFO - 	 Simulation time=2.92 s
2025/10/30 08:19:35 AM - __main__ - INFO - 	Finished converting image for hysteresis at D=225 nm and Ms=420 kA/m
2025/10/30 08:19:35 AM - __main__ - INFO - Running simulation for D=225 nm and Msat=440 kA/m
2025/10/30 08:19:37 AM - __main__ - INFO - 	 Simulation time=2.92 s
2025/10/30 08:19:47 AM - __main__ - INFO - 	Finished converting image for hysteresis at D=225 nm and Ms=440 kA/m
2025/10/30 08:19:47 AM - __main__ - INFO - Running simulation for D=300 nm and Msat=260 kA/m
2025/10/30 08:19:50 AM - __main__ - INFO - 	 Simulation time=2.61 s
2025/10/30 08:20:00 AM - __main__ - INFO - 	Finished converting image for hysteresis at D=300 nm and Ms=260 kA/m
2025/10/30 08:20:00 AM - __main__ - INFO - Running simulation for D=300 nm and Msat=280 kA/m
2025/10/30 08:20:02 AM - __main__ - INFO - 	 Simulation time=2.76 s
2025/10/30 08:20:12 AM - __main__ - INFO - 	Finished converting image for hysteresis at D=300 nm and Ms=280 kA/m
2025/10/30 08:20:12 AM - __main__ - INFO - Running simulation for D=300 nm and Msat=300 kA/m
2025/10/30 08:20:15 AM - __main__ - INFO - 	 Simulation time=2.49 s
2025/10/30 08:20:25 AM - __main__ - INFO - 	Finished converting image for hysteresis at D=300 nm and Ms=300 kA/m
2025/10/30 08:20:25 AM - __main__ - INFO - Running simulation for D=300 nm and Msat=320 kA/m
2025/10/30 08:20:27 AM - __main__ - INFO - 	 Simulation time=2.56 s
2025/10/30 08:20:37 AM - __main__ - INFO - 	Finished converting image for hysteresis at D=300 nm and Ms=320 kA/m
2025/10/30 08:20:37 AM - __main__ - INFO - Running simulation for D=300 nm and Msat=340 kA/m
2025/10/30 08:20:39 AM - __main__ - INFO - 	 Simulation time=2.56 s
2025/10/30 08:20:49 AM - __main__ - INFO - 	Finished converting image for hysteresis at D=300 nm and Ms=340 kA/m
2025/10/30 08:20:49 AM - __main__ - INFO - Running simulation for D=300 nm and Msat=360 kA/m
2025/10/30 08:20:52 AM - __main__ - INFO - 	 Simulation time=2.69 s
2025/10/30 08:21:02 AM - __main__ - INFO - 	Finished converting image for hysteresis at D=300 nm and Ms=360 kA/m
2025/10/30 08:21:02 AM - __main__ - INFO - Running simulation for D=300 nm and Msat=380 kA/m
2025/10/30 08:21:05 AM - __main__ - INFO - 	 Simulation time=2.87 s
2025/10/30 08:21:14 AM - __main__ - INFO - 	Finished converting image for hysteresis at D=300 nm and Ms=380 kA/m
2025/10/30 08:21:14 AM - __main__ - INFO - Running simulation for D=300 nm and Msat=400 kA/m
2025/10/30 08:21:17 AM - __main__ - INFO - 	 Simulation time=2.64 s
2025/10/30 08:21:27 AM - __main__ - INFO - 	Finished converting image for hysteresis at D=300 nm and Ms=400 kA/m
2025/10/30 08:21:27 AM - __main__ - INFO - Running simulation for D=300 nm and Msat=420 kA/m
2025/10/30 08:21:29 AM - __main__ - INFO - 	 Simulation time=2.61 s
2025/10/30 08:21:39 AM - __main__ - INFO - 	Finished converting image for hysteresis at D=300 nm and Ms=420 kA/m
2025/10/30 08:21:39 AM - __main__ - INFO - Running simulation for D=300 nm and Msat=440 kA/m
2025/10/30 08:21:42 AM - __main__ - INFO - 	 Simulation time=2.68 s
2025/10/30 08:21:52 AM - __main__ - INFO - 	Finished converting image for hysteresis at D=300 nm and Ms=440 kA/m
2025/10/30 08:21:52 AM - __main__ - INFO - Running simulation for D=375 nm and Msat=260 kA/m
2025/10/30 08:21:54 AM - __main__ - INFO - 	 Simulation time=2.64 s
2025/10/30 08:22:04 AM - __main__ - INFO - 	Finished converting image for hysteresis at D=375 nm and Ms=260 kA/m
2025/10/30 08:22:04 AM - __main__ - INFO - Running simulation for D=375 nm and Msat=280 kA/m
2025/10/30 08:22:07 AM - __main__ - INFO - 	 Simulation time=2.75 s
2025/10/30 08:22:17 AM - __main__ - INFO - 	Finished converting image for hysteresis at D=375 nm and Ms=280 kA/m
2025/10/30 08:22:17 AM - __main__ - INFO - Running simulation for D=375 nm and Msat=300 kA/m
2025/10/30 08:22:19 AM - __main__ - INFO - 	 Simulation time=2.72 s
2025/10/30 08:22:29 AM - __main__ - INFO - 	Finished converting image for hysteresis at D=375 nm and Ms=300 kA/m
2025/10/30 08:22:29 AM - __main__ - INFO - Running simulation for D=375 nm and Msat=320 kA/m
2025/10/30 08:22:32 AM - __main__ - INFO - 	 Simulation time=2.70 s
2025/10/30 08:22:42 AM - __main__ - INFO - 	Finished converting image for hysteresis at D=375 nm and Ms=320 kA/m
2025/10/30 08:22:42 AM - __main__ - INFO - Running simulation for D=375 nm and Msat=340 kA/m
2025/10/30 08:22:45 AM - __main__ - INFO - 	 Simulation time=2.86 s
2025/10/30 08:22:55 AM - __main__ - INFO - 	Finished converting image for hysteresis at D=375 nm and Ms=340 kA/m
2025/10/30 08:22:55 AM - __main__ - INFO - Running simulation for D=375 nm and Msat=360 kA/m
2025/10/30 08:22:58 AM - __main__ - INFO - 	 Simulation time=2.88 s
2025/10/30 08:23:07 AM - __main__ - INFO - 	Finished converting image for hysteresis at D=375 nm and Ms=360 kA/m
2025/10/30 08:23:07 AM - __main__ - INFO - Running simulation for D=375 nm and Msat=380 kA/m
2025/10/30 08:23:11 AM - __main__ - INFO - 	 Simulation time=3.01 s
2025/10/30 08:23:20 AM - __main__ - INFO - 	Finished converting image for hysteresis at D=375 nm and Ms=380 kA/m
2025/10/30 08:23:20 AM - __main__ - INFO - Running simulation for D=375 nm and Msat=400 kA/m
2025/10/30 08:23:23 AM - __main__ - INFO - 	 Simulation time=2.87 s
2025/10/30 08:23:33 AM - __main__ - INFO - 	Finished converting image for hysteresis at D=375 nm and Ms=400 kA/m
2025/10/30 08:23:33 AM - __main__ - INFO - Running simulation for D=375 nm and Msat=420 kA/m
2025/10/30 08:23:36 AM - __main__ - INFO - 	 Simulation time=2.90 s
2025/10/30 08:23:46 AM - __main__ - INFO - 	Finished converting image for hysteresis at D=375 nm and Ms=420 kA/m
2025/10/30 08:23:46 AM - __main__ - INFO - Running simulation for D=375 nm and Msat=440 kA/m
2025/10/30 08:23:49 AM - __main__ - INFO - 	 Simulation time=2.84 s
2025/10/30 08:23:59 AM - __main__ - INFO - 	Finished converting image for hysteresis at D=375 nm and Ms=440 kA/m
2025/10/30 08:23:59 AM - __main__ - INFO - Running simulation for D=450 nm and Msat=260 kA/m
2025/10/30 08:24:01 AM - __main__ - INFO - 	 Simulation time=2.56 s
2025/10/30 08:24:13 AM - __main__ - INFO - 	Finished converting image for hysteresis at D=450 nm and Ms=260 kA/m
2025/10/30 08:24:13 AM - __main__ - INFO - Running simulation for D=450 nm and Msat=280 kA/m
2025/10/30 08:24:15 AM - __main__ - INFO - 	 Simulation time=2.57 s
2025/10/30 08:24:26 AM - __main__ - INFO - 	Finished converting image for hysteresis at D=450 nm and Ms=280 kA/m
2025/10/30 08:24:26 AM - __main__ - INFO - Running simulation for D=450 nm and Msat=300 kA/m
2025/10/30 08:24:29 AM - __main__ - INFO - 	 Simulation time=2.57 s
2025/10/30 08:24:40 AM - __main__ - INFO - 	Finished converting image for hysteresis at D=450 nm and Ms=300 kA/m
2025/10/30 08:24:40 AM - __main__ - INFO - Running simulation for D=450 nm and Msat=320 kA/m
2025/10/30 08:24:43 AM - __main__ - INFO - 	 Simulation time=2.90 s
2025/10/30 08:24:55 AM - __main__ - INFO - 	Finished converting image for hysteresis at D=450 nm and Ms=320 kA/m
2025/10/30 08:24:55 AM - __main__ - INFO - Running simulation for D=450 nm and Msat=340 kA/m
2025/10/30 08:24:57 AM - __main__ - INFO - 	 Simulation time=2.78 s
2025/10/30 08:25:09 AM - __main__ - INFO - 	Finished converting image for hysteresis at D=450 nm and Ms=340 kA/m
2025/10/30 08:25:09 AM - __main__ - INFO - Running simulation for D=450 nm and Msat=360 kA/m
2025/10/30 08:25:12 AM - __main__ - INFO - 	 Simulation time=2.87 s
2025/10/30 08:25:23 AM - __main__ - INFO - 	Finished converting image for hysteresis at D=450 nm and Ms=360 kA/m
2025/10/30 08:25:23 AM - __main__ - INFO - Running simulation for D=450 nm and Msat=380 kA/m
2025/10/30 08:25:26 AM - __main__ - INFO - 	 Simulation time=2.87 s
2025/10/30 08:25:37 AM - __main__ - INFO - 	Finished converting image for hysteresis at D=450 nm and Ms=380 kA/m
2025/10/30 08:25:37 AM - __main__ - INFO - Running simulation for D=450 nm and Msat=400 kA/m
2025/10/30 08:25:40 AM - __main__ - INFO - 	 Simulation time=2.81 s
2025/10/30 08:25:51 AM - __main__ - INFO - 	Finished converting image for hysteresis at D=450 nm and Ms=400 kA/m
2025/10/30 08:25:51 AM - __main__ - INFO - Running simulation for D=450 nm and Msat=420 kA/m
2025/10/30 08:25:54 AM - __main__ - INFO - 	 Simulation time=2.88 s
2025/10/30 08:26:05 AM - __main__ - INFO - 	Finished converting image for hysteresis at D=450 nm and Ms=420 kA/m
2025/10/30 08:26:05 AM - __main__ - INFO - Running simulation for D=450 nm and Msat=440 kA/m
2025/10/30 08:26:08 AM - __main__ - INFO - 	 Simulation time=3.02 s
2025/10/30 08:26:20 AM - __main__ - INFO - 	Finished converting image for hysteresis at D=450 nm and Ms=440 kA/m
2025/10/30 08:26:20 AM - __main__ - INFO - Running simulation for D=525 nm and Msat=260 kA/m
2025/10/30 08:26:23 AM - __main__ - INFO - 	 Simulation time=2.77 s
2025/10/30 08:26:34 AM - __main__ - INFO - 	Finished converting image for hysteresis at D=525 nm and Ms=260 kA/m
2025/10/30 08:26:34 AM - __main__ - INFO - Running simulation for D=525 nm and Msat=280 kA/m
2025/10/30 08:26:37 AM - __main__ - INFO - 	 Simulation time=2.86 s
2025/10/30 08:26:48 AM - __main__ - INFO - 	Finished converting image for hysteresis at D=525 nm and Ms=280 kA/m
2025/10/30 08:26:48 AM - __main__ - INFO - Running simulation for D=525 nm and Msat=300 kA/m
2025/10/30 08:26:51 AM - __main__ - INFO - 	 Simulation time=2.97 s
2025/10/30 08:27:02 AM - __main__ - INFO - 	Finished converting image for hysteresis at D=525 nm and Ms=300 kA/m
2025/10/30 08:27:02 AM - __main__ - INFO - Running simulation for D=525 nm and Msat=320 kA/m
2025/10/30 08:27:06 AM - __main__ - INFO - 	 Simulation time=3.37 s
2025/10/30 08:27:17 AM - __main__ - INFO - 	Finished converting image for hysteresis at D=525 nm and Ms=320 kA/m
2025/10/30 08:27:17 AM - __main__ - INFO - Running simulation for D=525 nm and Msat=340 kA/m
2025/10/30 08:27:20 AM - __main__ - INFO - 	 Simulation time=2.86 s
2025/10/30 08:27:31 AM - __main__ - INFO - 	Finished converting image for hysteresis at D=525 nm and Ms=340 kA/m
2025/10/30 08:27:31 AM - __main__ - INFO - Running simulation for D=525 nm and Msat=360 kA/m
2025/10/30 08:27:34 AM - __main__ - INFO - 	 Simulation time=2.89 s
2025/10/30 08:27:45 AM - __main__ - INFO - 	Finished converting image for hysteresis at D=525 nm and Ms=360 kA/m
2025/10/30 08:27:45 AM - __main__ - INFO - Running simulation for D=525 nm and Msat=380 kA/m
2025/10/30 08:27:48 AM - __main__ - INFO - 	 Simulation time=2.95 s
2025/10/30 08:28:00 AM - __main__ - INFO - 	Finished converting image for hysteresis at D=525 nm and Ms=380 kA/m
2025/10/30 08:28:00 AM - __main__ - INFO - Running simulation for D=525 nm and Msat=400 kA/m
2025/10/30 08:28:03 AM - __main__ - INFO - 	 Simulation time=2.94 s
2025/10/30 08:28:14 AM - __main__ - INFO - 	Finished converting image for hysteresis at D=525 nm and Ms=400 kA/m
2025/10/30 08:28:14 AM - __main__ - INFO - Running simulation for D=525 nm and Msat=420 kA/m
2025/10/30 08:28:17 AM - __main__ - INFO - 	 Simulation time=3.00 s
2025/10/30 08:28:28 AM - __main__ - INFO - 	Finished converting image for hysteresis at D=525 nm and Ms=420 kA/m
2025/10/30 08:28:28 AM - __main__ - INFO - Running simulation for D=525 nm and Msat=440 kA/m
2025/10/30 08:28:31 AM - __main__ - INFO - 	 Simulation time=3.01 s
2025/10/30 08:28:43 AM - __main__ - INFO - 	Finished converting image for hysteresis at D=525 nm and Ms=440 kA/m
2025/10/30 08:28:43 AM - __main__ - INFO - Running simulation for D=600 nm and Msat=260 kA/m
2025/10/30 08:28:46 AM - __main__ - INFO - 	 Simulation time=3.12 s
2025/10/30 08:28:57 AM - __main__ - INFO - 	Finished converting image for hysteresis at D=600 nm and Ms=260 kA/m
2025/10/30 08:28:57 AM - __main__ - INFO - Running simulation for D=600 nm and Msat=280 kA/m
2025/10/30 08:29:00 AM - __main__ - INFO - 	 Simulation time=2.92 s
2025/10/30 08:29:12 AM - __main__ - INFO - 	Finished converting image for hysteresis at D=600 nm and Ms=280 kA/m
2025/10/30 08:29:12 AM - __main__ - INFO - Running simulation for D=600 nm and Msat=300 kA/m
2025/10/30 08:29:15 AM - __main__ - INFO - 	 Simulation time=2.88 s
2025/10/30 08:29:27 AM - __main__ - INFO - 	Finished converting image for hysteresis at D=600 nm and Ms=300 kA/m
2025/10/30 08:29:27 AM - __main__ - INFO - Running simulation for D=600 nm and Msat=320 kA/m
2025/10/30 08:29:29 AM - __main__ - INFO - 	 Simulation time=2.85 s
2025/10/30 08:29:41 AM - __main__ - INFO - 	Finished converting image for hysteresis at D=600 nm and Ms=320 kA/m
2025/10/30 08:29:41 AM - __main__ - INFO - Running simulation for D=600 nm and Msat=340 kA/m
2025/10/30 08:29:44 AM - __main__ - INFO - 	 Simulation time=2.93 s
2025/10/30 08:29:56 AM - __main__ - INFO - 	Finished converting image for hysteresis at D=600 nm and Ms=340 kA/m
2025/10/30 08:29:56 AM - __main__ - INFO - Running simulation for D=600 nm and Msat=360 kA/m
2025/10/30 08:29:59 AM - __main__ - INFO - 	 Simulation time=3.00 s
2025/10/30 08:30:11 AM - __main__ - INFO - 	Finished converting image for hysteresis at D=600 nm and Ms=360 kA/m
2025/10/30 08:30:11 AM - __main__ - INFO - Running simulation for D=600 nm and Msat=380 kA/m
2025/10/30 08:30:14 AM - __main__ - INFO - 	 Simulation time=2.99 s
2025/10/30 08:30:25 AM - __main__ - INFO - 	Finished converting image for hysteresis at D=600 nm and Ms=380 kA/m
2025/10/30 08:30:25 AM - __main__ - INFO - Running simulation for D=600 nm and Msat=400 kA/m
2025/10/30 08:30:28 AM - __main__ - INFO - 	 Simulation time=3.00 s
2025/10/30 08:30:40 AM - __main__ - INFO - 	Finished converting image for hysteresis at D=600 nm and Ms=400 kA/m
2025/10/30 08:30:40 AM - __main__ - INFO - Running simulation for D=600 nm and Msat=420 kA/m
2025/10/30 08:30:43 AM - __main__ - INFO - 	 Simulation time=3.31 s
2025/10/30 08:30:55 AM - __main__ - INFO - 	Finished converting image for hysteresis at D=600 nm and Ms=420 kA/m
2025/10/30 08:30:55 AM - __main__ - INFO - Running simulation for D=600 nm and Msat=440 kA/m
2025/10/30 08:30:58 AM - __main__ - INFO - 	 Simulation time=3.34 s
2025/10/30 08:31:10 AM - __main__ - INFO - 	Finished converting image for hysteresis at D=600 nm and Ms=440 kA/m
2025/10/30 08:31:10 AM - __main__ - INFO - Running simulation for D=675 nm and Msat=260 kA/m
2025/10/30 08:31:13 AM - __main__ - INFO - 	 Simulation time=3.30 s
2025/10/30 08:31:26 AM - __main__ - INFO - 	Finished converting image for hysteresis at D=675 nm and Ms=260 kA/m
2025/10/30 08:31:26 AM - __main__ - INFO - Running simulation for D=675 nm and Msat=280 kA/m
2025/10/30 08:31:29 AM - __main__ - INFO - 	 Simulation time=3.18 s
2025/10/30 08:31:41 AM - __main__ - INFO - 	Finished converting image for hysteresis at D=675 nm and Ms=280 kA/m
2025/10/30 08:31:41 AM - __main__ - INFO - Running simulation for D=675 nm and Msat=300 kA/m
2025/10/30 08:31:45 AM - __main__ - INFO - 	 Simulation time=3.31 s
2025/10/30 08:31:57 AM - __main__ - INFO - 	Finished converting image for hysteresis at D=675 nm and Ms=300 kA/m
2025/10/30 08:31:57 AM - __main__ - INFO - Running simulation for D=675 nm and Msat=320 kA/m
2025/10/30 08:32:00 AM - __main__ - INFO - 	 Simulation time=3.31 s
2025/10/30 08:32:13 AM - __main__ - INFO - 	Finished converting image for hysteresis at D=675 nm and Ms=320 kA/m
2025/10/30 08:32:13 AM - __main__ - INFO - Running simulation for D=675 nm and Msat=340 kA/m
2025/10/30 08:32:16 AM - __main__ - INFO - 	 Simulation time=3.08 s
2025/10/30 08:32:28 AM - __main__ - INFO - 	Finished converting image for hysteresis at D=675 nm and Ms=340 kA/m
2025/10/30 08:32:28 AM - __main__ - INFO - Running simulation for D=675 nm and Msat=360 kA/m
2025/10/30 08:32:32 AM - __main__ - INFO - 	 Simulation time=3.16 s
2025/10/30 08:32:44 AM - __main__ - INFO - 	Finished converting image for hysteresis at D=675 nm and Ms=360 kA/m
2025/10/30 08:32:44 AM - __main__ - INFO - Running simulation for D=675 nm and Msat=380 kA/m
2025/10/30 08:32:47 AM - __main__ - INFO - 	 Simulation time=3.35 s
2025/10/30 08:33:00 AM - __main__ - INFO - 	Finished converting image for hysteresis at D=675 nm and Ms=380 kA/m
2025/10/30 08:33:00 AM - __main__ - INFO - Running simulation for D=675 nm and Msat=400 kA/m
2025/10/30 08:33:03 AM - __main__ - INFO - 	 Simulation time=3.22 s
2025/10/30 08:33:15 AM - __main__ - INFO - 	Finished converting image for hysteresis at D=675 nm and Ms=400 kA/m
2025/10/30 08:33:15 AM - __main__ - INFO - Running simulation for D=675 nm and Msat=420 kA/m
2025/10/30 08:33:19 AM - __main__ - INFO - 	 Simulation time=3.24 s
2025/10/30 08:33:31 AM - __main__ - INFO - 	Finished converting image for hysteresis at D=675 nm and Ms=420 kA/m
2025/10/30 08:33:31 AM - __main__ - INFO - Running simulation for D=675 nm and Msat=440 kA/m
2025/10/30 08:33:34 AM - __main__ - INFO - 	 Simulation time=3.28 s
2025/10/30 08:33:47 AM - __main__ - INFO - 	Finished converting image for hysteresis at D=675 nm and Ms=440 kA/m
2025/10/30 08:33:47 AM - __main__ - INFO - Running simulation for D=750 nm and Msat=260 kA/m
2025/10/30 08:33:50 AM - __main__ - INFO - 	 Simulation time=3.23 s
2025/10/30 08:34:03 AM - __main__ - INFO - 	Finished converting image for hysteresis at D=750 nm and Ms=260 kA/m
2025/10/30 08:34:03 AM - __main__ - INFO - Running simulation for D=750 nm and Msat=280 kA/m
2025/10/30 08:34:06 AM - __main__ - INFO - 	 Simulation time=3.24 s
2025/10/30 08:34:18 AM - __main__ - INFO - 	Finished converting image for hysteresis at D=750 nm and Ms=280 kA/m
2025/10/30 08:34:18 AM - __main__ - INFO - Running simulation for D=750 nm and Msat=300 kA/m
2025/10/30 08:34:22 AM - __main__ - INFO - 	 Simulation time=3.21 s
2025/10/30 08:34:34 AM - __main__ - INFO - 	Finished converting image for hysteresis at D=750 nm and Ms=300 kA/m
2025/10/30 08:34:34 AM - __main__ - INFO - Running simulation for D=750 nm and Msat=320 kA/m
2025/10/30 08:34:37 AM - __main__ - INFO - 	 Simulation time=3.19 s
2025/10/30 08:34:50 AM - __main__ - INFO - 	Finished converting image for hysteresis at D=750 nm and Ms=320 kA/m
2025/10/30 08:34:50 AM - __main__ - INFO - Running simulation for D=750 nm and Msat=340 kA/m
2025/10/30 08:34:54 AM - __main__ - INFO - 	 Simulation time=3.47 s
2025/10/30 08:35:06 AM - __main__ - INFO - 	Finished converting image for hysteresis at D=750 nm and Ms=340 kA/m
2025/10/30 08:35:06 AM - __main__ - INFO - Running simulation for D=750 nm and Msat=360 kA/m
2025/10/30 08:35:10 AM - __main__ - INFO - 	 Simulation time=3.40 s
2025/10/30 08:35:22 AM - __main__ - INFO - 	Finished converting image for hysteresis at D=750 nm and Ms=360 kA/m
2025/10/30 08:35:22 AM - __main__ - INFO - Running simulation for D=750 nm and Msat=380 kA/m
2025/10/30 08:35:26 AM - __main__ - INFO - 	 Simulation time=3.30 s
2025/10/30 08:35:38 AM - __main__ - INFO - 	Finished converting image for hysteresis at D=750 nm and Ms=380 kA/m
2025/10/30 08:35:38 AM - __main__ - INFO - Running simulation for D=750 nm and Msat=400 kA/m
2025/10/30 08:35:42 AM - __main__ - INFO - 	 Simulation time=3.35 s
2025/10/30 08:35:54 AM - __main__ - INFO - 	Finished converting image for hysteresis at D=750 nm and Ms=400 kA/m
2025/10/30 08:35:54 AM - __main__ - INFO - Running simulation for D=750 nm and Msat=420 kA/m
2025/10/30 08:35:58 AM - __main__ - INFO - 	 Simulation time=3.39 s
2025/10/30 08:36:10 AM - __main__ - INFO - 	Finished converting image for hysteresis at D=750 nm and Ms=420 kA/m
2025/10/30 08:36:10 AM - __main__ - INFO - Running simulation for D=750 nm and Msat=440 kA/m
2025/10/30 08:36:14 AM - __main__ - INFO - 	 Simulation time=3.36 s
2025/10/30 08:36:26 AM - __main__ - INFO - 	Finished converting image for hysteresis at D=750 nm and Ms=440 kA/m
2025/10/30 08:36:26 AM - __main__ - INFO - ---FOR Ku = 0.8 MJ/m3---
2025/10/30 08:36:26 AM - __main__ - INFO - Running simulation for D=150 nm and Msat=260 kA/m
2025/10/30 08:36:29 AM - __main__ - INFO - 	 Simulation time=2.31 s
2025/10/30 08:36:38 AM - __main__ - INFO - 	Finished converting image for hysteresis at D=150 nm and Ms=260 kA/m
2025/10/30 08:36:38 AM - __main__ - INFO - Running simulation for D=150 nm and Msat=280 kA/m
2025/10/30 08:36:40 AM - __main__ - INFO - 	 Simulation time=2.30 s
2025/10/30 08:36:50 AM - __main__ - INFO - 	Finished converting image for hysteresis at D=150 nm and Ms=280 kA/m
2025/10/30 08:36:50 AM - __main__ - INFO - Running simulation for D=150 nm and Msat=300 kA/m
2025/10/30 08:36:52 AM - __main__ - INFO - 	 Simulation time=2.43 s
2025/10/30 08:37:02 AM - __main__ - INFO - 	Finished converting image for hysteresis at D=150 nm and Ms=300 kA/m
2025/10/30 08:37:02 AM - __main__ - INFO - Running simulation for D=150 nm and Msat=320 kA/m
2025/10/30 08:37:04 AM - __main__ - INFO - 	 Simulation time=2.45 s
2025/10/30 08:37:14 AM - __main__ - INFO - 	Finished converting image for hysteresis at D=150 nm and Ms=320 kA/m
2025/10/30 08:37:14 AM - __main__ - INFO - Running simulation for D=150 nm and Msat=340 kA/m
2025/10/30 08:37:16 AM - __main__ - INFO - 	 Simulation time=2.58 s
2025/10/30 08:37:26 AM - __main__ - INFO - 	Finished converting image for hysteresis at D=150 nm and Ms=340 kA/m
2025/10/30 08:37:26 AM - __main__ - INFO - Running simulation for D=150 nm and Msat=360 kA/m
2025/10/30 08:37:28 AM - __main__ - INFO - 	 Simulation time=2.45 s
2025/10/30 08:37:38 AM - __main__ - INFO - 	Finished converting image for hysteresis at D=150 nm and Ms=360 kA/m
2025/10/30 08:37:38 AM - __main__ - INFO - Running simulation for D=150 nm and Msat=380 kA/m
2025/10/30 08:37:41 AM - __main__ - INFO - 	 Simulation time=2.70 s
2025/10/30 08:37:50 AM - __main__ - INFO - 	Finished converting image for hysteresis at D=150 nm and Ms=380 kA/m
2025/10/30 08:37:50 AM - __main__ - INFO - Running simulation for D=150 nm and Msat=400 kA/m
2025/10/30 08:37:53 AM - __main__ - INFO - 	 Simulation time=2.66 s
2025/10/30 08:38:02 AM - __main__ - INFO - 	Finished converting image for hysteresis at D=150 nm and Ms=400 kA/m
2025/10/30 08:38:02 AM - __main__ - INFO - Running simulation for D=150 nm and Msat=420 kA/m
2025/10/30 08:38:05 AM - __main__ - INFO - 	 Simulation time=2.62 s
2025/10/30 08:38:15 AM - __main__ - INFO - 	Finished converting image for hysteresis at D=150 nm and Ms=420 kA/m
2025/10/30 08:38:15 AM - __main__ - INFO - Running simulation for D=150 nm and Msat=440 kA/m
2025/10/30 08:38:17 AM - __main__ - INFO - 	 Simulation time=2.47 s
2025/10/30 08:38:27 AM - __main__ - INFO - 	Finished converting image for hysteresis at D=150 nm and Ms=440 kA/m
2025/10/30 08:38:27 AM - __main__ - INFO - Running simulation for D=225 nm and Msat=260 kA/m
2025/10/30 08:38:29 AM - __main__ - INFO - 	 Simulation time=2.48 s
2025/10/30 08:38:39 AM - __main__ - INFO - 	Finished converting image for hysteresis at D=225 nm and Ms=260 kA/m
2025/10/30 08:38:39 AM - __main__ - INFO - Running simulation for D=225 nm and Msat=280 kA/m
2025/10/30 08:38:41 AM - __main__ - INFO - 	 Simulation time=2.47 s
2025/10/30 08:38:51 AM - __main__ - INFO - 	Finished converting image for hysteresis at D=225 nm and Ms=280 kA/m
2025/10/30 08:38:51 AM - __main__ - INFO - Running simulation for D=225 nm and Msat=300 kA/m
2025/10/30 08:38:54 AM - __main__ - INFO - 	 Simulation time=2.61 s
2025/10/30 08:39:04 AM - __main__ - INFO - 	Finished converting image for hysteresis at D=225 nm and Ms=300 kA/m
2025/10/30 08:39:04 AM - __main__ - INFO - Running simulation for D=225 nm and Msat=320 kA/m
2025/10/30 08:39:06 AM - __main__ - INFO - 	 Simulation time=2.74 s
2025/10/30 08:39:16 AM - __main__ - INFO - 	Finished converting image for hysteresis at D=225 nm and Ms=320 kA/m
2025/10/30 08:39:16 AM - __main__ - INFO - Running simulation for D=225 nm and Msat=340 kA/m
2025/10/30 08:39:19 AM - __main__ - INFO - 	 Simulation time=2.56 s
2025/10/30 08:39:29 AM - __main__ - INFO - 	Finished converting image for hysteresis at D=225 nm and Ms=340 kA/m
2025/10/30 08:39:29 AM - __main__ - INFO - Running simulation for D=225 nm and Msat=360 kA/m
2025/10/30 08:39:31 AM - __main__ - INFO - 	 Simulation time=2.54 s
2025/10/30 08:39:41 AM - __main__ - INFO - 	Finished converting image for hysteresis at D=225 nm and Ms=360 kA/m
2025/10/30 08:39:41 AM - __main__ - INFO - Running simulation for D=225 nm and Msat=380 kA/m
2025/10/30 08:39:43 AM - __main__ - INFO - 	 Simulation time=2.55 s
2025/10/30 08:39:53 AM - __main__ - INFO - 	Finished converting image for hysteresis at D=225 nm and Ms=380 kA/m
2025/10/30 08:39:53 AM - __main__ - INFO - Running simulation for D=225 nm and Msat=400 kA/m
2025/10/30 08:39:56 AM - __main__ - INFO - 	 Simulation time=2.60 s
2025/10/30 08:40:06 AM - __main__ - INFO - 	Finished converting image for hysteresis at D=225 nm and Ms=400 kA/m
2025/10/30 08:40:06 AM - __main__ - INFO - Running simulation for D=225 nm and Msat=420 kA/m
2025/10/30 08:40:08 AM - __main__ - INFO - 	 Simulation time=2.65 s
2025/10/30 08:40:18 AM - __main__ - INFO - 	Finished converting image for hysteresis at D=225 nm and Ms=420 kA/m
2025/10/30 08:40:18 AM - __main__ - INFO - Running simulation for D=225 nm and Msat=440 kA/m
2025/10/30 08:40:21 AM - __main__ - INFO - 	 Simulation time=2.70 s
2025/10/30 08:40:31 AM - __main__ - INFO - 	Finished converting image for hysteresis at D=225 nm and Ms=440 kA/m
2025/10/30 08:40:31 AM - __main__ - INFO - Running simulation for D=300 nm and Msat=260 kA/m
2025/10/30 08:40:33 AM - __main__ - INFO - 	 Simulation time=2.29 s
2025/10/30 08:40:43 AM - __main__ - INFO - 	Finished converting image for hysteresis at D=300 nm and Ms=260 kA/m
2025/10/30 08:40:43 AM - __main__ - INFO - Running simulation for D=300 nm and Msat=280 kA/m
2025/10/30 08:40:45 AM - __main__ - INFO - 	 Simulation time=2.49 s
2025/10/30 08:40:55 AM - __main__ - INFO - 	Finished converting image for hysteresis at D=300 nm and Ms=280 kA/m
2025/10/30 08:40:55 AM - __main__ - INFO - Running simulation for D=300 nm and Msat=300 kA/m
2025/10/30 08:40:57 AM - __main__ - INFO - 	 Simulation time=2.46 s
2025/10/30 08:41:07 AM - __main__ - INFO - 	Finished converting image for hysteresis at D=300 nm and Ms=300 kA/m
2025/10/30 08:41:07 AM - __main__ - INFO - Running simulation for D=300 nm and Msat=320 kA/m
2025/10/30 08:41:10 AM - __main__ - INFO - 	 Simulation time=2.47 s
2025/10/30 08:41:19 AM - __main__ - INFO - 	Finished converting image for hysteresis at D=300 nm and Ms=320 kA/m
2025/10/30 08:41:19 AM - __main__ - INFO - Running simulation for D=300 nm and Msat=340 kA/m
2025/10/30 08:41:22 AM - __main__ - INFO - 	 Simulation time=2.37 s
2025/10/30 08:41:32 AM - __main__ - INFO - 	Finished converting image for hysteresis at D=300 nm and Ms=340 kA/m
2025/10/30 08:41:32 AM - __main__ - INFO - Running simulation for D=300 nm and Msat=360 kA/m
2025/10/30 08:41:34 AM - __main__ - INFO - 	 Simulation time=2.47 s
2025/10/30 08:41:44 AM - __main__ - INFO - 	Finished converting image for hysteresis at D=300 nm and Ms=360 kA/m
2025/10/30 08:41:44 AM - __main__ - INFO - Running simulation for D=300 nm and Msat=380 kA/m
2025/10/30 08:41:46 AM - __main__ - INFO - 	 Simulation time=2.45 s
2025/10/30 08:41:56 AM - __main__ - INFO - 	Finished converting image for hysteresis at D=300 nm and Ms=380 kA/m
2025/10/30 08:41:56 AM - __main__ - INFO - Running simulation for D=300 nm and Msat=400 kA/m
2025/10/30 08:41:59 AM - __main__ - INFO - 	 Simulation time=2.48 s
2025/10/30 08:42:08 AM - __main__ - INFO - 	Finished converting image for hysteresis at D=300 nm and Ms=400 kA/m
2025/10/30 08:42:08 AM - __main__ - INFO - Running simulation for D=300 nm and Msat=420 kA/m
2025/10/30 08:42:11 AM - __main__ - INFO - 	 Simulation time=2.52 s
2025/10/30 08:42:21 AM - __main__ - INFO - 	Finished converting image for hysteresis at D=300 nm and Ms=420 kA/m
2025/10/30 08:42:21 AM - __main__ - INFO - Running simulation for D=300 nm and Msat=440 kA/m
2025/10/30 08:42:23 AM - __main__ - INFO - 	 Simulation time=2.57 s
2025/10/30 08:42:33 AM - __main__ - INFO - 	Finished converting image for hysteresis at D=300 nm and Ms=440 kA/m
2025/10/30 08:42:33 AM - __main__ - INFO - Running simulation for D=375 nm and Msat=260 kA/m
2025/10/30 08:42:36 AM - __main__ - INFO - 	 Simulation time=2.59 s
2025/10/30 08:42:46 AM - __main__ - INFO - 	Finished converting image for hysteresis at D=375 nm and Ms=260 kA/m
2025/10/30 08:42:46 AM - __main__ - INFO - Running simulation for D=375 nm and Msat=280 kA/m
2025/10/30 08:42:48 AM - __main__ - INFO - 	 Simulation time=2.72 s
2025/10/30 08:42:58 AM - __main__ - INFO - 	Finished converting image for hysteresis at D=375 nm and Ms=280 kA/m
2025/10/30 08:42:58 AM - __main__ - INFO - Running simulation for D=375 nm and Msat=300 kA/m
2025/10/30 08:43:01 AM - __main__ - INFO - 	 Simulation time=2.85 s
2025/10/30 08:43:11 AM - __main__ - INFO - 	Finished converting image for hysteresis at D=375 nm and Ms=300 kA/m
2025/10/30 08:43:11 AM - __main__ - INFO - Running simulation for D=375 nm and Msat=320 kA/m
2025/10/30 08:43:14 AM - __main__ - INFO - 	 Simulation time=2.92 s
2025/10/30 08:43:24 AM - __main__ - INFO - 	Finished converting image for hysteresis at D=375 nm and Ms=320 kA/m
2025/10/30 08:43:24 AM - __main__ - INFO - Running simulation for D=375 nm and Msat=340 kA/m
2025/10/30 08:43:27 AM - __main__ - INFO - 	 Simulation time=2.93 s
2025/10/30 08:43:37 AM - __main__ - INFO - 	Finished converting image for hysteresis at D=375 nm and Ms=340 kA/m
2025/10/30 08:43:37 AM - __main__ - INFO - Running simulation for D=375 nm and Msat=360 kA/m
2025/10/30 08:43:40 AM - __main__ - INFO - 	 Simulation time=2.99 s
2025/10/30 08:43:50 AM - __main__ - INFO - 	Finished converting image for hysteresis at D=375 nm and Ms=360 kA/m
2025/10/30 08:43:50 AM - __main__ - INFO - Running simulation for D=375 nm and Msat=380 kA/m
2025/10/30 08:43:53 AM - __main__ - INFO - 	 Simulation time=2.90 s
2025/10/30 08:44:03 AM - __main__ - INFO - 	Finished converting image for hysteresis at D=375 nm and Ms=380 kA/m
2025/10/30 08:44:03 AM - __main__ - INFO - Running simulation for D=375 nm and Msat=400 kA/m
2025/10/30 08:44:05 AM - __main__ - INFO - 	 Simulation time=2.97 s
2025/10/30 08:44:15 AM - __main__ - INFO - 	Finished converting image for hysteresis at D=375 nm and Ms=400 kA/m
2025/10/30 08:44:15 AM - __main__ - INFO - Running simulation for D=375 nm and Msat=420 kA/m
2025/10/30 08:44:18 AM - __main__ - INFO - 	 Simulation time=2.80 s
2025/10/30 08:44:28 AM - __main__ - INFO - 	Finished converting image for hysteresis at D=375 nm and Ms=420 kA/m
2025/10/30 08:44:28 AM - __main__ - INFO - Running simulation for D=375 nm and Msat=440 kA/m
2025/10/30 08:44:31 AM - __main__ - INFO - 	 Simulation time=2.80 s
2025/10/30 08:44:41 AM - __main__ - INFO - 	Finished converting image for hysteresis at D=375 nm and Ms=440 kA/m
2025/10/30 08:44:41 AM - __main__ - INFO - Running simulation for D=450 nm and Msat=260 kA/m
2025/10/30 08:44:44 AM - __main__ - INFO - 	 Simulation time=2.77 s
2025/10/30 08:44:55 AM - __main__ - INFO - 	Finished converting image for hysteresis at D=450 nm and Ms=260 kA/m
2025/10/30 08:44:55 AM - __main__ - INFO - Running simulation for D=450 nm and Msat=280 kA/m
2025/10/30 08:44:58 AM - __main__ - INFO - 	 Simulation time=2.65 s
2025/10/30 08:45:09 AM - __main__ - INFO - 	Finished converting image for hysteresis at D=450 nm and Ms=280 kA/m
2025/10/30 08:45:09 AM - __main__ - INFO - Running simulation for D=450 nm and Msat=300 kA/m
2025/10/30 08:45:12 AM - __main__ - INFO - 	 Simulation time=2.54 s
2025/10/30 08:45:23 AM - __main__ - INFO - 	Finished converting image for hysteresis at D=450 nm and Ms=300 kA/m
2025/10/30 08:45:23 AM - __main__ - INFO - Running simulation for D=450 nm and Msat=320 kA/m
2025/10/30 08:45:25 AM - __main__ - INFO - 	 Simulation time=2.46 s
2025/10/30 08:45:37 AM - __main__ - INFO - 	Finished converting image for hysteresis at D=450 nm and Ms=320 kA/m
2025/10/30 08:45:37 AM - __main__ - INFO - Running simulation for D=450 nm and Msat=340 kA/m
2025/10/30 08:45:39 AM - __main__ - INFO - 	 Simulation time=2.50 s
2025/10/30 08:45:51 AM - __main__ - INFO - 	Finished converting image for hysteresis at D=450 nm and Ms=340 kA/m
2025/10/30 08:45:51 AM - __main__ - INFO - Running simulation for D=450 nm and Msat=360 kA/m
2025/10/30 08:45:53 AM - __main__ - INFO - 	 Simulation time=2.55 s
2025/10/30 08:46:05 AM - __main__ - INFO - 	Finished converting image for hysteresis at D=450 nm and Ms=360 kA/m
2025/10/30 08:46:05 AM - __main__ - INFO - Running simulation for D=450 nm and Msat=380 kA/m
2025/10/30 08:46:07 AM - __main__ - INFO - 	 Simulation time=2.59 s
2025/10/30 08:46:18 AM - __main__ - INFO - 	Finished converting image for hysteresis at D=450 nm and Ms=380 kA/m
2025/10/30 08:46:18 AM - __main__ - INFO - Running simulation for D=450 nm and Msat=400 kA/m
2025/10/30 08:46:21 AM - __main__ - INFO - 	 Simulation time=2.58 s
2025/10/30 08:46:32 AM - __main__ - INFO - 	Finished converting image for hysteresis at D=450 nm and Ms=400 kA/m
2025/10/30 08:46:32 AM - __main__ - INFO - Running simulation for D=450 nm and Msat=420 kA/m
2025/10/30 08:46:35 AM - __main__ - INFO - 	 Simulation time=2.63 s
2025/10/30 08:46:46 AM - __main__ - INFO - 	Finished converting image for hysteresis at D=450 nm and Ms=420 kA/m
2025/10/30 08:46:46 AM - __main__ - INFO - Running simulation for D=450 nm and Msat=440 kA/m
2025/10/30 08:46:49 AM - __main__ - INFO - 	 Simulation time=2.92 s
2025/10/30 08:47:01 AM - __main__ - INFO - 	Finished converting image for hysteresis at D=450 nm and Ms=440 kA/m
2025/10/30 08:47:01 AM - __main__ - INFO - Running simulation for D=525 nm and Msat=260 kA/m
2025/10/30 08:47:04 AM - __main__ - INFO - 	 Simulation time=2.86 s
2025/10/30 08:47:15 AM - __main__ - INFO - 	Finished converting image for hysteresis at D=525 nm and Ms=260 kA/m
2025/10/30 08:47:15 AM - __main__ - INFO - Running simulation for D=525 nm and Msat=280 kA/m
2025/10/30 08:47:18 AM - __main__ - INFO - 	 Simulation time=2.68 s
2025/10/30 08:47:29 AM - __main__ - INFO - 	Finished converting image for hysteresis at D=525 nm and Ms=280 kA/m
2025/10/30 08:47:29 AM - __main__ - INFO - Running simulation for D=525 nm and Msat=300 kA/m
2025/10/30 08:47:32 AM - __main__ - INFO - 	 Simulation time=2.77 s
2025/10/30 08:47:43 AM - __main__ - INFO - 	Finished converting image for hysteresis at D=525 nm and Ms=300 kA/m
2025/10/30 08:47:43 AM - __main__ - INFO - Running simulation for D=525 nm and Msat=320 kA/m
2025/10/30 08:47:46 AM - __main__ - INFO - 	 Simulation time=2.73 s
2025/10/30 08:47:57 AM - __main__ - INFO - 	Finished converting image for hysteresis at D=525 nm and Ms=320 kA/m
2025/10/30 08:47:57 AM - __main__ - INFO - Running simulation for D=525 nm and Msat=340 kA/m
2025/10/30 08:48:00 AM - __main__ - INFO - 	 Simulation time=2.75 s
2025/10/30 08:48:11 AM - __main__ - INFO - 	Finished converting image for hysteresis at D=525 nm and Ms=340 kA/m
2025/10/30 08:48:11 AM - __main__ - INFO - Running simulation for D=525 nm and Msat=360 kA/m
2025/10/30 08:48:14 AM - __main__ - INFO - 	 Simulation time=2.83 s
2025/10/30 08:48:25 AM - __main__ - INFO - 	Finished converting image for hysteresis at D=525 nm and Ms=360 kA/m
2025/10/30 08:48:25 AM - __main__ - INFO - Running simulation for D=525 nm and Msat=380 kA/m
2025/10/30 08:48:28 AM - __main__ - INFO - 	 Simulation time=2.93 s
2025/10/30 08:48:39 AM - __main__ - INFO - 	Finished converting image for hysteresis at D=525 nm and Ms=380 kA/m
2025/10/30 08:48:39 AM - __main__ - INFO - Running simulation for D=525 nm and Msat=400 kA/m
2025/10/30 08:48:42 AM - __main__ - INFO - 	 Simulation time=2.97 s
2025/10/30 08:48:54 AM - __main__ - INFO - 	Finished converting image for hysteresis at D=525 nm and Ms=400 kA/m
2025/10/30 08:48:54 AM - __main__ - INFO - Running simulation for D=525 nm and Msat=420 kA/m
2025/10/30 08:48:57 AM - __main__ - INFO - 	 Simulation time=3.01 s
2025/10/30 08:49:08 AM - __main__ - INFO - 	Finished converting image for hysteresis at D=525 nm and Ms=420 kA/m
2025/10/30 08:49:08 AM - __main__ - INFO - Running simulation for D=525 nm and Msat=440 kA/m
2025/10/30 08:49:11 AM - __main__ - INFO - 	 Simulation time=3.27 s
2025/10/30 08:49:23 AM - __main__ - INFO - 	Finished converting image for hysteresis at D=525 nm and Ms=440 kA/m
2025/10/30 08:49:23 AM - __main__ - INFO - Running simulation for D=600 nm and Msat=260 kA/m
2025/10/30 08:49:25 AM - __main__ - INFO - 	 Simulation time=2.80 s
2025/10/30 08:49:37 AM - __main__ - INFO - 	Finished converting image for hysteresis at D=600 nm and Ms=260 kA/m
2025/10/30 08:49:37 AM - __main__ - INFO - Running simulation for D=600 nm and Msat=280 kA/m
2025/10/30 08:49:40 AM - __main__ - INFO - 	 Simulation time=3.00 s
2025/10/30 08:49:52 AM - __main__ - INFO - 	Finished converting image for hysteresis at D=600 nm and Ms=280 kA/m
2025/10/30 08:49:52 AM - __main__ - INFO - Running simulation for D=600 nm and Msat=300 kA/m
2025/10/30 08:49:55 AM - __main__ - INFO - 	 Simulation time=3.06 s
2025/10/30 08:50:07 AM - __main__ - INFO - 	Finished converting image for hysteresis at D=600 nm and Ms=300 kA/m
2025/10/30 08:50:07 AM - __main__ - INFO - Running simulation for D=600 nm and Msat=320 kA/m
2025/10/30 08:50:10 AM - __main__ - INFO - 	 Simulation time=2.90 s
2025/10/30 08:50:21 AM - __main__ - INFO - 	Finished converting image for hysteresis at D=600 nm and Ms=320 kA/m
2025/10/30 08:50:21 AM - __main__ - INFO - Running simulation for D=600 nm and Msat=340 kA/m
2025/10/30 08:50:24 AM - __main__ - INFO - 	 Simulation time=2.79 s
2025/10/30 08:50:36 AM - __main__ - INFO - 	Finished converting image for hysteresis at D=600 nm and Ms=340 kA/m
2025/10/30 08:50:36 AM - __main__ - INFO - Running simulation for D=600 nm and Msat=360 kA/m
2025/10/30 08:50:39 AM - __main__ - INFO - 	 Simulation time=2.83 s
2025/10/30 08:50:50 AM - __main__ - INFO - 	Finished converting image for hysteresis at D=600 nm and Ms=360 kA/m
2025/10/30 08:50:50 AM - __main__ - INFO - Running simulation for D=600 nm and Msat=380 kA/m
2025/10/30 08:50:53 AM - __main__ - INFO - 	 Simulation time=3.00 s
2025/10/30 08:51:05 AM - __main__ - INFO - 	Finished converting image for hysteresis at D=600 nm and Ms=380 kA/m
2025/10/30 08:51:05 AM - __main__ - INFO - Running simulation for D=600 nm and Msat=400 kA/m
2025/10/30 08:51:08 AM - __main__ - INFO - 	 Simulation time=3.03 s
2025/10/30 08:51:20 AM - __main__ - INFO - 	Finished converting image for hysteresis at D=600 nm and Ms=400 kA/m
2025/10/30 08:51:20 AM - __main__ - INFO - Running simulation for D=600 nm and Msat=420 kA/m
2025/10/30 08:51:23 AM - __main__ - INFO - 	 Simulation time=2.88 s
2025/10/30 08:51:34 AM - __main__ - INFO - 	Finished converting image for hysteresis at D=600 nm and Ms=420 kA/m
2025/10/30 08:51:34 AM - __main__ - INFO - Running simulation for D=600 nm and Msat=440 kA/m
2025/10/30 08:51:37 AM - __main__ - INFO - 	 Simulation time=2.93 s
2025/10/30 08:51:49 AM - __main__ - INFO - 	Finished converting image for hysteresis at D=600 nm and Ms=440 kA/m
2025/10/30 08:51:49 AM - __main__ - INFO - Running simulation for D=675 nm and Msat=260 kA/m
2025/10/30 08:51:52 AM - __main__ - INFO - 	 Simulation time=2.96 s
2025/10/30 08:52:04 AM - __main__ - INFO - 	Finished converting image for hysteresis at D=675 nm and Ms=260 kA/m
2025/10/30 08:52:04 AM - __main__ - INFO - Running simulation for D=675 nm and Msat=280 kA/m
2025/10/30 08:52:07 AM - __main__ - INFO - 	 Simulation time=2.96 s
2025/10/30 08:52:20 AM - __main__ - INFO - 	Finished converting image for hysteresis at D=675 nm and Ms=280 kA/m
2025/10/30 08:52:20 AM - __main__ - INFO - Running simulation for D=675 nm and Msat=300 kA/m
2025/10/30 08:52:23 AM - __main__ - INFO - 	 Simulation time=2.92 s
2025/10/30 08:52:35 AM - __main__ - INFO - 	Finished converting image for hysteresis at D=675 nm and Ms=300 kA/m
2025/10/30 08:52:35 AM - __main__ - INFO - Running simulation for D=675 nm and Msat=320 kA/m
2025/10/30 08:52:38 AM - __main__ - INFO - 	 Simulation time=2.94 s
2025/10/30 08:52:50 AM - __main__ - INFO - 	Finished converting image for hysteresis at D=675 nm and Ms=320 kA/m
2025/10/30 08:52:50 AM - __main__ - INFO - Running simulation for D=675 nm and Msat=340 kA/m
2025/10/30 08:52:53 AM - __main__ - INFO - 	 Simulation time=3.03 s
2025/10/30 08:53:06 AM - __main__ - INFO - 	Finished converting image for hysteresis at D=675 nm and Ms=340 kA/m
2025/10/30 08:53:06 AM - __main__ - INFO - Running simulation for D=675 nm and Msat=360 kA/m
2025/10/30 08:53:09 AM - __main__ - INFO - 	 Simulation time=3.26 s
2025/10/30 08:53:21 AM - __main__ - INFO - 	Finished converting image for hysteresis at D=675 nm and Ms=360 kA/m
2025/10/30 08:53:21 AM - __main__ - INFO - Running simulation for D=675 nm and Msat=380 kA/m
2025/10/30 08:53:24 AM - __main__ - INFO - 	 Simulation time=3.04 s
2025/10/30 08:53:37 AM - __main__ - INFO - 	Finished converting image for hysteresis at D=675 nm and Ms=380 kA/m
2025/10/30 08:53:37 AM - __main__ - INFO - Running simulation for D=675 nm and Msat=400 kA/m
2025/10/30 08:53:40 AM - __main__ - INFO - 	 Simulation time=3.08 s
2025/10/30 08:53:52 AM - __main__ - INFO - 	Finished converting image for hysteresis at D=675 nm and Ms=400 kA/m
2025/10/30 08:53:52 AM - __main__ - INFO - Running simulation for D=675 nm and Msat=420 kA/m
2025/10/30 08:53:55 AM - __main__ - INFO - 	 Simulation time=3.12 s
2025/10/30 08:54:08 AM - __main__ - INFO - 	Finished converting image for hysteresis at D=675 nm and Ms=420 kA/m
2025/10/30 08:54:08 AM - __main__ - INFO - Running simulation for D=675 nm and Msat=440 kA/m
2025/10/30 08:54:11 AM - __main__ - INFO - 	 Simulation time=3.22 s
2025/10/30 08:54:23 AM - __main__ - INFO - 	Finished converting image for hysteresis at D=675 nm and Ms=440 kA/m
2025/10/30 08:54:23 AM - __main__ - INFO - Running simulation for D=750 nm and Msat=260 kA/m
2025/10/30 08:54:26 AM - __main__ - INFO - 	 Simulation time=3.04 s
2025/10/30 08:54:39 AM - __main__ - INFO - 	Finished converting image for hysteresis at D=750 nm and Ms=260 kA/m
2025/10/30 08:54:39 AM - __main__ - INFO - Running simulation for D=750 nm and Msat=280 kA/m
2025/10/30 08:54:42 AM - __main__ - INFO - 	 Simulation time=2.97 s
2025/10/30 08:54:55 AM - __main__ - INFO - 	Finished converting image for hysteresis at D=750 nm and Ms=280 kA/m
2025/10/30 08:54:55 AM - __main__ - INFO - Running simulation for D=750 nm and Msat=300 kA/m
2025/10/30 08:54:58 AM - __main__ - INFO - 	 Simulation time=3.16 s
2025/10/30 08:55:11 AM - __main__ - INFO - 	Finished converting image for hysteresis at D=750 nm and Ms=300 kA/m
2025/10/30 08:55:11 AM - __main__ - INFO - Running simulation for D=750 nm and Msat=320 kA/m
2025/10/30 08:55:14 AM - __main__ - INFO - 	 Simulation time=3.22 s
2025/10/30 08:55:27 AM - __main__ - INFO - 	Finished converting image for hysteresis at D=750 nm and Ms=320 kA/m
2025/10/30 08:55:27 AM - __main__ - INFO - Running simulation for D=750 nm and Msat=340 kA/m
2025/10/30 08:55:30 AM - __main__ - INFO - 	 Simulation time=3.28 s
2025/10/30 08:55:42 AM - __main__ - INFO - 	Finished converting image for hysteresis at D=750 nm and Ms=340 kA/m
2025/10/30 08:55:42 AM - __main__ - INFO - Running simulation for D=750 nm and Msat=360 kA/m
2025/10/30 08:55:46 AM - __main__ - INFO - 	 Simulation time=3.17 s
2025/10/30 08:55:58 AM - __main__ - INFO - 	Finished converting image for hysteresis at D=750 nm and Ms=360 kA/m
2025/10/30 08:55:58 AM - __main__ - INFO - Running simulation for D=750 nm and Msat=380 kA/m
2025/10/30 08:56:02 AM - __main__ - INFO - 	 Simulation time=3.27 s
2025/10/30 08:56:14 AM - __main__ - INFO - 	Finished converting image for hysteresis at D=750 nm and Ms=380 kA/m
2025/10/30 08:56:14 AM - __main__ - INFO - Running simulation for D=750 nm and Msat=400 kA/m
2025/10/30 08:56:17 AM - __main__ - INFO - 	 Simulation time=3.17 s
2025/10/30 08:56:30 AM - __main__ - INFO - 	Finished converting image for hysteresis at D=750 nm and Ms=400 kA/m
2025/10/30 08:56:30 AM - __main__ - INFO - Running simulation for D=750 nm and Msat=420 kA/m
2025/10/30 08:56:33 AM - __main__ - INFO - 	 Simulation time=3.31 s
2025/10/30 08:56:46 AM - __main__ - INFO - 	Finished converting image for hysteresis at D=750 nm and Ms=420 kA/m
2025/10/30 08:56:46 AM - __main__ - INFO - Running simulation for D=750 nm and Msat=440 kA/m
2025/10/30 08:56:50 AM - __main__ - INFO - 	 Simulation time=3.46 s
2025/10/30 08:57:02 AM - __main__ - INFO - 	Finished converting image for hysteresis at D=750 nm and Ms=440 kA/m
2025/10/30 08:57:02 AM - __main__ - INFO - ---FOR Ku = 0.9 MJ/m3---
2025/10/30 08:57:02 AM - __main__ - INFO - Running simulation for D=150 nm and Msat=260 kA/m
2025/10/30 08:57:05 AM - __main__ - INFO - 	 Simulation time=2.38 s
2025/10/30 08:57:14 AM - __main__ - INFO - 	Finished converting image for hysteresis at D=150 nm and Ms=260 kA/m
2025/10/30 08:57:14 AM - __main__ - INFO - Running simulation for D=150 nm and Msat=280 kA/m
2025/10/30 08:57:16 AM - __main__ - INFO - 	 Simulation time=2.31 s
2025/10/30 08:57:26 AM - __main__ - INFO - 	Finished converting image for hysteresis at D=150 nm and Ms=280 kA/m
2025/10/30 08:57:26 AM - __main__ - INFO - Running simulation for D=150 nm and Msat=300 kA/m
2025/10/30 08:57:28 AM - __main__ - INFO - 	 Simulation time=2.28 s
2025/10/30 08:57:38 AM - __main__ - INFO - 	Finished converting image for hysteresis at D=150 nm and Ms=300 kA/m
2025/10/30 08:57:38 AM - __main__ - INFO - Running simulation for D=150 nm and Msat=320 kA/m
2025/10/30 08:57:40 AM - __main__ - INFO - 	 Simulation time=2.31 s
2025/10/30 08:57:50 AM - __main__ - INFO - 	Finished converting image for hysteresis at D=150 nm and Ms=320 kA/m
2025/10/30 08:57:50 AM - __main__ - INFO - Running simulation for D=150 nm and Msat=340 kA/m
2025/10/30 08:57:52 AM - __main__ - INFO - 	 Simulation time=2.49 s
2025/10/30 08:58:02 AM - __main__ - INFO - 	Finished converting image for hysteresis at D=150 nm and Ms=340 kA/m
2025/10/30 08:58:02 AM - __main__ - INFO - Running simulation for D=150 nm and Msat=360 kA/m
2025/10/30 08:58:04 AM - __main__ - INFO - 	 Simulation time=2.39 s
2025/10/30 08:58:14 AM - __main__ - INFO - 	Finished converting image for hysteresis at D=150 nm and Ms=360 kA/m
2025/10/30 08:58:14 AM - __main__ - INFO - Running simulation for D=150 nm and Msat=380 kA/m
2025/10/30 08:58:16 AM - __main__ - INFO - 	 Simulation time=2.36 s
2025/10/30 08:58:26 AM - __main__ - INFO - 	Finished converting image for hysteresis at D=150 nm and Ms=380 kA/m
2025/10/30 08:58:26 AM - __main__ - INFO - Running simulation for D=150 nm and Msat=400 kA/m
2025/10/30 08:58:28 AM - __main__ - INFO - 	 Simulation time=2.38 s
2025/10/30 08:58:38 AM - __main__ - INFO - 	Finished converting image for hysteresis at D=150 nm and Ms=400 kA/m
2025/10/30 08:58:38 AM - __main__ - INFO - Running simulation for D=150 nm and Msat=420 kA/m
2025/10/30 08:58:40 AM - __main__ - INFO - 	 Simulation time=2.41 s
2025/10/30 08:58:50 AM - __main__ - INFO - 	Finished converting image for hysteresis at D=150 nm and Ms=420 kA/m
2025/10/30 08:58:50 AM - __main__ - INFO - Running simulation for D=150 nm and Msat=440 kA/m
2025/10/30 08:58:52 AM - __main__ - INFO - 	 Simulation time=2.61 s
2025/10/30 08:59:02 AM - __main__ - INFO - 	Finished converting image for hysteresis at D=150 nm and Ms=440 kA/m
2025/10/30 08:59:02 AM - __main__ - INFO - Running simulation for D=225 nm and Msat=260 kA/m
2025/10/30 08:59:04 AM - __main__ - INFO - 	 Simulation time=2.69 s
2025/10/30 08:59:14 AM - __main__ - INFO - 	Finished converting image for hysteresis at D=225 nm and Ms=260 kA/m
2025/10/30 08:59:14 AM - __main__ - INFO - Running simulation for D=225 nm and Msat=280 kA/m
2025/10/30 08:59:17 AM - __main__ - INFO - 	 Simulation time=2.50 s
2025/10/30 08:59:26 AM - __main__ - INFO - 	Finished converting image for hysteresis at D=225 nm and Ms=280 kA/m
2025/10/30 08:59:26 AM - __main__ - INFO - Running simulation for D=225 nm and Msat=300 kA/m
2025/10/30 08:59:29 AM - __main__ - INFO - 	 Simulation time=2.49 s
2025/10/30 08:59:39 AM - __main__ - INFO - 	Finished converting image for hysteresis at D=225 nm and Ms=300 kA/m
2025/10/30 08:59:39 AM - __main__ - INFO - Running simulation for D=225 nm and Msat=320 kA/m
2025/10/30 08:59:41 AM - __main__ - INFO - 	 Simulation time=2.53 s
2025/10/30 08:59:51 AM - __main__ - INFO - 	Finished converting image for hysteresis at D=225 nm and Ms=320 kA/m
2025/10/30 08:59:51 AM - __main__ - INFO - Running simulation for D=225 nm and Msat=340 kA/m
2025/10/30 08:59:54 AM - __main__ - INFO - 	 Simulation time=2.51 s
2025/10/30 09:00:03 AM - __main__ - INFO - 	Finished converting image for hysteresis at D=225 nm and Ms=340 kA/m
2025/10/30 09:00:03 AM - __main__ - INFO - Running simulation for D=225 nm and Msat=360 kA/m
2025/10/30 09:00:06 AM - __main__ - INFO - 	 Simulation time=2.49 s
2025/10/30 09:00:16 AM - __main__ - INFO - 	Finished converting image for hysteresis at D=225 nm and Ms=360 kA/m
2025/10/30 09:00:16 AM - __main__ - INFO - Running simulation for D=225 nm and Msat=380 kA/m
2025/10/30 09:00:18 AM - __main__ - INFO - 	 Simulation time=2.56 s
2025/10/30 09:00:28 AM - __main__ - INFO - 	Finished converting image for hysteresis at D=225 nm and Ms=380 kA/m
2025/10/30 09:00:28 AM - __main__ - INFO - Running simulation for D=225 nm and Msat=400 kA/m
2025/10/30 09:00:31 AM - __main__ - INFO - 	 Simulation time=2.55 s
2025/10/30 09:00:41 AM - __main__ - INFO - 	Finished converting image for hysteresis at D=225 nm and Ms=400 kA/m
2025/10/30 09:00:41 AM - __main__ - INFO - Running simulation for D=225 nm and Msat=420 kA/m
2025/10/30 09:00:43 AM - __main__ - INFO - 	 Simulation time=2.72 s
2025/10/30 09:00:53 AM - __main__ - INFO - 	Finished converting image for hysteresis at D=225 nm and Ms=420 kA/m
2025/10/30 09:00:53 AM - __main__ - INFO - Running simulation for D=225 nm and Msat=440 kA/m
2025/10/30 09:00:56 AM - __main__ - INFO - 	 Simulation time=2.67 s
2025/10/30 09:01:06 AM - __main__ - INFO - 	Finished converting image for hysteresis at D=225 nm and Ms=440 kA/m
2025/10/30 09:01:06 AM - __main__ - INFO - Running simulation for D=300 nm and Msat=260 kA/m
2025/10/30 09:01:08 AM - __main__ - INFO - 	 Simulation time=2.56 s
2025/10/30 09:01:18 AM - __main__ - INFO - 	Finished converting image for hysteresis at D=300 nm and Ms=260 kA/m
2025/10/30 09:01:18 AM - __main__ - INFO - Running simulation for D=300 nm and Msat=280 kA/m
2025/10/30 09:01:20 AM - __main__ - INFO - 	 Simulation time=2.47 s
2025/10/30 09:01:30 AM - __main__ - INFO - 	Finished converting image for hysteresis at D=300 nm and Ms=280 kA/m
2025/10/30 09:01:30 AM - __main__ - INFO - Running simulation for D=300 nm and Msat=300 kA/m
2025/10/30 09:01:33 AM - __main__ - INFO - 	 Simulation time=2.45 s
2025/10/30 09:01:43 AM - __main__ - INFO - 	Finished converting image for hysteresis at D=300 nm and Ms=300 kA/m
2025/10/30 09:01:43 AM - __main__ - INFO - Running simulation for D=300 nm and Msat=320 kA/m
2025/10/30 09:01:45 AM - __main__ - INFO - 	 Simulation time=2.61 s
2025/10/30 09:01:55 AM - __main__ - INFO - 	Finished converting image for hysteresis at D=300 nm and Ms=320 kA/m
2025/10/30 09:01:55 AM - __main__ - INFO - Running simulation for D=300 nm and Msat=340 kA/m
2025/10/30 09:01:58 AM - __main__ - INFO - 	 Simulation time=2.76 s
2025/10/30 09:02:07 AM - __main__ - INFO - 	Finished converting image for hysteresis at D=300 nm and Ms=340 kA/m
2025/10/30 09:02:07 AM - __main__ - INFO - Running simulation for D=300 nm and Msat=360 kA/m
2025/10/30 09:02:10 AM - __main__ - INFO - 	 Simulation time=2.54 s
2025/10/30 09:02:20 AM - __main__ - INFO - 	Finished converting image for hysteresis at D=300 nm and Ms=360 kA/m
2025/10/30 09:02:20 AM - __main__ - INFO - Running simulation for D=300 nm and Msat=380 kA/m
2025/10/30 09:02:22 AM - __main__ - INFO - 	 Simulation time=2.40 s
2025/10/30 09:02:32 AM - __main__ - INFO - 	Finished converting image for hysteresis at D=300 nm and Ms=380 kA/m
2025/10/30 09:02:32 AM - __main__ - INFO - Running simulation for D=300 nm and Msat=400 kA/m
2025/10/30 09:02:34 AM - __main__ - INFO - 	 Simulation time=2.42 s
2025/10/30 09:02:44 AM - __main__ - INFO - 	Finished converting image for hysteresis at D=300 nm and Ms=400 kA/m
2025/10/30 09:02:44 AM - __main__ - INFO - Running simulation for D=300 nm and Msat=420 kA/m
2025/10/30 09:02:47 AM - __main__ - INFO - 	 Simulation time=2.68 s
2025/10/30 09:02:57 AM - __main__ - INFO - 	Finished converting image for hysteresis at D=300 nm and Ms=420 kA/m
2025/10/30 09:02:57 AM - __main__ - INFO - Running simulation for D=300 nm and Msat=440 kA/m
2025/10/30 09:03:00 AM - __main__ - INFO - 	 Simulation time=2.83 s
2025/10/30 09:03:09 AM - __main__ - INFO - 	Finished converting image for hysteresis at D=300 nm and Ms=440 kA/m
2025/10/30 09:03:09 AM - __main__ - INFO - Running simulation for D=375 nm and Msat=260 kA/m
2025/10/30 09:03:12 AM - __main__ - INFO - 	 Simulation time=2.52 s
2025/10/30 09:03:22 AM - __main__ - INFO - 	Finished converting image for hysteresis at D=375 nm and Ms=260 kA/m
2025/10/30 09:03:22 AM - __main__ - INFO - Running simulation for D=375 nm and Msat=280 kA/m
2025/10/30 09:03:24 AM - __main__ - INFO - 	 Simulation time=2.52 s
2025/10/30 09:03:34 AM - __main__ - INFO - 	Finished converting image for hysteresis at D=375 nm and Ms=280 kA/m
2025/10/30 09:03:34 AM - __main__ - INFO - Running simulation for D=375 nm and Msat=300 kA/m
2025/10/30 09:03:37 AM - __main__ - INFO - 	 Simulation time=2.64 s
2025/10/30 09:03:47 AM - __main__ - INFO - 	Finished converting image for hysteresis at D=375 nm and Ms=300 kA/m
2025/10/30 09:03:47 AM - __main__ - INFO - Running simulation for D=375 nm and Msat=320 kA/m
2025/10/30 09:03:50 AM - __main__ - INFO - 	 Simulation time=2.62 s
2025/10/30 09:04:00 AM - __main__ - INFO - 	Finished converting image for hysteresis at D=375 nm and Ms=320 kA/m
2025/10/30 09:04:00 AM - __main__ - INFO - Running simulation for D=375 nm and Msat=340 kA/m
2025/10/30 09:04:02 AM - __main__ - INFO - 	 Simulation time=2.66 s
2025/10/30 09:04:12 AM - __main__ - INFO - 	Finished converting image for hysteresis at D=375 nm and Ms=340 kA/m
2025/10/30 09:04:12 AM - __main__ - INFO - Running simulation for D=375 nm and Msat=360 kA/m
2025/10/30 09:04:15 AM - __main__ - INFO - 	 Simulation time=2.64 s
2025/10/30 09:04:25 AM - __main__ - INFO - 	Finished converting image for hysteresis at D=375 nm and Ms=360 kA/m
2025/10/30 09:04:25 AM - __main__ - INFO - Running simulation for D=375 nm and Msat=380 kA/m
2025/10/30 09:04:28 AM - __main__ - INFO - 	 Simulation time=2.73 s
2025/10/30 09:04:38 AM - __main__ - INFO - 	Finished converting image for hysteresis at D=375 nm and Ms=380 kA/m
2025/10/30 09:04:38 AM - __main__ - INFO - Running simulation for D=375 nm and Msat=400 kA/m
2025/10/30 09:04:40 AM - __main__ - INFO - 	 Simulation time=2.60 s
2025/10/30 09:04:50 AM - __main__ - INFO - 	Finished converting image for hysteresis at D=375 nm and Ms=400 kA/m
2025/10/30 09:04:50 AM - __main__ - INFO - Running simulation for D=375 nm and Msat=420 kA/m
2025/10/30 09:04:53 AM - __main__ - INFO - 	 Simulation time=2.99 s
2025/10/30 09:05:03 AM - __main__ - INFO - 	Finished converting image for hysteresis at D=375 nm and Ms=420 kA/m
2025/10/30 09:05:03 AM - __main__ - INFO - Running simulation for D=375 nm and Msat=440 kA/m
2025/10/30 09:05:06 AM - __main__ - INFO - 	 Simulation time=2.88 s
2025/10/30 09:05:16 AM - __main__ - INFO - 	Finished converting image for hysteresis at D=375 nm and Ms=440 kA/m
2025/10/30 09:05:16 AM - __main__ - INFO - Running simulation for D=450 nm and Msat=260 kA/m
2025/10/30 09:05:19 AM - __main__ - INFO - 	 Simulation time=2.46 s
2025/10/30 09:05:30 AM - __main__ - INFO - 	Finished converting image for hysteresis at D=450 nm and Ms=260 kA/m
2025/10/30 09:05:30 AM - __main__ - INFO - Running simulation for D=450 nm and Msat=280 kA/m
2025/10/30 09:05:32 AM - __main__ - INFO - 	 Simulation time=2.47 s
2025/10/30 09:05:44 AM - __main__ - INFO - 	Finished converting image for hysteresis at D=450 nm and Ms=280 kA/m
2025/10/30 09:05:44 AM - __main__ - INFO - Running simulation for D=450 nm and Msat=300 kA/m
2025/10/30 09:05:46 AM - __main__ - INFO - 	 Simulation time=2.51 s
2025/10/30 09:05:58 AM - __main__ - INFO - 	Finished converting image for hysteresis at D=450 nm and Ms=300 kA/m
2025/10/30 09:05:58 AM - __main__ - INFO - Running simulation for D=450 nm and Msat=320 kA/m
2025/10/30 09:06:00 AM - __main__ - INFO - 	 Simulation time=2.46 s
2025/10/30 09:06:12 AM - __main__ - INFO - 	Finished converting image for hysteresis at D=450 nm and Ms=320 kA/m
2025/10/30 09:06:12 AM - __main__ - INFO - Running simulation for D=450 nm and Msat=340 kA/m
2025/10/30 09:06:14 AM - __main__ - INFO - 	 Simulation time=2.51 s
2025/10/30 09:06:25 AM - __main__ - INFO - 	Finished converting image for hysteresis at D=450 nm and Ms=340 kA/m
2025/10/30 09:06:25 AM - __main__ - INFO - Running simulation for D=450 nm and Msat=360 kA/m
2025/10/30 09:06:28 AM - __main__ - INFO - 	 Simulation time=2.50 s
2025/10/30 09:06:39 AM - __main__ - INFO - 	Finished converting image for hysteresis at D=450 nm and Ms=360 kA/m
2025/10/30 09:06:39 AM - __main__ - INFO - Running simulation for D=450 nm and Msat=380 kA/m
2025/10/30 09:06:42 AM - __main__ - INFO - 	 Simulation time=2.59 s
2025/10/30 09:06:53 AM - __main__ - INFO - 	Finished converting image for hysteresis at D=450 nm and Ms=380 kA/m
2025/10/30 09:06:53 AM - __main__ - INFO - Running simulation for D=450 nm and Msat=400 kA/m
2025/10/30 09:06:56 AM - __main__ - INFO - 	 Simulation time=2.61 s
2025/10/30 09:07:07 AM - __main__ - INFO - 	Finished converting image for hysteresis at D=450 nm and Ms=400 kA/m
2025/10/30 09:07:07 AM - __main__ - INFO - Running simulation for D=450 nm and Msat=420 kA/m
2025/10/30 09:07:10 AM - __main__ - INFO - 	 Simulation time=2.61 s
2025/10/30 09:07:21 AM - __main__ - INFO - 	Finished converting image for hysteresis at D=450 nm and Ms=420 kA/m
2025/10/30 09:07:21 AM - __main__ - INFO - Running simulation for D=450 nm and Msat=440 kA/m
2025/10/30 09:07:24 AM - __main__ - INFO - 	 Simulation time=2.89 s
2025/10/30 09:07:35 AM - __main__ - INFO - 	Finished converting image for hysteresis at D=450 nm and Ms=440 kA/m
2025/10/30 09:07:35 AM - __main__ - INFO - Running simulation for D=525 nm and Msat=260 kA/m
2025/10/30 09:07:38 AM - __main__ - INFO - 	 Simulation time=2.86 s
2025/10/30 09:07:50 AM - __main__ - INFO - 	Finished converting image for hysteresis at D=525 nm and Ms=260 kA/m
2025/10/30 09:07:50 AM - __main__ - INFO - Running simulation for D=525 nm and Msat=280 kA/m
2025/10/30 09:07:52 AM - __main__ - INFO - 	 Simulation time=2.87 s
2025/10/30 09:08:04 AM - __main__ - INFO - 	Finished converting image for hysteresis at D=525 nm and Ms=280 kA/m
2025/10/30 09:08:04 AM - __main__ - INFO - Running simulation for D=525 nm and Msat=300 kA/m
2025/10/30 09:08:07 AM - __main__ - INFO - 	 Simulation time=2.90 s
2025/10/30 09:08:18 AM - __main__ - INFO - 	Finished converting image for hysteresis at D=525 nm and Ms=300 kA/m
2025/10/30 09:08:18 AM - __main__ - INFO - Running simulation for D=525 nm and Msat=320 kA/m
2025/10/30 09:08:21 AM - __main__ - INFO - 	 Simulation time=2.73 s
2025/10/30 09:08:32 AM - __main__ - INFO - 	Finished converting image for hysteresis at D=525 nm and Ms=320 kA/m
2025/10/30 09:08:32 AM - __main__ - INFO - Running simulation for D=525 nm and Msat=340 kA/m
2025/10/30 09:08:35 AM - __main__ - INFO - 	 Simulation time=2.72 s
2025/10/30 09:08:46 AM - __main__ - INFO - 	Finished converting image for hysteresis at D=525 nm and Ms=340 kA/m
2025/10/30 09:08:46 AM - __main__ - INFO - Running simulation for D=525 nm and Msat=360 kA/m
2025/10/30 09:08:49 AM - __main__ - INFO - 	 Simulation time=3.00 s
2025/10/30 09:09:00 AM - __main__ - INFO - 	Finished converting image for hysteresis at D=525 nm and Ms=360 kA/m
2025/10/30 09:09:00 AM - __main__ - INFO - Running simulation for D=525 nm and Msat=380 kA/m
2025/10/30 09:09:03 AM - __main__ - INFO - 	 Simulation time=2.90 s
2025/10/30 09:09:15 AM - __main__ - INFO - 	Finished converting image for hysteresis at D=525 nm and Ms=380 kA/m
2025/10/30 09:09:15 AM - __main__ - INFO - Running simulation for D=525 nm and Msat=400 kA/m
2025/10/30 09:09:17 AM - __main__ - INFO - 	 Simulation time=2.81 s
2025/10/30 09:09:29 AM - __main__ - INFO - 	Finished converting image for hysteresis at D=525 nm and Ms=400 kA/m
2025/10/30 09:09:29 AM - __main__ - INFO - Running simulation for D=525 nm and Msat=420 kA/m
2025/10/30 09:09:31 AM - __main__ - INFO - 	 Simulation time=2.80 s
2025/10/30 09:09:43 AM - __main__ - INFO - 	Finished converting image for hysteresis at D=525 nm and Ms=420 kA/m
2025/10/30 09:09:43 AM - __main__ - INFO - Running simulation for D=525 nm and Msat=440 kA/m
2025/10/30 09:09:46 AM - __main__ - INFO - 	 Simulation time=2.79 s
2025/10/30 09:09:57 AM - __main__ - INFO - 	Finished converting image for hysteresis at D=525 nm and Ms=440 kA/m
2025/10/30 09:09:57 AM - __main__ - INFO - Running simulation for D=600 nm and Msat=260 kA/m
2025/10/30 09:10:00 AM - __main__ - INFO - 	 Simulation time=2.71 s
2025/10/30 09:10:11 AM - __main__ - INFO - 	Finished converting image for hysteresis at D=600 nm and Ms=260 kA/m
2025/10/30 09:10:11 AM - __main__ - INFO - Running simulation for D=600 nm and Msat=280 kA/m
2025/10/30 09:10:14 AM - __main__ - INFO - 	 Simulation time=2.72 s
2025/10/30 09:10:26 AM - __main__ - INFO - 	Finished converting image for hysteresis at D=600 nm and Ms=280 kA/m
2025/10/30 09:10:26 AM - __main__ - INFO - Running simulation for D=600 nm and Msat=300 kA/m
2025/10/30 09:10:28 AM - __main__ - INFO - 	 Simulation time=2.66 s
2025/10/30 09:10:40 AM - __main__ - INFO - 	Finished converting image for hysteresis at D=600 nm and Ms=300 kA/m
2025/10/30 09:10:40 AM - __main__ - INFO - Running simulation for D=600 nm and Msat=320 kA/m
2025/10/30 09:10:43 AM - __main__ - INFO - 	 Simulation time=2.82 s
2025/10/30 09:10:55 AM - __main__ - INFO - 	Finished converting image for hysteresis at D=600 nm and Ms=320 kA/m
2025/10/30 09:10:55 AM - __main__ - INFO - Running simulation for D=600 nm and Msat=340 kA/m
2025/10/30 09:10:58 AM - __main__ - INFO - 	 Simulation time=2.86 s
2025/10/30 09:11:09 AM - __main__ - INFO - 	Finished converting image for hysteresis at D=600 nm and Ms=340 kA/m
2025/10/30 09:11:09 AM - __main__ - INFO - Running simulation for D=600 nm and Msat=360 kA/m
2025/10/30 09:11:12 AM - __main__ - INFO - 	 Simulation time=2.78 s
2025/10/30 09:11:24 AM - __main__ - INFO - 	Finished converting image for hysteresis at D=600 nm and Ms=360 kA/m
2025/10/30 09:11:24 AM - __main__ - INFO - Running simulation for D=600 nm and Msat=380 kA/m
2025/10/30 09:11:27 AM - __main__ - INFO - 	 Simulation time=2.78 s
2025/10/30 09:11:38 AM - __main__ - INFO - 	Finished converting image for hysteresis at D=600 nm and Ms=380 kA/m
2025/10/30 09:11:38 AM - __main__ - INFO - Running simulation for D=600 nm and Msat=400 kA/m
2025/10/30 09:11:41 AM - __main__ - INFO - 	 Simulation time=2.80 s
2025/10/30 09:11:53 AM - __main__ - INFO - 	Finished converting image for hysteresis at D=600 nm and Ms=400 kA/m
2025/10/30 09:11:53 AM - __main__ - INFO - Running simulation for D=600 nm and Msat=420 kA/m
2025/10/30 09:11:56 AM - __main__ - INFO - 	 Simulation time=2.84 s
2025/10/30 09:12:08 AM - __main__ - INFO - 	Finished converting image for hysteresis at D=600 nm and Ms=420 kA/m
2025/10/30 09:12:08 AM - __main__ - INFO - Running simulation for D=600 nm and Msat=440 kA/m
2025/10/30 09:12:10 AM - __main__ - INFO - 	 Simulation time=2.85 s
2025/10/30 09:12:22 AM - __main__ - INFO - 	Finished converting image for hysteresis at D=600 nm and Ms=440 kA/m
2025/10/30 09:12:22 AM - __main__ - INFO - Running simulation for D=675 nm and Msat=260 kA/m
2025/10/30 09:12:25 AM - __main__ - INFO - 	 Simulation time=2.97 s
2025/10/30 09:12:38 AM - __main__ - INFO - 	Finished converting image for hysteresis at D=675 nm and Ms=260 kA/m
2025/10/30 09:12:38 AM - __main__ - INFO - Running simulation for D=675 nm and Msat=280 kA/m
2025/10/30 09:12:41 AM - __main__ - INFO - 	 Simulation time=2.92 s
2025/10/30 09:12:53 AM - __main__ - INFO - 	Finished converting image for hysteresis at D=675 nm and Ms=280 kA/m
2025/10/30 09:12:53 AM - __main__ - INFO - Running simulation for D=675 nm and Msat=300 kA/m
2025/10/30 09:12:56 AM - __main__ - INFO - 	 Simulation time=2.99 s
2025/10/30 09:13:08 AM - __main__ - INFO - 	Finished converting image for hysteresis at D=675 nm and Ms=300 kA/m
2025/10/30 09:13:08 AM - __main__ - INFO - Running simulation for D=675 nm and Msat=320 kA/m
2025/10/30 09:13:11 AM - __main__ - INFO - 	 Simulation time=3.09 s
2025/10/30 09:13:24 AM - __main__ - INFO - 	Finished converting image for hysteresis at D=675 nm and Ms=320 kA/m
2025/10/30 09:13:24 AM - __main__ - INFO - Running simulation for D=675 nm and Msat=340 kA/m
2025/10/30 09:13:27 AM - __main__ - INFO - 	 Simulation time=3.10 s
2025/10/30 09:13:39 AM - __main__ - INFO - 	Finished converting image for hysteresis at D=675 nm and Ms=340 kA/m
2025/10/30 09:13:39 AM - __main__ - INFO - Running simulation for D=675 nm and Msat=360 kA/m
2025/10/30 09:13:42 AM - __main__ - INFO - 	 Simulation time=3.06 s
2025/10/30 09:13:55 AM - __main__ - INFO - 	Finished converting image for hysteresis at D=675 nm and Ms=360 kA/m
2025/10/30 09:13:55 AM - __main__ - INFO - Running simulation for D=675 nm and Msat=380 kA/m
2025/10/30 09:13:58 AM - __main__ - INFO - 	 Simulation time=3.07 s
2025/10/30 09:14:10 AM - __main__ - INFO - 	Finished converting image for hysteresis at D=675 nm and Ms=380 kA/m
2025/10/30 09:14:10 AM - __main__ - INFO - Running simulation for D=675 nm and Msat=400 kA/m
2025/10/30 09:14:13 AM - __main__ - INFO - 	 Simulation time=2.95 s
2025/10/30 09:14:26 AM - __main__ - INFO - 	Finished converting image for hysteresis at D=675 nm and Ms=400 kA/m
2025/10/30 09:14:26 AM - __main__ - INFO - Running simulation for D=675 nm and Msat=420 kA/m
2025/10/30 09:14:29 AM - __main__ - INFO - 	 Simulation time=3.00 s
2025/10/30 09:14:41 AM - __main__ - INFO - 	Finished converting image for hysteresis at D=675 nm and Ms=420 kA/m
2025/10/30 09:14:41 AM - __main__ - INFO - Running simulation for D=675 nm and Msat=440 kA/m
2025/10/30 09:14:45 AM - __main__ - INFO - 	 Simulation time=3.15 s
2025/10/30 09:14:57 AM - __main__ - INFO - 	Finished converting image for hysteresis at D=675 nm and Ms=440 kA/m
2025/10/30 09:14:57 AM - __main__ - INFO - Running simulation for D=750 nm and Msat=260 kA/m
2025/10/30 09:15:00 AM - __main__ - INFO - 	 Simulation time=3.10 s
2025/10/30 09:15:13 AM - __main__ - INFO - 	Finished converting image for hysteresis at D=750 nm and Ms=260 kA/m
2025/10/30 09:15:13 AM - __main__ - INFO - Running simulation for D=750 nm and Msat=280 kA/m
2025/10/30 09:15:16 AM - __main__ - INFO - 	 Simulation time=2.97 s
2025/10/30 09:15:29 AM - __main__ - INFO - 	Finished converting image for hysteresis at D=750 nm and Ms=280 kA/m
2025/10/30 09:15:29 AM - __main__ - INFO - Running simulation for D=750 nm and Msat=300 kA/m
2025/10/30 09:15:32 AM - __main__ - INFO - 	 Simulation time=2.99 s
2025/10/30 09:15:44 AM - __main__ - INFO - 	Finished converting image for hysteresis at D=750 nm and Ms=300 kA/m
2025/10/30 09:15:44 AM - __main__ - INFO - Running simulation for D=750 nm and Msat=320 kA/m
2025/10/30 09:15:47 AM - __main__ - INFO - 	 Simulation time=3.11 s
2025/10/30 09:16:00 AM - __main__ - INFO - 	Finished converting image for hysteresis at D=750 nm and Ms=320 kA/m
2025/10/30 09:16:00 AM - __main__ - INFO - Running simulation for D=750 nm and Msat=340 kA/m
2025/10/30 09:16:03 AM - __main__ - INFO - 	 Simulation time=3.25 s
2025/10/30 09:16:16 AM - __main__ - INFO - 	Finished converting image for hysteresis at D=750 nm and Ms=340 kA/m
2025/10/30 09:16:16 AM - __main__ - INFO - Running simulation for D=750 nm and Msat=360 kA/m
2025/10/30 09:16:19 AM - __main__ - INFO - 	 Simulation time=3.05 s
2025/10/30 09:16:32 AM - __main__ - INFO - 	Finished converting image for hysteresis at D=750 nm and Ms=360 kA/m
2025/10/30 09:16:32 AM - __main__ - INFO - Running simulation for D=750 nm and Msat=380 kA/m
2025/10/30 09:16:35 AM - __main__ - INFO - 	 Simulation time=3.06 s
2025/10/30 09:16:47 AM - __main__ - INFO - 	Finished converting image for hysteresis at D=750 nm and Ms=380 kA/m
2025/10/30 09:16:47 AM - __main__ - INFO - Running simulation for D=750 nm and Msat=400 kA/m
2025/10/30 09:16:51 AM - __main__ - INFO - 	 Simulation time=3.23 s
2025/10/30 09:17:03 AM - __main__ - INFO - 	Finished converting image for hysteresis at D=750 nm and Ms=400 kA/m
2025/10/30 09:17:03 AM - __main__ - INFO - Running simulation for D=750 nm and Msat=420 kA/m
2025/10/30 09:17:07 AM - __main__ - INFO - 	 Simulation time=3.29 s
2025/10/30 09:17:19 AM - __main__ - INFO - 	Finished converting image for hysteresis at D=750 nm and Ms=420 kA/m
2025/10/30 09:17:19 AM - __main__ - INFO - Running simulation for D=750 nm and Msat=440 kA/m
2025/10/30 09:17:23 AM - __main__ - INFO - 	 Simulation time=3.20 s
2025/10/30 09:17:35 AM - __main__ - INFO - 	Finished converting image for hysteresis at D=750 nm and Ms=440 kA/m
2025/10/30 09:17:35 AM - __main__ - INFO - ---FOR Ku = 1.0 MJ/m3---
2025/10/30 09:17:35 AM - __main__ - INFO - Running simulation for D=150 nm and Msat=260 kA/m
2025/10/30 09:17:38 AM - __main__ - INFO - 	 Simulation time=2.38 s
2025/10/30 09:17:47 AM - __main__ - INFO - 	Finished converting image for hysteresis at D=150 nm and Ms=260 kA/m
2025/10/30 09:17:47 AM - __main__ - INFO - Running simulation for D=150 nm and Msat=280 kA/m
2025/10/30 09:17:50 AM - __main__ - INFO - 	 Simulation time=2.30 s
2025/10/30 09:17:59 AM - __main__ - INFO - 	Finished converting image for hysteresis at D=150 nm and Ms=280 kA/m
2025/10/30 09:17:59 AM - __main__ - INFO - Running simulation for D=150 nm and Msat=300 kA/m
2025/10/30 09:18:01 AM - __main__ - INFO - 	 Simulation time=2.35 s
2025/10/30 09:18:11 AM - __main__ - INFO - 	Finished converting image for hysteresis at D=150 nm and Ms=300 kA/m
2025/10/30 09:18:11 AM - __main__ - INFO - Running simulation for D=150 nm and Msat=320 kA/m
2025/10/30 09:18:13 AM - __main__ - INFO - 	 Simulation time=2.38 s
2025/10/30 09:18:23 AM - __main__ - INFO - 	Finished converting image for hysteresis at D=150 nm and Ms=320 kA/m
2025/10/30 09:18:23 AM - __main__ - INFO - Running simulation for D=150 nm and Msat=340 kA/m
2025/10/30 09:18:25 AM - __main__ - INFO - 	 Simulation time=2.34 s
2025/10/30 09:18:35 AM - __main__ - INFO - 	Finished converting image for hysteresis at D=150 nm and Ms=340 kA/m
2025/10/30 09:18:35 AM - __main__ - INFO - Running simulation for D=150 nm and Msat=360 kA/m
2025/10/30 09:18:37 AM - __main__ - INFO - 	 Simulation time=2.39 s
2025/10/30 09:18:47 AM - __main__ - INFO - 	Finished converting image for hysteresis at D=150 nm and Ms=360 kA/m
2025/10/30 09:18:47 AM - __main__ - INFO - Running simulation for D=150 nm and Msat=380 kA/m
2025/10/30 09:18:50 AM - __main__ - INFO - 	 Simulation time=2.59 s
2025/10/30 09:18:59 AM - __main__ - INFO - 	Finished converting image for hysteresis at D=150 nm and Ms=380 kA/m
2025/10/30 09:18:59 AM - __main__ - INFO - Running simulation for D=150 nm and Msat=400 kA/m
2025/10/30 09:19:02 AM - __main__ - INFO - 	 Simulation time=2.51 s
2025/10/30 09:19:11 AM - __main__ - INFO - 	Finished converting image for hysteresis at D=150 nm and Ms=400 kA/m
2025/10/30 09:19:11 AM - __main__ - INFO - Running simulation for D=150 nm and Msat=420 kA/m
2025/10/30 09:19:14 AM - __main__ - INFO - 	 Simulation time=2.64 s
2025/10/30 09:19:23 AM - __main__ - INFO - 	Finished converting image for hysteresis at D=150 nm and Ms=420 kA/m
2025/10/30 09:19:23 AM - __main__ - INFO - Running simulation for D=150 nm and Msat=440 kA/m
2025/10/30 09:19:26 AM - __main__ - INFO - 	 Simulation time=2.69 s
2025/10/30 09:19:36 AM - __main__ - INFO - 	Finished converting image for hysteresis at D=150 nm and Ms=440 kA/m
2025/10/30 09:19:36 AM - __main__ - INFO - Running simulation for D=225 nm and Msat=260 kA/m
2025/10/30 09:19:38 AM - __main__ - INFO - 	 Simulation time=2.63 s
2025/10/30 09:19:48 AM - __main__ - INFO - 	Finished converting image for hysteresis at D=225 nm and Ms=260 kA/m
2025/10/30 09:19:48 AM - __main__ - INFO - Running simulation for D=225 nm and Msat=280 kA/m
2025/10/30 09:19:51 AM - __main__ - INFO - 	 Simulation time=2.75 s
2025/10/30 09:20:01 AM - __main__ - INFO - 	Finished converting image for hysteresis at D=225 nm and Ms=280 kA/m
2025/10/30 09:20:01 AM - __main__ - INFO - Running simulation for D=225 nm and Msat=300 kA/m
2025/10/30 09:20:03 AM - __main__ - INFO - 	 Simulation time=2.72 s
2025/10/30 09:20:13 AM - __main__ - INFO - 	Finished converting image for hysteresis at D=225 nm and Ms=300 kA/m
2025/10/30 09:20:13 AM - __main__ - INFO - Running simulation for D=225 nm and Msat=320 kA/m
2025/10/30 09:20:16 AM - __main__ - INFO - 	 Simulation time=2.53 s
2025/10/30 09:20:26 AM - __main__ - INFO - 	Finished converting image for hysteresis at D=225 nm and Ms=320 kA/m
2025/10/30 09:20:26 AM - __main__ - INFO - Running simulation for D=225 nm and Msat=340 kA/m
2025/10/30 09:20:28 AM - __main__ - INFO - 	 Simulation time=2.54 s
2025/10/30 09:20:38 AM - __main__ - INFO - 	Finished converting image for hysteresis at D=225 nm and Ms=340 kA/m
2025/10/30 09:20:38 AM - __main__ - INFO - Running simulation for D=225 nm and Msat=360 kA/m
2025/10/30 09:20:41 AM - __main__ - INFO - 	 Simulation time=2.51 s
2025/10/30 09:20:50 AM - __main__ - INFO - 	Finished converting image for hysteresis at D=225 nm and Ms=360 kA/m
2025/10/30 09:20:50 AM - __main__ - INFO - Running simulation for D=225 nm and Msat=380 kA/m
2025/10/30 09:20:53 AM - __main__ - INFO - 	 Simulation time=2.69 s
2025/10/30 09:21:03 AM - __main__ - INFO - 	Finished converting image for hysteresis at D=225 nm and Ms=380 kA/m
2025/10/30 09:21:03 AM - __main__ - INFO - Running simulation for D=225 nm and Msat=400 kA/m
2025/10/30 09:21:06 AM - __main__ - INFO - 	 Simulation time=2.82 s
2025/10/30 09:21:16 AM - __main__ - INFO - 	Finished converting image for hysteresis at D=225 nm and Ms=400 kA/m
2025/10/30 09:21:16 AM - __main__ - INFO - Running simulation for D=225 nm and Msat=420 kA/m
2025/10/30 09:21:18 AM - __main__ - INFO - 	 Simulation time=2.58 s
2025/10/30 09:21:28 AM - __main__ - INFO - 	Finished converting image for hysteresis at D=225 nm and Ms=420 kA/m
2025/10/30 09:21:28 AM - __main__ - INFO - Running simulation for D=225 nm and Msat=440 kA/m
2025/10/30 09:21:30 AM - __main__ - INFO - 	 Simulation time=2.51 s
2025/10/30 09:21:40 AM - __main__ - INFO - 	Finished converting image for hysteresis at D=225 nm and Ms=440 kA/m
2025/10/30 09:21:40 AM - __main__ - INFO - Running simulation for D=300 nm and Msat=260 kA/m
2025/10/30 09:21:43 AM - __main__ - INFO - 	 Simulation time=2.38 s
2025/10/30 09:21:53 AM - __main__ - INFO - 	Finished converting image for hysteresis at D=300 nm and Ms=260 kA/m
2025/10/30 09:21:53 AM - __main__ - INFO - Running simulation for D=300 nm and Msat=280 kA/m
2025/10/30 09:21:55 AM - __main__ - INFO - 	 Simulation time=2.41 s
2025/10/30 09:22:05 AM - __main__ - INFO - 	Finished converting image for hysteresis at D=300 nm and Ms=280 kA/m
2025/10/30 09:22:05 AM - __main__ - INFO - Running simulation for D=300 nm and Msat=300 kA/m
2025/10/30 09:22:07 AM - __main__ - INFO - 	 Simulation time=2.43 s
2025/10/30 09:22:17 AM - __main__ - INFO - 	Finished converting image for hysteresis at D=300 nm and Ms=300 kA/m
2025/10/30 09:22:17 AM - __main__ - INFO - Running simulation for D=300 nm and Msat=320 kA/m
2025/10/30 09:22:19 AM - __main__ - INFO - 	 Simulation time=2.39 s
2025/10/30 09:22:29 AM - __main__ - INFO - 	Finished converting image for hysteresis at D=300 nm and Ms=320 kA/m
2025/10/30 09:22:29 AM - __main__ - INFO - Running simulation for D=300 nm and Msat=340 kA/m
2025/10/30 09:22:31 AM - __main__ - INFO - 	 Simulation time=2.35 s
2025/10/30 09:22:41 AM - __main__ - INFO - 	Finished converting image for hysteresis at D=300 nm and Ms=340 kA/m
2025/10/30 09:22:41 AM - __main__ - INFO - Running simulation for D=300 nm and Msat=360 kA/m
2025/10/30 09:22:44 AM - __main__ - INFO - 	 Simulation time=2.64 s
2025/10/30 09:22:54 AM - __main__ - INFO - 	Finished converting image for hysteresis at D=300 nm and Ms=360 kA/m
2025/10/30 09:22:54 AM - __main__ - INFO - Running simulation for D=300 nm and Msat=380 kA/m
2025/10/30 09:22:56 AM - __main__ - INFO - 	 Simulation time=2.45 s
2025/10/30 09:23:06 AM - __main__ - INFO - 	Finished converting image for hysteresis at D=300 nm and Ms=380 kA/m
2025/10/30 09:23:06 AM - __main__ - INFO - Running simulation for D=300 nm and Msat=400 kA/m
2025/10/30 09:23:09 AM - __main__ - INFO - 	 Simulation time=2.71 s
2025/10/30 09:23:19 AM - __main__ - INFO - 	Finished converting image for hysteresis at D=300 nm and Ms=400 kA/m
2025/10/30 09:23:19 AM - __main__ - INFO - Running simulation for D=300 nm and Msat=420 kA/m
2025/10/30 09:23:21 AM - __main__ - INFO - 	 Simulation time=2.47 s
2025/10/30 09:23:31 AM - __main__ - INFO - 	Finished converting image for hysteresis at D=300 nm and Ms=420 kA/m
2025/10/30 09:23:31 AM - __main__ - INFO - Running simulation for D=300 nm and Msat=440 kA/m
2025/10/30 09:23:33 AM - __main__ - INFO - 	 Simulation time=2.43 s
2025/10/30 09:23:43 AM - __main__ - INFO - 	Finished converting image for hysteresis at D=300 nm and Ms=440 kA/m
2025/10/30 09:23:43 AM - __main__ - INFO - Running simulation for D=375 nm and Msat=260 kA/m
2025/10/30 09:23:46 AM - __main__ - INFO - 	 Simulation time=2.61 s
2025/10/30 09:23:56 AM - __main__ - INFO - 	Finished converting image for hysteresis at D=375 nm and Ms=260 kA/m
2025/10/30 09:23:56 AM - __main__ - INFO - Running simulation for D=375 nm and Msat=280 kA/m
2025/10/30 09:23:58 AM - __main__ - INFO - 	 Simulation time=2.60 s
2025/10/30 09:24:08 AM - __main__ - INFO - 	Finished converting image for hysteresis at D=375 nm and Ms=280 kA/m
2025/10/30 09:24:08 AM - __main__ - INFO - Running simulation for D=375 nm and Msat=300 kA/m
2025/10/30 09:24:11 AM - __main__ - INFO - 	 Simulation time=2.63 s
2025/10/30 09:24:21 AM - __main__ - INFO - 	Finished converting image for hysteresis at D=375 nm and Ms=300 kA/m
2025/10/30 09:24:21 AM - __main__ - INFO - Running simulation for D=375 nm and Msat=320 kA/m
2025/10/30 09:24:23 AM - __main__ - INFO - 	 Simulation time=2.64 s
2025/10/30 09:24:33 AM - __main__ - INFO - 	Finished converting image for hysteresis at D=375 nm and Ms=320 kA/m
2025/10/30 09:24:33 AM - __main__ - INFO - Running simulation for D=375 nm and Msat=340 kA/m
2025/10/30 09:24:36 AM - __main__ - INFO - 	 Simulation time=2.61 s
2025/10/30 09:24:46 AM - __main__ - INFO - 	Finished converting image for hysteresis at D=375 nm and Ms=340 kA/m
2025/10/30 09:24:46 AM - __main__ - INFO - Running simulation for D=375 nm and Msat=360 kA/m
2025/10/30 09:24:49 AM - __main__ - INFO - 	 Simulation time=2.83 s
2025/10/30 09:24:59 AM - __main__ - INFO - 	Finished converting image for hysteresis at D=375 nm and Ms=360 kA/m
2025/10/30 09:24:59 AM - __main__ - INFO - Running simulation for D=375 nm and Msat=380 kA/m
2025/10/30 09:25:01 AM - __main__ - INFO - 	 Simulation time=2.72 s
2025/10/30 09:25:11 AM - __main__ - INFO - 	Finished converting image for hysteresis at D=375 nm and Ms=380 kA/m
2025/10/30 09:25:11 AM - __main__ - INFO - Running simulation for D=375 nm and Msat=400 kA/m
2025/10/30 09:25:14 AM - __main__ - INFO - 	 Simulation time=2.97 s
2025/10/30 09:25:24 AM - __main__ - INFO - 	Finished converting image for hysteresis at D=375 nm and Ms=400 kA/m
2025/10/30 09:25:24 AM - __main__ - INFO - Running simulation for D=375 nm and Msat=420 kA/m
2025/10/30 09:25:27 AM - __main__ - INFO - 	 Simulation time=2.91 s
2025/10/30 09:25:37 AM - __main__ - INFO - 	Finished converting image for hysteresis at D=375 nm and Ms=420 kA/m
2025/10/30 09:25:37 AM - __main__ - INFO - Running simulation for D=375 nm and Msat=440 kA/m
2025/10/30 09:25:40 AM - __main__ - INFO - 	 Simulation time=2.79 s
2025/10/30 09:25:50 AM - __main__ - INFO - 	Finished converting image for hysteresis at D=375 nm and Ms=440 kA/m
2025/10/30 09:25:50 AM - __main__ - INFO - Running simulation for D=450 nm and Msat=260 kA/m
2025/10/30 09:25:53 AM - __main__ - INFO - 	 Simulation time=2.71 s
2025/10/30 09:26:04 AM - __main__ - INFO - 	Finished converting image for hysteresis at D=450 nm and Ms=260 kA/m
2025/10/30 09:26:04 AM - __main__ - INFO - Running simulation for D=450 nm and Msat=280 kA/m
2025/10/30 09:26:07 AM - __main__ - INFO - 	 Simulation time=2.68 s
2025/10/30 09:26:18 AM - __main__ - INFO - 	Finished converting image for hysteresis at D=450 nm and Ms=280 kA/m
2025/10/30 09:26:18 AM - __main__ - INFO - Running simulation for D=450 nm and Msat=300 kA/m
2025/10/30 09:26:21 AM - __main__ - INFO - 	 Simulation time=2.53 s
2025/10/30 09:26:32 AM - __main__ - INFO - 	Finished converting image for hysteresis at D=450 nm and Ms=300 kA/m
2025/10/30 09:26:32 AM - __main__ - INFO - Running simulation for D=450 nm and Msat=320 kA/m
2025/10/30 09:26:35 AM - __main__ - INFO - 	 Simulation time=2.47 s
2025/10/30 09:26:46 AM - __main__ - INFO - 	Finished converting image for hysteresis at D=450 nm and Ms=320 kA/m
2025/10/30 09:26:46 AM - __main__ - INFO - Running simulation for D=450 nm and Msat=340 kA/m
2025/10/30 09:26:49 AM - __main__ - INFO - 	 Simulation time=2.68 s
2025/10/30 09:27:00 AM - __main__ - INFO - 	Finished converting image for hysteresis at D=450 nm and Ms=340 kA/m
2025/10/30 09:27:00 AM - __main__ - INFO - Running simulation for D=450 nm and Msat=360 kA/m
2025/10/30 09:27:03 AM - __main__ - INFO - 	 Simulation time=2.61 s
2025/10/30 09:27:14 AM - __main__ - INFO - 	Finished converting image for hysteresis at D=450 nm and Ms=360 kA/m
2025/10/30 09:27:14 AM - __main__ - INFO - Running simulation for D=450 nm and Msat=380 kA/m
2025/10/30 09:27:17 AM - __main__ - INFO - 	 Simulation time=2.63 s
2025/10/30 09:27:28 AM - __main__ - INFO - 	Finished converting image for hysteresis at D=450 nm and Ms=380 kA/m
2025/10/30 09:27:28 AM - __main__ - INFO - Running simulation for D=450 nm and Msat=400 kA/m
2025/10/30 09:27:31 AM - __main__ - INFO - 	 Simulation time=2.58 s
2025/10/30 09:27:42 AM - __main__ - INFO - 	Finished converting image for hysteresis at D=450 nm and Ms=400 kA/m
2025/10/30 09:27:42 AM - __main__ - INFO - Running simulation for D=450 nm and Msat=420 kA/m
2025/10/30 09:27:45 AM - __main__ - INFO - 	 Simulation time=2.51 s
2025/10/30 09:27:56 AM - __main__ - INFO - 	Finished converting image for hysteresis at D=450 nm and Ms=420 kA/m
2025/10/30 09:27:56 AM - __main__ - INFO - Running simulation for D=450 nm and Msat=440 kA/m
2025/10/30 09:27:58 AM - __main__ - INFO - 	 Simulation time=2.50 s
2025/10/30 09:28:10 AM - __main__ - INFO - 	Finished converting image for hysteresis at D=450 nm and Ms=440 kA/m
2025/10/30 09:28:10 AM - __main__ - INFO - Running simulation for D=525 nm and Msat=260 kA/m
2025/10/30 09:28:13 AM - __main__ - INFO - 	 Simulation time=2.75 s
2025/10/30 09:28:24 AM - __main__ - INFO - 	Finished converting image for hysteresis at D=525 nm and Ms=260 kA/m
2025/10/30 09:28:24 AM - __main__ - INFO - Running simulation for D=525 nm and Msat=280 kA/m
2025/10/30 09:28:27 AM - __main__ - INFO - 	 Simulation time=2.76 s
2025/10/30 09:28:38 AM - __main__ - INFO - 	Finished converting image for hysteresis at D=525 nm and Ms=280 kA/m
2025/10/30 09:28:38 AM - __main__ - INFO - Running simulation for D=525 nm and Msat=300 kA/m
2025/10/30 09:28:41 AM - __main__ - INFO - 	 Simulation time=2.74 s
2025/10/30 09:28:52 AM - __main__ - INFO - 	Finished converting image for hysteresis at D=525 nm and Ms=300 kA/m
2025/10/30 09:28:52 AM - __main__ - INFO - Running simulation for D=525 nm and Msat=320 kA/m
2025/10/30 09:28:55 AM - __main__ - INFO - 	 Simulation time=2.82 s
2025/10/30 09:29:06 AM - __main__ - INFO - 	Finished converting image for hysteresis at D=525 nm and Ms=320 kA/m
2025/10/30 09:29:06 AM - __main__ - INFO - Running simulation for D=525 nm and Msat=340 kA/m
2025/10/30 09:29:09 AM - __main__ - INFO - 	 Simulation time=2.85 s
2025/10/30 09:29:20 AM - __main__ - INFO - 	Finished converting image for hysteresis at D=525 nm and Ms=340 kA/m
2025/10/30 09:29:20 AM - __main__ - INFO - Running simulation for D=525 nm and Msat=360 kA/m
2025/10/30 09:29:23 AM - __main__ - INFO - 	 Simulation time=2.82 s
2025/10/30 09:29:35 AM - __main__ - INFO - 	Finished converting image for hysteresis at D=525 nm and Ms=360 kA/m
2025/10/30 09:29:35 AM - __main__ - INFO - Running simulation for D=525 nm and Msat=380 kA/m
2025/10/30 09:29:37 AM - __main__ - INFO - 	 Simulation time=2.76 s
2025/10/30 09:29:49 AM - __main__ - INFO - 	Finished converting image for hysteresis at D=525 nm and Ms=380 kA/m
2025/10/30 09:29:49 AM - __main__ - INFO - Running simulation for D=525 nm and Msat=400 kA/m
2025/10/30 09:29:52 AM - __main__ - INFO - 	 Simulation time=2.77 s
2025/10/30 09:30:03 AM - __main__ - INFO - 	Finished converting image for hysteresis at D=525 nm and Ms=400 kA/m
2025/10/30 09:30:03 AM - __main__ - INFO - Running simulation for D=525 nm and Msat=420 kA/m
2025/10/30 09:30:06 AM - __main__ - INFO - 	 Simulation time=2.80 s
2025/10/30 09:30:17 AM - __main__ - INFO - 	Finished converting image for hysteresis at D=525 nm and Ms=420 kA/m
2025/10/30 09:30:17 AM - __main__ - INFO - Running simulation for D=525 nm and Msat=440 kA/m
2025/10/30 09:30:20 AM - __main__ - INFO - 	 Simulation time=2.86 s
2025/10/30 09:30:31 AM - __main__ - INFO - 	Finished converting image for hysteresis at D=525 nm and Ms=440 kA/m
2025/10/30 09:30:31 AM - __main__ - INFO - Running simulation for D=600 nm and Msat=260 kA/m
2025/10/30 09:30:34 AM - __main__ - INFO - 	 Simulation time=2.76 s
2025/10/30 09:30:46 AM - __main__ - INFO - 	Finished converting image for hysteresis at D=600 nm and Ms=260 kA/m
2025/10/30 09:30:46 AM - __main__ - INFO - Running simulation for D=600 nm and Msat=280 kA/m
2025/10/30 09:30:49 AM - __main__ - INFO - 	 Simulation time=2.91 s
2025/10/30 09:31:00 AM - __main__ - INFO - 	Finished converting image for hysteresis at D=600 nm and Ms=280 kA/m
2025/10/30 09:31:00 AM - __main__ - INFO - Running simulation for D=600 nm and Msat=300 kA/m
2025/10/30 09:31:03 AM - __main__ - INFO - 	 Simulation time=2.99 s
2025/10/30 09:31:15 AM - __main__ - INFO - 	Finished converting image for hysteresis at D=600 nm and Ms=300 kA/m
2025/10/30 09:31:15 AM - __main__ - INFO - Running simulation for D=600 nm and Msat=320 kA/m
2025/10/30 09:31:18 AM - __main__ - INFO - 	 Simulation time=2.84 s
2025/10/30 09:31:30 AM - __main__ - INFO - 	Finished converting image for hysteresis at D=600 nm and Ms=320 kA/m
2025/10/30 09:31:30 AM - __main__ - INFO - Running simulation for D=600 nm and Msat=340 kA/m
2025/10/30 09:31:33 AM - __main__ - INFO - 	 Simulation time=2.95 s
2025/10/30 09:31:45 AM - __main__ - INFO - 	Finished converting image for hysteresis at D=600 nm and Ms=340 kA/m
2025/10/30 09:31:45 AM - __main__ - INFO - Running simulation for D=600 nm and Msat=360 kA/m
2025/10/30 09:31:47 AM - __main__ - INFO - 	 Simulation time=2.87 s
2025/10/30 09:31:59 AM - __main__ - INFO - 	Finished converting image for hysteresis at D=600 nm and Ms=360 kA/m
2025/10/30 09:31:59 AM - __main__ - INFO - Running simulation for D=600 nm and Msat=380 kA/m
2025/10/30 09:32:02 AM - __main__ - INFO - 	 Simulation time=2.89 s
2025/10/30 09:32:14 AM - __main__ - INFO - 	Finished converting image for hysteresis at D=600 nm and Ms=380 kA/m
2025/10/30 09:32:14 AM - __main__ - INFO - Running simulation for D=600 nm and Msat=400 kA/m
2025/10/30 09:32:17 AM - __main__ - INFO - 	 Simulation time=2.74 s
2025/10/30 09:32:28 AM - __main__ - INFO - 	Finished converting image for hysteresis at D=600 nm and Ms=400 kA/m
2025/10/30 09:32:28 AM - __main__ - INFO - Running simulation for D=600 nm and Msat=420 kA/m
2025/10/30 09:32:31 AM - __main__ - INFO - 	 Simulation time=2.71 s
2025/10/30 09:32:43 AM - __main__ - INFO - 	Finished converting image for hysteresis at D=600 nm and Ms=420 kA/m
2025/10/30 09:32:43 AM - __main__ - INFO - Running simulation for D=600 nm and Msat=440 kA/m
2025/10/30 09:32:46 AM - __main__ - INFO - 	 Simulation time=3.00 s
2025/10/30 09:32:57 AM - __main__ - INFO - 	Finished converting image for hysteresis at D=600 nm and Ms=440 kA/m
2025/10/30 09:32:57 AM - __main__ - INFO - Running simulation for D=675 nm and Msat=260 kA/m
2025/10/30 09:33:01 AM - __main__ - INFO - 	 Simulation time=3.21 s
2025/10/30 09:33:13 AM - __main__ - INFO - 	Finished converting image for hysteresis at D=675 nm and Ms=260 kA/m
2025/10/30 09:33:13 AM - __main__ - INFO - Running simulation for D=675 nm and Msat=280 kA/m
2025/10/30 09:33:16 AM - __main__ - INFO - 	 Simulation time=2.97 s
2025/10/30 09:33:29 AM - __main__ - INFO - 	Finished converting image for hysteresis at D=675 nm and Ms=280 kA/m
2025/10/30 09:33:29 AM - __main__ - INFO - Running simulation for D=675 nm and Msat=300 kA/m
2025/10/30 09:33:32 AM - __main__ - INFO - 	 Simulation time=2.99 s
2025/10/30 09:33:44 AM - __main__ - INFO - 	Finished converting image for hysteresis at D=675 nm and Ms=300 kA/m
2025/10/30 09:33:44 AM - __main__ - INFO - Running simulation for D=675 nm and Msat=320 kA/m
2025/10/30 09:33:47 AM - __main__ - INFO - 	 Simulation time=2.98 s
2025/10/30 09:33:59 AM - __main__ - INFO - 	Finished converting image for hysteresis at D=675 nm and Ms=320 kA/m
2025/10/30 09:33:59 AM - __main__ - INFO - Running simulation for D=675 nm and Msat=340 kA/m
2025/10/30 09:34:02 AM - __main__ - INFO - 	 Simulation time=3.09 s
2025/10/30 09:34:15 AM - __main__ - INFO - 	Finished converting image for hysteresis at D=675 nm and Ms=340 kA/m
2025/10/30 09:34:15 AM - __main__ - INFO - Running simulation for D=675 nm and Msat=360 kA/m
2025/10/30 09:34:18 AM - __main__ - INFO - 	 Simulation time=2.97 s
2025/10/30 09:34:30 AM - __main__ - INFO - 	Finished converting image for hysteresis at D=675 nm and Ms=360 kA/m
2025/10/30 09:34:30 AM - __main__ - INFO - Running simulation for D=675 nm and Msat=380 kA/m
2025/10/30 09:34:33 AM - __main__ - INFO - 	 Simulation time=3.00 s
2025/10/30 09:34:46 AM - __main__ - INFO - 	Finished converting image for hysteresis at D=675 nm and Ms=380 kA/m
2025/10/30 09:34:46 AM - __main__ - INFO - Running simulation for D=675 nm and Msat=400 kA/m
2025/10/30 09:34:49 AM - __main__ - INFO - 	 Simulation time=3.26 s
2025/10/30 09:35:02 AM - __main__ - INFO - 	Finished converting image for hysteresis at D=675 nm and Ms=400 kA/m
2025/10/30 09:35:02 AM - __main__ - INFO - Running simulation for D=675 nm and Msat=420 kA/m
2025/10/30 09:35:05 AM - __main__ - INFO - 	 Simulation time=3.14 s
2025/10/30 09:35:17 AM - __main__ - INFO - 	Finished converting image for hysteresis at D=675 nm and Ms=420 kA/m
2025/10/30 09:35:17 AM - __main__ - INFO - Running simulation for D=675 nm and Msat=440 kA/m
2025/10/30 09:35:20 AM - __main__ - INFO - 	 Simulation time=2.98 s
2025/10/30 09:35:33 AM - __main__ - INFO - 	Finished converting image for hysteresis at D=675 nm and Ms=440 kA/m
2025/10/30 09:35:33 AM - __main__ - INFO - Running simulation for D=750 nm and Msat=260 kA/m
2025/10/30 09:35:36 AM - __main__ - INFO - 	 Simulation time=3.05 s
2025/10/30 09:35:48 AM - __main__ - INFO - 	Finished converting image for hysteresis at D=750 nm and Ms=260 kA/m
2025/10/30 09:35:48 AM - __main__ - INFO - Running simulation for D=750 nm and Msat=280 kA/m
2025/10/30 09:35:51 AM - __main__ - INFO - 	 Simulation time=3.11 s
2025/10/30 09:36:04 AM - __main__ - INFO - 	Finished converting image for hysteresis at D=750 nm and Ms=280 kA/m
2025/10/30 09:36:04 AM - __main__ - INFO - Running simulation for D=750 nm and Msat=300 kA/m
2025/10/30 09:36:07 AM - __main__ - INFO - 	 Simulation time=3.08 s
2025/10/30 09:36:20 AM - __main__ - INFO - 	Finished converting image for hysteresis at D=750 nm and Ms=300 kA/m
2025/10/30 09:36:20 AM - __main__ - INFO - Running simulation for D=750 nm and Msat=320 kA/m
2025/10/30 09:36:23 AM - __main__ - INFO - 	 Simulation time=3.03 s
2025/10/30 09:36:36 AM - __main__ - INFO - 	Finished converting image for hysteresis at D=750 nm and Ms=320 kA/m
2025/10/30 09:36:36 AM - __main__ - INFO - Running simulation for D=750 nm and Msat=340 kA/m
2025/10/30 09:36:39 AM - __main__ - INFO - 	 Simulation time=3.08 s
2025/10/30 09:36:52 AM - __main__ - INFO - 	Finished converting image for hysteresis at D=750 nm and Ms=340 kA/m
2025/10/30 09:36:52 AM - __main__ - INFO - Running simulation for D=750 nm and Msat=360 kA/m
2025/10/30 09:36:55 AM - __main__ - INFO - 	 Simulation time=3.17 s
2025/10/30 09:37:07 AM - __main__ - INFO - 	Finished converting image for hysteresis at D=750 nm and Ms=360 kA/m
2025/10/30 09:37:07 AM - __main__ - INFO - Running simulation for D=750 nm and Msat=380 kA/m
2025/10/30 09:37:11 AM - __main__ - INFO - 	 Simulation time=3.08 s
2025/10/30 09:37:23 AM - __main__ - INFO - 	Finished converting image for hysteresis at D=750 nm and Ms=380 kA/m
2025/10/30 09:37:23 AM - __main__ - INFO - Running simulation for D=750 nm and Msat=400 kA/m
2025/10/30 09:37:26 AM - __main__ - INFO - 	 Simulation time=3.17 s
2025/10/30 09:37:39 AM - __main__ - INFO - 	Finished converting image for hysteresis at D=750 nm and Ms=400 kA/m
2025/10/30 09:37:39 AM - __main__ - INFO - Running simulation for D=750 nm and Msat=420 kA/m
2025/10/30 09:37:42 AM - __main__ - INFO - 	 Simulation time=3.17 s
2025/10/30 09:37:55 AM - __main__ - INFO - 	Finished converting image for hysteresis at D=750 nm and Ms=420 kA/m
2025/10/30 09:37:55 AM - __main__ - INFO - Running simulation for D=750 nm and Msat=440 kA/m
2025/10/30 09:37:58 AM - __main__ - INFO - 	 Simulation time=3.25 s
2025/10/30 09:38:11 AM - __main__ - INFO - 	Finished converting image for hysteresis at D=750 nm and Ms=440 kA/m
