2025/11/18 16:13:59 PM - __main__ - INFO - Logging timestamps are respect to America/Lima timezone
2025/11/18 16:13:59 PM - __main__ - INFO - ---FOR DMI = 0.5 J/m2---
2025/11/18 16:13:59 PM - __main__ - INFO - ---FOR Ku = 0.02 MJ/m3---
2025/11/18 16:13:59 PM - __main__ - INFO - Running simulation for D=150 nm and Msat=260 kA/m
2025/11/18 16:14:33 PM - __main__ - INFO - 	 Simulation time=33.98 s
2025/11/18 16:14:47 PM - __main__ - INFO - 	Finished converting image for hysteresis at D=150 nm and Ms=260 kA/m
2025/11/18 16:14:47 PM - __main__ - INFO - Running simulation for D=150 nm and Msat=280 kA/m
2025/11/18 16:15:10 PM - __main__ - INFO - 	 Simulation time=22.32 s
2025/11/18 16:15:19 PM - __main__ - INFO - 	Finished converting image for hysteresis at D=150 nm and Ms=280 kA/m
2025/11/18 16:15:19 PM - __main__ - INFO - Running simulation for D=150 nm and Msat=300 kA/m
2025/11/18 16:15:38 PM - __main__ - INFO - 	 Simulation time=19.05 s
2025/11/18 16:15:49 PM - __main__ - INFO - 	Finished converting image for hysteresis at D=150 nm and Ms=300 kA/m
2025/11/18 16:15:49 PM - __main__ - INFO - Running simulation for D=150 nm and Msat=320 kA/m
2025/11/18 16:16:09 PM - __main__ - INFO - 	 Simulation time=20.56 s
2025/11/18 16:16:21 PM - __main__ - INFO - 	Finished converting image for hysteresis at D=150 nm and Ms=320 kA/m
2025/11/18 16:16:21 PM - __main__ - INFO - Running simulation for D=150 nm and Msat=340 kA/m
2025/11/18 16:17:03 PM - __main__ - INFO - 	 Simulation time=42.35 s
2025/11/18 16:17:15 PM - __main__ - INFO - 	Finished converting image for hysteresis at D=150 nm and Ms=340 kA/m
2025/11/18 16:17:15 PM - __main__ - INFO - Running simulation for D=150 nm and Msat=360 kA/m
2025/11/18 16:18:25 PM - __main__ - INFO - 	 Simulation time=70.24 s
2025/11/18 16:18:37 PM - __main__ - INFO - 	Finished converting image for hysteresis at D=150 nm and Ms=360 kA/m
2025/11/18 16:18:37 PM - __main__ - INFO - Running simulation for D=150 nm and Msat=380 kA/m
2025/11/18 16:19:05 PM - __main__ - INFO - 	 Simulation time=28.27 s
2025/11/18 16:19:16 PM - __main__ - INFO - 	Finished converting image for hysteresis at D=150 nm and Ms=380 kA/m
2025/11/18 16:19:16 PM - __main__ - INFO - Running simulation for D=150 nm and Msat=400 kA/m
2025/11/18 16:19:43 PM - __main__ - INFO - 	 Simulation time=26.99 s
2025/11/18 16:19:56 PM - __main__ - INFO - 	Finished converting image for hysteresis at D=150 nm and Ms=400 kA/m
2025/11/18 16:19:56 PM - __main__ - INFO - Running simulation for D=150 nm and Msat=420 kA/m
2025/11/18 16:21:15 PM - __main__ - INFO - 	 Simulation time=79.16 s
2025/11/18 16:21:27 PM - __main__ - INFO - 	Finished converting image for hysteresis at D=150 nm and Ms=420 kA/m
2025/11/18 16:21:27 PM - __main__ - INFO - Running simulation for D=150 nm and Msat=440 kA/m
2025/11/18 16:22:35 PM - __main__ - INFO - 	 Simulation time=68.38 s
2025/11/18 16:22:48 PM - __main__ - INFO - 	Finished converting image for hysteresis at D=150 nm and Ms=440 kA/m
2025/11/18 16:22:48 PM - __main__ - INFO - Running simulation for D=225 nm and Msat=260 kA/m
2025/11/18 16:23:53 PM - __main__ - INFO - 	 Simulation time=64.70 s
2025/11/18 16:24:06 PM - __main__ - INFO - 	Finished converting image for hysteresis at D=225 nm and Ms=260 kA/m
2025/11/18 16:24:06 PM - __main__ - INFO - Running simulation for D=225 nm and Msat=280 kA/m
2025/11/18 16:25:24 PM - __main__ - INFO - 	 Simulation time=77.39 s
2025/11/18 16:25:36 PM - __main__ - INFO - 	Finished converting image for hysteresis at D=225 nm and Ms=280 kA/m
2025/11/18 16:25:36 PM - __main__ - INFO - Running simulation for D=225 nm and Msat=300 kA/m
2025/11/18 16:27:46 PM - __main__ - INFO - 	 Simulation time=129.75 s
2025/11/18 16:27:58 PM - __main__ - INFO - 	Finished converting image for hysteresis at D=225 nm and Ms=300 kA/m
2025/11/18 16:27:58 PM - __main__ - INFO - Running simulation for D=225 nm and Msat=320 kA/m
2025/11/18 16:31:15 PM - __main__ - INFO - 	 Simulation time=196.78 s
2025/11/18 16:31:27 PM - __main__ - INFO - 	Finished converting image for hysteresis at D=225 nm and Ms=320 kA/m
2025/11/18 16:31:27 PM - __main__ - INFO - Running simulation for D=225 nm and Msat=340 kA/m
2025/11/18 16:36:11 PM - __main__ - INFO - 	 Simulation time=284.04 s
2025/11/18 16:36:23 PM - __main__ - INFO - 	Finished converting image for hysteresis at D=225 nm and Ms=340 kA/m
2025/11/18 16:36:23 PM - __main__ - INFO - Running simulation for D=225 nm and Msat=360 kA/m
2025/11/18 16:45:04 PM - __main__ - INFO - 	 Simulation time=521.13 s
2025/11/18 16:45:17 PM - __main__ - INFO - 	Finished converting image for hysteresis at D=225 nm and Ms=360 kA/m
2025/11/18 16:45:17 PM - __main__ - INFO - Running simulation for D=225 nm and Msat=380 kA/m
2025/11/18 16:46:41 PM - __main__ - INFO - 	 Simulation time=84.15 s
2025/11/18 16:46:52 PM - __main__ - INFO - 	Finished converting image for hysteresis at D=225 nm and Ms=380 kA/m
2025/11/18 16:46:52 PM - __main__ - INFO - Running simulation for D=225 nm and Msat=400 kA/m
2025/11/18 16:47:47 PM - __main__ - INFO - 	 Simulation time=55.42 s
2025/11/18 16:47:59 PM - __main__ - INFO - 	Finished converting image for hysteresis at D=225 nm and Ms=400 kA/m
2025/11/18 16:47:59 PM - __main__ - INFO - Running simulation for D=225 nm and Msat=420 kA/m
2025/11/18 16:50:45 PM - __main__ - INFO - 	 Simulation time=165.89 s
2025/11/18 16:50:57 PM - __main__ - INFO - 	Finished converting image for hysteresis at D=225 nm and Ms=420 kA/m
2025/11/18 16:50:57 PM - __main__ - INFO - Running simulation for D=225 nm and Msat=440 kA/m
2025/11/18 16:55:23 PM - __main__ - INFO - 	 Simulation time=265.30 s
2025/11/18 16:55:36 PM - __main__ - INFO - 	Finished converting image for hysteresis at D=225 nm and Ms=440 kA/m
2025/11/18 16:55:36 PM - __main__ - INFO - Running simulation for D=300 nm and Msat=260 kA/m
2025/11/18 17:00:32 PM - __main__ - INFO - 	 Simulation time=296.57 s
2025/11/18 17:00:46 PM - __main__ - INFO - 	Finished converting image for hysteresis at D=300 nm and Ms=260 kA/m
2025/11/18 17:00:46 PM - __main__ - INFO - Running simulation for D=300 nm and Msat=280 kA/m
2025/11/18 17:04:27 PM - __main__ - INFO - 	 Simulation time=221.10 s
2025/11/18 17:04:40 PM - __main__ - INFO - 	Finished converting image for hysteresis at D=300 nm and Ms=280 kA/m
2025/11/18 17:04:40 PM - __main__ - INFO - Running simulation for D=300 nm and Msat=300 kA/m
2025/11/18 17:09:03 PM - __main__ - INFO - 	 Simulation time=262.84 s
2025/11/18 17:09:16 PM - __main__ - INFO - 	Finished converting image for hysteresis at D=300 nm and Ms=300 kA/m
2025/11/18 17:09:16 PM - __main__ - INFO - Running simulation for D=300 nm and Msat=320 kA/m
2025/11/18 17:14:38 PM - __main__ - INFO - 	 Simulation time=322.17 s
2025/11/18 17:14:50 PM - __main__ - INFO - 	Finished converting image for hysteresis at D=300 nm and Ms=320 kA/m
2025/11/18 17:14:50 PM - __main__ - INFO - Running simulation for D=300 nm and Msat=340 kA/m
2025/11/18 17:21:16 PM - __main__ - INFO - 	 Simulation time=385.99 s
2025/11/18 17:21:29 PM - __main__ - INFO - 	Finished converting image for hysteresis at D=300 nm and Ms=340 kA/m
2025/11/18 17:21:29 PM - __main__ - INFO - Running simulation for D=300 nm and Msat=360 kA/m
2025/11/18 17:30:19 PM - __main__ - INFO - 	 Simulation time=529.09 s
2025/11/18 17:30:31 PM - __main__ - INFO - 	Finished converting image for hysteresis at D=300 nm and Ms=360 kA/m
2025/11/18 17:30:31 PM - __main__ - INFO - Running simulation for D=300 nm and Msat=380 kA/m
2025/11/18 17:35:28 PM - __main__ - INFO - 	 Simulation time=296.38 s
2025/11/18 17:35:41 PM - __main__ - INFO - 	Finished converting image for hysteresis at D=300 nm and Ms=380 kA/m
2025/11/18 17:35:41 PM - __main__ - INFO - Running simulation for D=300 nm and Msat=400 kA/m
2025/11/18 17:38:11 PM - __main__ - INFO - 	 Simulation time=150.17 s
2025/11/18 17:38:23 PM - __main__ - INFO - 	Finished converting image for hysteresis at D=300 nm and Ms=400 kA/m
2025/11/18 17:38:23 PM - __main__ - INFO - Running simulation for D=300 nm and Msat=420 kA/m
2025/11/18 17:39:23 PM - __main__ - INFO - 	 Simulation time=59.32 s
2025/11/18 17:39:35 PM - __main__ - INFO - 	Finished converting image for hysteresis at D=300 nm and Ms=420 kA/m
2025/11/18 17:39:35 PM - __main__ - INFO - Running simulation for D=300 nm and Msat=440 kA/m
2025/11/18 17:42:54 PM - __main__ - INFO - 	 Simulation time=199.19 s
2025/11/18 17:43:07 PM - __main__ - INFO - 	Finished converting image for hysteresis at D=300 nm and Ms=440 kA/m
2025/11/18 17:43:07 PM - __main__ - INFO - Running simulation for D=375 nm and Msat=260 kA/m
2025/11/18 17:48:37 PM - __main__ - INFO - 	 Simulation time=330.53 s
2025/11/18 17:48:52 PM - __main__ - INFO - 	Finished converting image for hysteresis at D=375 nm and Ms=260 kA/m
2025/11/18 17:48:52 PM - __main__ - INFO - Running simulation for D=375 nm and Msat=280 kA/m
2025/11/18 17:55:17 PM - __main__ - INFO - 	 Simulation time=385.40 s
2025/11/18 17:55:31 PM - __main__ - INFO - 	Finished converting image for hysteresis at D=375 nm and Ms=280 kA/m
2025/11/18 17:55:31 PM - __main__ - INFO - Running simulation for D=375 nm and Msat=300 kA/m
2025/11/18 18:01:32 PM - __main__ - INFO - 	 Simulation time=361.45 s
2025/11/18 18:01:45 PM - __main__ - INFO - 	Finished converting image for hysteresis at D=375 nm and Ms=300 kA/m
2025/11/18 18:01:45 PM - __main__ - INFO - Running simulation for D=375 nm and Msat=320 kA/m
2025/11/18 18:08:22 PM - __main__ - INFO - 	 Simulation time=397.18 s
2025/11/18 18:08:34 PM - __main__ - INFO - 	Finished converting image for hysteresis at D=375 nm and Ms=320 kA/m
2025/11/18 18:08:34 PM - __main__ - INFO - Running simulation for D=375 nm and Msat=340 kA/m
2025/11/18 18:16:33 PM - __main__ - INFO - 	 Simulation time=479.36 s
2025/11/18 18:16:46 PM - __main__ - INFO - 	Finished converting image for hysteresis at D=375 nm and Ms=340 kA/m
2025/11/18 18:16:46 PM - __main__ - INFO - Running simulation for D=375 nm and Msat=360 kA/m
2025/11/18 18:26:22 PM - __main__ - INFO - 	 Simulation time=575.25 s
2025/11/18 18:26:33 PM - __main__ - INFO - 	Finished converting image for hysteresis at D=375 nm and Ms=360 kA/m
2025/11/18 18:26:33 PM - __main__ - INFO - Running simulation for D=375 nm and Msat=380 kA/m
2025/11/18 18:32:22 PM - __main__ - INFO - 	 Simulation time=348.55 s
2025/11/18 18:32:35 PM - __main__ - INFO - 	Finished converting image for hysteresis at D=375 nm and Ms=380 kA/m
2025/11/18 18:32:35 PM - __main__ - INFO - Running simulation for D=375 nm and Msat=400 kA/m
2025/11/18 18:34:08 PM - __main__ - INFO - 	 Simulation time=93.14 s
2025/11/18 18:34:22 PM - __main__ - INFO - 	Finished converting image for hysteresis at D=375 nm and Ms=400 kA/m
2025/11/18 18:34:22 PM - __main__ - INFO - Running simulation for D=375 nm and Msat=420 kA/m
2025/11/18 18:37:15 PM - __main__ - INFO - 	 Simulation time=172.93 s
2025/11/18 18:37:29 PM - __main__ - INFO - 	Finished converting image for hysteresis at D=375 nm and Ms=420 kA/m
2025/11/18 18:37:29 PM - __main__ - INFO - Running simulation for D=375 nm and Msat=440 kA/m
2025/11/18 18:39:52 PM - __main__ - INFO - 	 Simulation time=143.57 s
2025/11/18 18:40:05 PM - __main__ - INFO - 	Finished converting image for hysteresis at D=375 nm and Ms=440 kA/m
2025/11/18 18:40:05 PM - __main__ - INFO - Running simulation for D=450 nm and Msat=260 kA/m
2025/11/18 18:47:41 PM - __main__ - INFO - 	 Simulation time=456.28 s
2025/11/18 18:47:58 PM - __main__ - INFO - 	Finished converting image for hysteresis at D=450 nm and Ms=260 kA/m
2025/11/18 18:47:58 PM - __main__ - INFO - Running simulation for D=450 nm and Msat=280 kA/m
2025/11/18 18:56:50 PM - __main__ - INFO - 	 Simulation time=531.92 s
2025/11/18 18:57:06 PM - __main__ - INFO - 	Finished converting image for hysteresis at D=450 nm and Ms=280 kA/m
2025/11/18 18:57:06 PM - __main__ - INFO - Running simulation for D=450 nm and Msat=300 kA/m
2025/11/18 18:59:01 PM - __main__ - INFO - 	 Simulation time=115.50 s
2025/11/18 18:59:17 PM - __main__ - INFO - 	Finished converting image for hysteresis at D=450 nm and Ms=300 kA/m
2025/11/18 18:59:17 PM - __main__ - INFO - Running simulation for D=450 nm and Msat=320 kA/m
2025/11/18 19:07:49 PM - __main__ - INFO - 	 Simulation time=512.14 s
2025/11/18 19:08:05 PM - __main__ - INFO - 	Finished converting image for hysteresis at D=450 nm and Ms=320 kA/m
2025/11/18 19:08:05 PM - __main__ - INFO - Running simulation for D=450 nm and Msat=340 kA/m
2025/11/18 19:17:23 PM - __main__ - INFO - 	 Simulation time=558.10 s
2025/11/18 19:17:38 PM - __main__ - INFO - 	Finished converting image for hysteresis at D=450 nm and Ms=340 kA/m
2025/11/18 19:17:38 PM - __main__ - INFO - Running simulation for D=450 nm and Msat=360 kA/m
2025/11/18 19:28:22 PM - __main__ - INFO - 	 Simulation time=644.17 s
2025/11/18 19:28:38 PM - __main__ - INFO - 	Finished converting image for hysteresis at D=450 nm and Ms=360 kA/m
2025/11/18 19:28:38 PM - __main__ - INFO - Running simulation for D=450 nm and Msat=380 kA/m
2025/11/18 19:41:14 PM - __main__ - INFO - 	 Simulation time=756.68 s
2025/11/18 19:41:31 PM - __main__ - INFO - 	Finished converting image for hysteresis at D=450 nm and Ms=380 kA/m
2025/11/18 19:41:31 PM - __main__ - INFO - Running simulation for D=450 nm and Msat=400 kA/m
2025/11/18 19:48:06 PM - __main__ - INFO - 	 Simulation time=394.20 s
2025/11/18 19:48:23 PM - __main__ - INFO - 	Finished converting image for hysteresis at D=450 nm and Ms=400 kA/m
2025/11/18 19:48:23 PM - __main__ - INFO - Running simulation for D=450 nm and Msat=420 kA/m
2025/11/18 19:52:15 PM - __main__ - INFO - 	 Simulation time=232.76 s
2025/11/18 19:52:31 PM - __main__ - INFO - 	Finished converting image for hysteresis at D=450 nm and Ms=420 kA/m
2025/11/18 19:52:31 PM - __main__ - INFO - Running simulation for D=450 nm and Msat=440 kA/m
2025/11/18 19:56:08 PM - __main__ - INFO - 	 Simulation time=216.31 s
2025/11/18 19:56:22 PM - __main__ - INFO - 	Finished converting image for hysteresis at D=450 nm and Ms=440 kA/m
2025/11/18 19:56:22 PM - __main__ - INFO - Running simulation for D=525 nm and Msat=260 kA/m
2025/11/18 20:06:27 PM - __main__ - INFO - 	 Simulation time=604.43 s
2025/11/18 20:06:43 PM - __main__ - INFO - 	Finished converting image for hysteresis at D=525 nm and Ms=260 kA/m
2025/11/18 20:06:43 PM - __main__ - INFO - Running simulation for D=525 nm and Msat=280 kA/m
2025/11/18 20:17:28 PM - __main__ - INFO - 	 Simulation time=645.53 s
2025/11/18 20:17:45 PM - __main__ - INFO - 	Finished converting image for hysteresis at D=525 nm and Ms=280 kA/m
2025/11/18 20:17:45 PM - __main__ - INFO - Running simulation for D=525 nm and Msat=300 kA/m
2025/11/18 20:30:50 PM - __main__ - INFO - 	 Simulation time=785.39 s
2025/11/18 20:31:06 PM - __main__ - INFO - 	Finished converting image for hysteresis at D=525 nm and Ms=300 kA/m
2025/11/18 20:31:06 PM - __main__ - INFO - Running simulation for D=525 nm and Msat=320 kA/m
2025/11/18 20:45:10 PM - __main__ - INFO - 	 Simulation time=843.98 s
2025/11/18 20:45:27 PM - __main__ - INFO - 	Finished converting image for hysteresis at D=525 nm and Ms=320 kA/m
2025/11/18 20:45:27 PM - __main__ - INFO - Running simulation for D=525 nm and Msat=340 kA/m
2025/11/18 20:58:01 PM - __main__ - INFO - 	 Simulation time=753.14 s
2025/11/18 20:58:18 PM - __main__ - INFO - 	Finished converting image for hysteresis at D=525 nm and Ms=340 kA/m
2025/11/18 20:58:18 PM - __main__ - INFO - Running simulation for D=525 nm and Msat=360 kA/m
2025/11/18 21:12:21 PM - __main__ - INFO - 	 Simulation time=842.65 s
2025/11/18 21:12:37 PM - __main__ - INFO - 	Finished converting image for hysteresis at D=525 nm and Ms=360 kA/m
2025/11/18 21:12:37 PM - __main__ - INFO - Running simulation for D=525 nm and Msat=380 kA/m
2025/11/18 21:26:19 PM - __main__ - INFO - 	 Simulation time=821.70 s
2025/11/18 21:26:33 PM - __main__ - INFO - 	Finished converting image for hysteresis at D=525 nm and Ms=380 kA/m
2025/11/18 21:26:33 PM - __main__ - INFO - Running simulation for D=525 nm and Msat=400 kA/m
2025/11/18 21:33:47 PM - __main__ - INFO - 	 Simulation time=434.37 s
2025/11/18 21:34:03 PM - __main__ - INFO - 	Finished converting image for hysteresis at D=525 nm and Ms=400 kA/m
2025/11/18 21:34:03 PM - __main__ - INFO - Running simulation for D=525 nm and Msat=420 kA/m
2025/11/18 21:45:17 PM - __main__ - INFO - 	 Simulation time=674.39 s
2025/11/18 21:45:34 PM - __main__ - INFO - 	Finished converting image for hysteresis at D=525 nm and Ms=420 kA/m
2025/11/18 21:45:34 PM - __main__ - INFO - Running simulation for D=525 nm and Msat=440 kA/m
2025/11/18 21:51:29 PM - __main__ - INFO - 	 Simulation time=355.09 s
2025/11/18 21:51:44 PM - __main__ - INFO - 	Finished converting image for hysteresis at D=525 nm and Ms=440 kA/m
2025/11/18 21:51:44 PM - __main__ - INFO - Running simulation for D=600 nm and Msat=260 kA/m
2025/11/18 22:05:57 PM - __main__ - INFO - 	 Simulation time=853.74 s
2025/11/18 22:06:13 PM - __main__ - INFO - 	Finished converting image for hysteresis at D=600 nm and Ms=260 kA/m
2025/11/18 22:06:13 PM - __main__ - INFO - Running simulation for D=600 nm and Msat=280 kA/m
2025/11/18 22:21:12 PM - __main__ - INFO - 	 Simulation time=898.47 s
2025/11/18 22:21:29 PM - __main__ - INFO - 	Finished converting image for hysteresis at D=600 nm and Ms=280 kA/m
2025/11/18 22:21:29 PM - __main__ - INFO - Running simulation for D=600 nm and Msat=300 kA/m
2025/11/18 22:42:43 PM - __main__ - INFO - 	 Simulation time=1274.50 s
2025/11/18 22:43:00 PM - __main__ - INFO - 	Finished converting image for hysteresis at D=600 nm and Ms=300 kA/m
2025/11/18 22:43:00 PM - __main__ - INFO - Running simulation for D=600 nm and Msat=320 kA/m
2025/11/18 22:46:30 PM - __main__ - INFO - 	 Simulation time=209.80 s
2025/11/18 22:46:47 PM - __main__ - INFO - 	Finished converting image for hysteresis at D=600 nm and Ms=320 kA/m
2025/11/18 22:46:47 PM - __main__ - INFO - Running simulation for D=600 nm and Msat=340 kA/m
2025/11/18 23:02:01 PM - __main__ - INFO - 	 Simulation time=914.75 s
2025/11/18 23:02:18 PM - __main__ - INFO - 	Finished converting image for hysteresis at D=600 nm and Ms=340 kA/m
2025/11/18 23:02:18 PM - __main__ - INFO - Running simulation for D=600 nm and Msat=360 kA/m
2025/11/18 23:17:12 PM - __main__ - INFO - 	 Simulation time=893.59 s
2025/11/18 23:17:28 PM - __main__ - INFO - 	Finished converting image for hysteresis at D=600 nm and Ms=360 kA/m
2025/11/18 23:17:28 PM - __main__ - INFO - Running simulation for D=600 nm and Msat=380 kA/m
2025/11/18 23:30:41 PM - __main__ - INFO - 	 Simulation time=793.66 s
2025/11/18 23:30:59 PM - __main__ - INFO - 	Finished converting image for hysteresis at D=600 nm and Ms=380 kA/m
2025/11/18 23:30:59 PM - __main__ - INFO - Running simulation for D=600 nm and Msat=400 kA/m
2025/11/18 23:40:44 PM - __main__ - INFO - 	 Simulation time=585.34 s
2025/11/18 23:41:01 PM - __main__ - INFO - 	Finished converting image for hysteresis at D=600 nm and Ms=400 kA/m
2025/11/18 23:41:01 PM - __main__ - INFO - Running simulation for D=600 nm and Msat=420 kA/m
2025/11/18 23:52:27 PM - __main__ - INFO - 	 Simulation time=685.45 s
2025/11/18 23:52:45 PM - __main__ - INFO - 	Finished converting image for hysteresis at D=600 nm and Ms=420 kA/m
2025/11/18 23:52:45 PM - __main__ - INFO - Running simulation for D=600 nm and Msat=440 kA/m
2025/11/19 00:08:37 AM - __main__ - INFO - 	 Simulation time=951.58 s
2025/11/19 00:08:54 AM - __main__ - INFO - 	Finished converting image for hysteresis at D=600 nm and Ms=440 kA/m
2025/11/19 00:08:54 AM - __main__ - INFO - Running simulation for D=675 nm and Msat=260 kA/m
2025/11/19 00:28:42 AM - __main__ - INFO - 	 Simulation time=1187.54 s
2025/11/19 00:29:00 AM - __main__ - INFO - 	Finished converting image for hysteresis at D=675 nm and Ms=260 kA/m
2025/11/19 00:29:00 AM - __main__ - INFO - Running simulation for D=675 nm and Msat=280 kA/m
2025/11/19 00:53:01 AM - __main__ - INFO - 	 Simulation time=1441.46 s
2025/11/19 00:53:21 AM - __main__ - INFO - 	Finished converting image for hysteresis at D=675 nm and Ms=280 kA/m
2025/11/19 00:53:21 AM - __main__ - INFO - Running simulation for D=675 nm and Msat=300 kA/m
2025/11/19 01:12:13 AM - __main__ - INFO - 	 Simulation time=1131.83 s
2025/11/19 01:12:31 AM - __main__ - INFO - 	Finished converting image for hysteresis at D=675 nm and Ms=300 kA/m
2025/11/19 01:12:31 AM - __main__ - INFO - Running simulation for D=675 nm and Msat=320 kA/m
2025/11/19 01:46:48 AM - __main__ - INFO - 	 Simulation time=2056.42 s
2025/11/19 01:47:07 AM - __main__ - INFO - 	Finished converting image for hysteresis at D=675 nm and Ms=320 kA/m
2025/11/19 01:47:07 AM - __main__ - INFO - Running simulation for D=675 nm and Msat=340 kA/m
2025/11/19 02:12:20 AM - __main__ - INFO - 	 Simulation time=1513.38 s
2025/11/19 02:12:38 AM - __main__ - INFO - 	Finished converting image for hysteresis at D=675 nm and Ms=340 kA/m
2025/11/19 02:12:38 AM - __main__ - INFO - Running simulation for D=675 nm and Msat=360 kA/m
2025/11/19 02:26:03 AM - __main__ - INFO - 	 Simulation time=805.60 s
2025/11/19 02:26:21 AM - __main__ - INFO - 	Finished converting image for hysteresis at D=675 nm and Ms=360 kA/m
2025/11/19 02:26:21 AM - __main__ - INFO - Running simulation for D=675 nm and Msat=380 kA/m
2025/11/19 02:39:32 AM - __main__ - INFO - 	 Simulation time=791.44 s
2025/11/19 02:39:51 AM - __main__ - INFO - 	Finished converting image for hysteresis at D=675 nm and Ms=380 kA/m
2025/11/19 02:39:51 AM - __main__ - INFO - Running simulation for D=675 nm and Msat=400 kA/m
2025/11/19 02:51:06 AM - __main__ - INFO - 	 Simulation time=675.17 s
2025/11/19 02:51:24 AM - __main__ - INFO - 	Finished converting image for hysteresis at D=675 nm and Ms=400 kA/m
2025/11/19 02:51:24 AM - __main__ - INFO - Running simulation for D=675 nm and Msat=420 kA/m
2025/11/19 03:08:27 AM - __main__ - INFO - 	 Simulation time=1022.67 s
2025/11/19 03:08:45 AM - __main__ - INFO - 	Finished converting image for hysteresis at D=675 nm and Ms=420 kA/m
2025/11/19 03:08:45 AM - __main__ - INFO - Running simulation for D=675 nm and Msat=440 kA/m
2025/11/19 03:25:09 AM - __main__ - INFO - 	 Simulation time=984.11 s
2025/11/19 03:25:29 AM - __main__ - INFO - 	Finished converting image for hysteresis at D=675 nm and Ms=440 kA/m
2025/11/19 03:25:29 AM - __main__ - INFO - Running simulation for D=750 nm and Msat=260 kA/m
2025/11/19 03:46:58 AM - __main__ - INFO - 	 Simulation time=1288.25 s
2025/11/19 03:47:18 AM - __main__ - INFO - 	Finished converting image for hysteresis at D=750 nm and Ms=260 kA/m
2025/11/19 03:47:18 AM - __main__ - INFO - Running simulation for D=750 nm and Msat=280 kA/m
2025/11/19 04:29:57 AM - __main__ - INFO - 	 Simulation time=2558.72 s
2025/11/19 04:30:16 AM - __main__ - INFO - 	Finished converting image for hysteresis at D=750 nm and Ms=280 kA/m
2025/11/19 04:30:16 AM - __main__ - INFO - Running simulation for D=750 nm and Msat=300 kA/m
2025/11/19 05:15:14 AM - __main__ - INFO - 	 Simulation time=2698.59 s
2025/11/19 05:15:35 AM - __main__ - INFO - 	Finished converting image for hysteresis at D=750 nm and Ms=300 kA/m
2025/11/19 05:15:35 AM - __main__ - INFO - Running simulation for D=750 nm and Msat=320 kA/m
2025/11/19 06:46:16 AM - __main__ - INFO - 	 Simulation time=5440.62 s
2025/11/19 06:46:38 AM - __main__ - INFO - 	Finished converting image for hysteresis at D=750 nm and Ms=320 kA/m
2025/11/19 06:46:38 AM - __main__ - INFO - Running simulation for D=750 nm and Msat=340 kA/m
2025/11/19 07:16:08 AM - __main__ - INFO - 	 Simulation time=1770.11 s
2025/11/19 07:16:27 AM - __main__ - INFO - 	Finished converting image for hysteresis at D=750 nm and Ms=340 kA/m
2025/11/19 07:16:27 AM - __main__ - INFO - Running simulation for D=750 nm and Msat=360 kA/m
2025/11/19 07:33:33 AM - __main__ - INFO - 	 Simulation time=1025.99 s
2025/11/19 07:33:53 AM - __main__ - INFO - 	Finished converting image for hysteresis at D=750 nm and Ms=360 kA/m
2025/11/19 07:33:53 AM - __main__ - INFO - Running simulation for D=750 nm and Msat=380 kA/m
2025/11/19 07:50:15 AM - __main__ - INFO - 	 Simulation time=981.71 s
2025/11/19 07:50:34 AM - __main__ - INFO - 	Finished converting image for hysteresis at D=750 nm and Ms=380 kA/m
2025/11/19 07:50:34 AM - __main__ - INFO - Running simulation for D=750 nm and Msat=400 kA/m
2025/11/19 08:08:13 AM - __main__ - INFO - 	 Simulation time=1059.64 s
2025/11/19 08:08:31 AM - __main__ - INFO - 	Finished converting image for hysteresis at D=750 nm and Ms=400 kA/m
2025/11/19 08:08:31 AM - __main__ - INFO - Running simulation for D=750 nm and Msat=420 kA/m
2025/11/19 08:24:09 AM - __main__ - INFO - 	 Simulation time=937.23 s
2025/11/19 08:24:28 AM - __main__ - INFO - 	Finished converting image for hysteresis at D=750 nm and Ms=420 kA/m
2025/11/19 08:24:28 AM - __main__ - INFO - Running simulation for D=750 nm and Msat=440 kA/m
2025/11/19 08:43:49 AM - __main__ - INFO - 	 Simulation time=1161.03 s
2025/11/19 08:44:08 AM - __main__ - INFO - 	Finished converting image for hysteresis at D=750 nm and Ms=440 kA/m
2025/11/19 08:44:08 AM - __main__ - INFO - ---FOR Ku = 0.04 MJ/m3---
2025/11/19 08:44:08 AM - __main__ - INFO - Running simulation for D=150 nm and Msat=260 kA/m
2025/11/19 08:45:08 AM - __main__ - INFO - 	 Simulation time=59.84 s
2025/11/19 08:45:19 AM - __main__ - INFO - 	Finished converting image for hysteresis at D=150 nm and Ms=260 kA/m
2025/11/19 08:45:19 AM - __main__ - INFO - Running simulation for D=150 nm and Msat=280 kA/m
2025/11/19 08:46:16 AM - __main__ - INFO - 	 Simulation time=56.67 s
2025/11/19 08:46:27 AM - __main__ - INFO - 	Finished converting image for hysteresis at D=150 nm and Ms=280 kA/m
2025/11/19 08:46:27 AM - __main__ - INFO - Running simulation for D=150 nm and Msat=300 kA/m
2025/11/19 08:47:03 AM - __main__ - INFO - 	 Simulation time=36.17 s
2025/11/19 08:47:16 AM - __main__ - INFO - 	Finished converting image for hysteresis at D=150 nm and Ms=300 kA/m
2025/11/19 08:47:16 AM - __main__ - INFO - Running simulation for D=150 nm and Msat=320 kA/m
2025/11/19 08:47:46 AM - __main__ - INFO - 	 Simulation time=29.93 s
2025/11/19 08:47:58 AM - __main__ - INFO - 	Finished converting image for hysteresis at D=150 nm and Ms=320 kA/m
2025/11/19 08:47:58 AM - __main__ - INFO - Running simulation for D=150 nm and Msat=340 kA/m
2025/11/19 08:48:26 AM - __main__ - INFO - 	 Simulation time=28.07 s
2025/11/19 08:48:38 AM - __main__ - INFO - 	Finished converting image for hysteresis at D=150 nm and Ms=340 kA/m
2025/11/19 08:48:38 AM - __main__ - INFO - Running simulation for D=150 nm and Msat=360 kA/m
2025/11/19 08:49:14 AM - __main__ - INFO - 	 Simulation time=35.78 s
2025/11/19 08:49:26 AM - __main__ - INFO - 	Finished converting image for hysteresis at D=150 nm and Ms=360 kA/m
2025/11/19 08:49:26 AM - __main__ - INFO - Running simulation for D=150 nm and Msat=380 kA/m
2025/11/19 08:50:03 AM - __main__ - INFO - 	 Simulation time=37.70 s
2025/11/19 08:50:16 AM - __main__ - INFO - 	Finished converting image for hysteresis at D=150 nm and Ms=380 kA/m
2025/11/19 08:50:16 AM - __main__ - INFO - Running simulation for D=150 nm and Msat=400 kA/m
2025/11/19 08:51:16 AM - __main__ - INFO - 	 Simulation time=60.32 s
2025/11/19 08:51:28 AM - __main__ - INFO - 	Finished converting image for hysteresis at D=150 nm and Ms=400 kA/m
2025/11/19 08:51:28 AM - __main__ - INFO - Running simulation for D=150 nm and Msat=420 kA/m
2025/11/19 08:51:58 AM - __main__ - INFO - 	 Simulation time=30.63 s
2025/11/19 08:52:10 AM - __main__ - INFO - 	Finished converting image for hysteresis at D=150 nm and Ms=420 kA/m
2025/11/19 08:52:10 AM - __main__ - INFO - Running simulation for D=150 nm and Msat=440 kA/m
2025/11/19 08:53:45 AM - __main__ - INFO - 	 Simulation time=94.74 s
2025/11/19 08:53:57 AM - __main__ - INFO - 	Finished converting image for hysteresis at D=150 nm and Ms=440 kA/m
2025/11/19 08:53:57 AM - __main__ - INFO - Running simulation for D=225 nm and Msat=260 kA/m
2025/11/19 08:55:13 AM - __main__ - INFO - 	 Simulation time=76.17 s
2025/11/19 08:55:26 AM - __main__ - INFO - 	Finished converting image for hysteresis at D=225 nm and Ms=260 kA/m
2025/11/19 08:55:26 AM - __main__ - INFO - Running simulation for D=225 nm and Msat=280 kA/m
2025/11/19 08:57:11 AM - __main__ - INFO - 	 Simulation time=105.14 s
2025/11/19 08:57:23 AM - __main__ - INFO - 	Finished converting image for hysteresis at D=225 nm and Ms=280 kA/m
2025/11/19 08:57:23 AM - __main__ - INFO - Running simulation for D=225 nm and Msat=300 kA/m
2025/11/19 08:58:55 AM - __main__ - INFO - 	 Simulation time=91.38 s
2025/11/19 08:59:07 AM - __main__ - INFO - 	Finished converting image for hysteresis at D=225 nm and Ms=300 kA/m
2025/11/19 08:59:07 AM - __main__ - INFO - Running simulation for D=225 nm and Msat=320 kA/m
2025/11/19 09:00:08 AM - __main__ - INFO - 	 Simulation time=60.53 s
2025/11/19 09:00:22 AM - __main__ - INFO - 	Finished converting image for hysteresis at D=225 nm and Ms=320 kA/m
2025/11/19 09:00:22 AM - __main__ - INFO - Running simulation for D=225 nm and Msat=340 kA/m
2025/11/19 09:01:58 AM - __main__ - INFO - 	 Simulation time=95.75 s
2025/11/19 09:02:10 AM - __main__ - INFO - 	Finished converting image for hysteresis at D=225 nm and Ms=340 kA/m
2025/11/19 09:02:10 AM - __main__ - INFO - Running simulation for D=225 nm and Msat=360 kA/m
2025/11/19 09:05:19 AM - __main__ - INFO - 	 Simulation time=188.93 s
2025/11/19 09:05:31 AM - __main__ - INFO - 	Finished converting image for hysteresis at D=225 nm and Ms=360 kA/m
2025/11/19 09:05:31 AM - __main__ - INFO - Running simulation for D=225 nm and Msat=380 kA/m
2025/11/19 09:10:11 AM - __main__ - INFO - 	 Simulation time=279.65 s
2025/11/19 09:10:23 AM - __main__ - INFO - 	Finished converting image for hysteresis at D=225 nm and Ms=380 kA/m
2025/11/19 09:10:23 AM - __main__ - INFO - Running simulation for D=225 nm and Msat=400 kA/m
2025/11/19 09:13:06 AM - __main__ - INFO - 	 Simulation time=163.49 s
2025/11/19 09:13:19 AM - __main__ - INFO - 	Finished converting image for hysteresis at D=225 nm and Ms=400 kA/m
2025/11/19 09:13:19 AM - __main__ - INFO - Running simulation for D=225 nm and Msat=420 kA/m
2025/11/19 09:15:38 AM - __main__ - INFO - 	 Simulation time=139.02 s
2025/11/19 09:15:50 AM - __main__ - INFO - 	Finished converting image for hysteresis at D=225 nm and Ms=420 kA/m
2025/11/19 09:15:50 AM - __main__ - INFO - Running simulation for D=225 nm and Msat=440 kA/m
2025/11/19 09:19:15 AM - __main__ - INFO - 	 Simulation time=204.96 s
2025/11/19 09:19:26 AM - __main__ - INFO - 	Finished converting image for hysteresis at D=225 nm and Ms=440 kA/m
2025/11/19 09:19:26 AM - __main__ - INFO - Running simulation for D=300 nm and Msat=260 kA/m
2025/11/19 09:21:12 AM - __main__ - INFO - 	 Simulation time=105.72 s
2025/11/19 09:21:23 AM - __main__ - INFO - 	Finished converting image for hysteresis at D=300 nm and Ms=260 kA/m
2025/11/19 09:21:23 AM - __main__ - INFO - Running simulation for D=300 nm and Msat=280 kA/m
2025/11/19 09:22:58 AM - __main__ - INFO - 	 Simulation time=94.40 s
2025/11/19 09:23:10 AM - __main__ - INFO - 	Finished converting image for hysteresis at D=300 nm and Ms=280 kA/m
2025/11/19 09:23:10 AM - __main__ - INFO - Running simulation for D=300 nm and Msat=300 kA/m
2025/11/19 09:25:13 AM - __main__ - INFO - 	 Simulation time=122.69 s
2025/11/19 09:25:25 AM - __main__ - INFO - 	Finished converting image for hysteresis at D=300 nm and Ms=300 kA/m
2025/11/19 09:25:25 AM - __main__ - INFO - Running simulation for D=300 nm and Msat=320 kA/m
2025/11/19 09:28:49 AM - __main__ - INFO - 	 Simulation time=204.40 s
2025/11/19 09:29:13 AM - __main__ - INFO - 	Finished converting image for hysteresis at D=300 nm and Ms=320 kA/m
2025/11/19 09:29:13 AM - __main__ - INFO - Running simulation for D=300 nm and Msat=340 kA/m
2025/11/19 09:34:08 AM - __main__ - INFO - 	 Simulation time=294.68 s
2025/11/19 09:34:20 AM - __main__ - INFO - 	Finished converting image for hysteresis at D=300 nm and Ms=340 kA/m
2025/11/19 09:34:20 AM - __main__ - INFO - Running simulation for D=300 nm and Msat=360 kA/m
2025/11/19 09:40:43 AM - __main__ - INFO - 	 Simulation time=383.57 s
2025/11/19 09:40:55 AM - __main__ - INFO - 	Finished converting image for hysteresis at D=300 nm and Ms=360 kA/m
2025/11/19 09:40:55 AM - __main__ - INFO - Running simulation for D=300 nm and Msat=380 kA/m
2025/11/19 09:48:18 AM - __main__ - INFO - 	 Simulation time=442.50 s
2025/11/19 09:48:31 AM - __main__ - INFO - 	Finished converting image for hysteresis at D=300 nm and Ms=380 kA/m
2025/11/19 09:48:31 AM - __main__ - INFO - Running simulation for D=300 nm and Msat=400 kA/m
2025/11/19 09:58:10 AM - __main__ - INFO - 	 Simulation time=579.22 s
2025/11/19 09:58:23 AM - __main__ - INFO - 	Finished converting image for hysteresis at D=300 nm and Ms=400 kA/m
2025/11/19 09:58:23 AM - __main__ - INFO - Running simulation for D=300 nm and Msat=420 kA/m
2025/11/19 10:00:07 AM - __main__ - INFO - 	 Simulation time=103.34 s
2025/11/19 10:00:19 AM - __main__ - INFO - 	Finished converting image for hysteresis at D=300 nm and Ms=420 kA/m
2025/11/19 10:00:19 AM - __main__ - INFO - Running simulation for D=300 nm and Msat=440 kA/m
2025/11/19 10:01:00 AM - __main__ - INFO - 	 Simulation time=40.90 s
2025/11/19 10:01:14 AM - __main__ - INFO - 	Finished converting image for hysteresis at D=300 nm and Ms=440 kA/m
2025/11/19 10:01:14 AM - __main__ - INFO - Running simulation for D=375 nm and Msat=260 kA/m
2025/11/19 10:04:44 AM - __main__ - INFO - 	 Simulation time=210.91 s
2025/11/19 10:04:58 AM - __main__ - INFO - 	Finished converting image for hysteresis at D=375 nm and Ms=260 kA/m
2025/11/19 10:04:58 AM - __main__ - INFO - Running simulation for D=375 nm and Msat=280 kA/m
2025/11/19 10:06:48 AM - __main__ - INFO - 	 Simulation time=110.04 s
2025/11/19 10:07:01 AM - __main__ - INFO - 	Finished converting image for hysteresis at D=375 nm and Ms=280 kA/m
2025/11/19 10:07:01 AM - __main__ - INFO - Running simulation for D=375 nm and Msat=300 kA/m
2025/11/19 10:09:31 AM - __main__ - INFO - 	 Simulation time=149.35 s
2025/11/19 10:09:44 AM - __main__ - INFO - 	Finished converting image for hysteresis at D=375 nm and Ms=300 kA/m
2025/11/19 10:09:44 AM - __main__ - INFO - Running simulation for D=375 nm and Msat=320 kA/m
2025/11/19 10:15:35 AM - __main__ - INFO - 	 Simulation time=350.39 s
2025/11/19 10:15:49 AM - __main__ - INFO - 	Finished converting image for hysteresis at D=375 nm and Ms=320 kA/m
2025/11/19 10:15:49 AM - __main__ - INFO - Running simulation for D=375 nm and Msat=340 kA/m
2025/11/19 10:23:19 AM - __main__ - INFO - 	 Simulation time=450.70 s
2025/11/19 10:23:32 AM - __main__ - INFO - 	Finished converting image for hysteresis at D=375 nm and Ms=340 kA/m
2025/11/19 10:23:32 AM - __main__ - INFO - Running simulation for D=375 nm and Msat=360 kA/m
2025/11/19 10:31:02 AM - __main__ - INFO - 	 Simulation time=449.98 s
2025/11/19 10:31:16 AM - __main__ - INFO - 	Finished converting image for hysteresis at D=375 nm and Ms=360 kA/m
2025/11/19 10:31:16 AM - __main__ - INFO - Running simulation for D=375 nm and Msat=380 kA/m
2025/11/19 10:39:20 AM - __main__ - INFO - 	 Simulation time=484.44 s
2025/11/19 10:39:33 AM - __main__ - INFO - 	Finished converting image for hysteresis at D=375 nm and Ms=380 kA/m
2025/11/19 10:39:33 AM - __main__ - INFO - Running simulation for D=375 nm and Msat=400 kA/m
2025/11/19 10:49:25 AM - __main__ - INFO - 	 Simulation time=591.69 s
2025/11/19 10:49:38 AM - __main__ - INFO - 	Finished converting image for hysteresis at D=375 nm and Ms=400 kA/m
2025/11/19 10:49:38 AM - __main__ - INFO - Running simulation for D=375 nm and Msat=420 kA/m
2025/11/19 10:54:33 AM - __main__ - INFO - 	 Simulation time=295.37 s
2025/11/19 10:54:47 AM - __main__ - INFO - 	Finished converting image for hysteresis at D=375 nm and Ms=420 kA/m
2025/11/19 10:54:47 AM - __main__ - INFO - Running simulation for D=375 nm and Msat=440 kA/m
2025/11/19 10:55:58 AM - __main__ - INFO - 	 Simulation time=71.32 s
2025/11/19 10:56:13 AM - __main__ - INFO - 	Finished converting image for hysteresis at D=375 nm and Ms=440 kA/m
2025/11/19 10:56:13 AM - __main__ - INFO - Running simulation for D=450 nm and Msat=260 kA/m
2025/11/19 11:00:22 AM - __main__ - INFO - 	 Simulation time=249.47 s
2025/11/19 11:00:37 AM - __main__ - INFO - 	Finished converting image for hysteresis at D=450 nm and Ms=260 kA/m
2025/11/19 11:00:37 AM - __main__ - INFO - Running simulation for D=450 nm and Msat=280 kA/m
2025/11/19 11:12:36 AM - __main__ - INFO - 	 Simulation time=718.70 s
2025/11/19 11:12:52 AM - __main__ - INFO - 	Finished converting image for hysteresis at D=450 nm and Ms=280 kA/m
2025/11/19 11:12:52 AM - __main__ - INFO - Running simulation for D=450 nm and Msat=300 kA/m
2025/11/19 11:15:37 AM - __main__ - INFO - 	 Simulation time=165.43 s
2025/11/19 11:15:53 AM - __main__ - INFO - 	Finished converting image for hysteresis at D=450 nm and Ms=300 kA/m
2025/11/19 11:15:53 AM - __main__ - INFO - Running simulation for D=450 nm and Msat=320 kA/m
2025/11/19 11:24:54 AM - __main__ - INFO - 	 Simulation time=540.23 s
2025/11/19 11:25:11 AM - __main__ - INFO - 	Finished converting image for hysteresis at D=450 nm and Ms=320 kA/m
2025/11/19 11:25:11 AM - __main__ - INFO - Running simulation for D=450 nm and Msat=340 kA/m
2025/11/19 11:33:50 AM - __main__ - INFO - 	 Simulation time=519.27 s
2025/11/19 11:34:07 AM - __main__ - INFO - 	Finished converting image for hysteresis at D=450 nm and Ms=340 kA/m
2025/11/19 11:34:07 AM - __main__ - INFO - Running simulation for D=450 nm and Msat=360 kA/m
2025/11/19 11:42:25 AM - __main__ - INFO - 	 Simulation time=498.53 s
2025/11/19 11:42:41 AM - __main__ - INFO - 	Finished converting image for hysteresis at D=450 nm and Ms=360 kA/m
2025/11/19 11:42:41 AM - __main__ - INFO - Running simulation for D=450 nm and Msat=380 kA/m
2025/11/19 11:52:07 AM - __main__ - INFO - 	 Simulation time=565.87 s
2025/11/19 11:52:23 AM - __main__ - INFO - 	Finished converting image for hysteresis at D=450 nm and Ms=380 kA/m
2025/11/19 11:52:23 AM - __main__ - INFO - Running simulation for D=450 nm and Msat=400 kA/m
2025/11/19 12:03:18 PM - __main__ - INFO - 	 Simulation time=654.98 s
2025/11/19 12:03:35 PM - __main__ - INFO - 	Finished converting image for hysteresis at D=450 nm and Ms=400 kA/m
2025/11/19 12:03:35 PM - __main__ - INFO - Running simulation for D=450 nm and Msat=420 kA/m
2025/11/19 12:08:34 PM - __main__ - INFO - 	 Simulation time=298.67 s
2025/11/19 12:08:49 PM - __main__ - INFO - 	Finished converting image for hysteresis at D=450 nm and Ms=420 kA/m
2025/11/19 12:08:49 PM - __main__ - INFO - Running simulation for D=450 nm and Msat=440 kA/m
2025/11/19 12:16:38 PM - __main__ - INFO - 	 Simulation time=468.50 s
2025/11/19 12:16:55 PM - __main__ - INFO - 	Finished converting image for hysteresis at D=450 nm and Ms=440 kA/m
2025/11/19 12:16:55 PM - __main__ - INFO - Running simulation for D=525 nm and Msat=260 kA/m
2025/11/19 12:20:10 PM - __main__ - INFO - 	 Simulation time=195.22 s
2025/11/19 12:20:27 PM - __main__ - INFO - 	Finished converting image for hysteresis at D=525 nm and Ms=260 kA/m
2025/11/19 12:20:27 PM - __main__ - INFO - Running simulation for D=525 nm and Msat=280 kA/m
2025/11/19 12:24:42 PM - __main__ - INFO - 	 Simulation time=255.60 s
2025/11/19 12:24:59 PM - __main__ - INFO - 	Finished converting image for hysteresis at D=525 nm and Ms=280 kA/m
2025/11/19 12:24:59 PM - __main__ - INFO - Running simulation for D=525 nm and Msat=300 kA/m
2025/11/19 12:28:08 PM - __main__ - INFO - 	 Simulation time=188.71 s
2025/11/19 12:28:24 PM - __main__ - INFO - 	Finished converting image for hysteresis at D=525 nm and Ms=300 kA/m
2025/11/19 12:28:24 PM - __main__ - INFO - Running simulation for D=525 nm and Msat=320 kA/m
2025/11/19 12:37:46 PM - __main__ - INFO - 	 Simulation time=562.38 s
2025/11/19 12:38:03 PM - __main__ - INFO - 	Finished converting image for hysteresis at D=525 nm and Ms=320 kA/m
2025/11/19 12:38:03 PM - __main__ - INFO - Running simulation for D=525 nm and Msat=340 kA/m
2025/11/19 12:49:48 PM - __main__ - INFO - 	 Simulation time=704.95 s
2025/11/19 12:50:05 PM - __main__ - INFO - 	Finished converting image for hysteresis at D=525 nm and Ms=340 kA/m
2025/11/19 12:50:05 PM - __main__ - INFO - Running simulation for D=525 nm and Msat=360 kA/m
2025/11/19 13:05:18 PM - __main__ - INFO - 	 Simulation time=912.90 s
2025/11/19 13:05:35 PM - __main__ - INFO - 	Finished converting image for hysteresis at D=525 nm and Ms=360 kA/m
2025/11/19 13:05:35 PM - __main__ - INFO - Running simulation for D=525 nm and Msat=380 kA/m
2025/11/19 13:17:10 PM - __main__ - INFO - 	 Simulation time=694.72 s
2025/11/19 13:17:26 PM - __main__ - INFO - 	Finished converting image for hysteresis at D=525 nm and Ms=380 kA/m
2025/11/19 13:17:26 PM - __main__ - INFO - Running simulation for D=525 nm and Msat=400 kA/m
2025/11/19 13:29:26 PM - __main__ - INFO - 	 Simulation time=719.52 s
2025/11/19 13:29:43 PM - __main__ - INFO - 	Finished converting image for hysteresis at D=525 nm and Ms=400 kA/m
2025/11/19 13:29:43 PM - __main__ - INFO - Running simulation for D=525 nm and Msat=420 kA/m
2025/11/19 13:43:43 PM - __main__ - INFO - 	 Simulation time=839.75 s
2025/11/19 13:43:59 PM - __main__ - INFO - 	Finished converting image for hysteresis at D=525 nm and Ms=420 kA/m
2025/11/19 13:43:59 PM - __main__ - INFO - Running simulation for D=525 nm and Msat=440 kA/m
2025/11/19 13:52:30 PM - __main__ - INFO - 	 Simulation time=511.54 s
2025/11/19 13:52:47 PM - __main__ - INFO - 	Finished converting image for hysteresis at D=525 nm and Ms=440 kA/m
2025/11/19 13:52:47 PM - __main__ - INFO - Running simulation for D=600 nm and Msat=260 kA/m
2025/11/19 13:59:07 PM - __main__ - INFO - 	 Simulation time=379.55 s
2025/11/19 13:59:25 PM - __main__ - INFO - 	Finished converting image for hysteresis at D=600 nm and Ms=260 kA/m
2025/11/19 13:59:25 PM - __main__ - INFO - Running simulation for D=600 nm and Msat=280 kA/m
2025/11/19 14:10:10 PM - __main__ - INFO - 	 Simulation time=644.60 s
2025/11/19 14:10:27 PM - __main__ - INFO - 	Finished converting image for hysteresis at D=600 nm and Ms=280 kA/m
2025/11/19 14:10:27 PM - __main__ - INFO - Running simulation for D=600 nm and Msat=300 kA/m
2025/11/19 14:15:09 PM - __main__ - INFO - 	 Simulation time=281.52 s
2025/11/19 14:15:25 PM - __main__ - INFO - 	Finished converting image for hysteresis at D=600 nm and Ms=300 kA/m
2025/11/19 14:15:25 PM - __main__ - INFO - Running simulation for D=600 nm and Msat=320 kA/m
2025/11/19 14:28:20 PM - __main__ - INFO - 	 Simulation time=775.03 s
2025/11/19 14:28:38 PM - __main__ - INFO - 	Finished converting image for hysteresis at D=600 nm and Ms=320 kA/m
2025/11/19 14:28:38 PM - __main__ - INFO - Running simulation for D=600 nm and Msat=340 kA/m
2025/11/19 14:44:07 PM - __main__ - INFO - 	 Simulation time=929.02 s
2025/11/19 14:44:26 PM - __main__ - INFO - 	Finished converting image for hysteresis at D=600 nm and Ms=340 kA/m
2025/11/19 14:44:26 PM - __main__ - INFO - Running simulation for D=600 nm and Msat=360 kA/m
2025/11/19 14:48:44 PM - __main__ - INFO - 	 Simulation time=258.69 s
2025/11/19 14:49:03 PM - __main__ - INFO - 	Finished converting image for hysteresis at D=600 nm and Ms=360 kA/m
2025/11/19 14:49:03 PM - __main__ - INFO - Running simulation for D=600 nm and Msat=380 kA/m
2025/11/19 15:01:35 PM - __main__ - INFO - 	 Simulation time=752.02 s
2025/11/19 15:01:53 PM - __main__ - INFO - 	Finished converting image for hysteresis at D=600 nm and Ms=380 kA/m
2025/11/19 15:01:53 PM - __main__ - INFO - Running simulation for D=600 nm and Msat=400 kA/m
2025/11/19 15:15:39 PM - __main__ - INFO - 	 Simulation time=825.83 s
2025/11/19 15:15:55 PM - __main__ - INFO - 	Finished converting image for hysteresis at D=600 nm and Ms=400 kA/m
2025/11/19 15:15:55 PM - __main__ - INFO - Running simulation for D=600 nm and Msat=420 kA/m
2025/11/19 15:29:31 PM - __main__ - INFO - 	 Simulation time=815.66 s
2025/11/19 15:29:46 PM - __main__ - INFO - 	Finished converting image for hysteresis at D=600 nm and Ms=420 kA/m
2025/11/19 15:29:46 PM - __main__ - INFO - Running simulation for D=600 nm and Msat=440 kA/m
2025/11/19 15:39:10 PM - __main__ - INFO - 	 Simulation time=563.11 s
2025/11/19 15:39:26 PM - __main__ - INFO - 	Finished converting image for hysteresis at D=600 nm and Ms=440 kA/m
2025/11/19 15:39:26 PM - __main__ - INFO - Running simulation for D=675 nm and Msat=260 kA/m
2025/11/19 15:49:51 PM - __main__ - INFO - 	 Simulation time=624.68 s
2025/11/19 15:50:11 PM - __main__ - INFO - 	Finished converting image for hysteresis at D=675 nm and Ms=260 kA/m
2025/11/19 15:50:11 PM - __main__ - INFO - Running simulation for D=675 nm and Msat=280 kA/m
2025/11/19 16:13:24 PM - __main__ - INFO - 	 Simulation time=1392.19 s
2025/11/19 16:13:46 PM - __main__ - INFO - 	Finished converting image for hysteresis at D=675 nm and Ms=280 kA/m
2025/11/19 16:13:46 PM - __main__ - INFO - Running simulation for D=675 nm and Msat=300 kA/m
2025/11/19 16:19:31 PM - __main__ - INFO - 	 Simulation time=344.45 s
2025/11/19 16:19:49 PM - __main__ - INFO - 	Finished converting image for hysteresis at D=675 nm and Ms=300 kA/m
2025/11/19 16:19:49 PM - __main__ - INFO - Running simulation for D=675 nm and Msat=320 kA/m
2025/11/19 16:34:38 PM - __main__ - INFO - 	 Simulation time=889.09 s
2025/11/19 16:34:57 PM - __main__ - INFO - 	Finished converting image for hysteresis at D=675 nm and Ms=320 kA/m
2025/11/19 16:34:57 PM - __main__ - INFO - Running simulation for D=675 nm and Msat=340 kA/m
2025/11/19 16:46:01 PM - __main__ - INFO - 	 Simulation time=664.35 s
2025/11/19 16:46:22 PM - __main__ - INFO - 	Finished converting image for hysteresis at D=675 nm and Ms=340 kA/m
2025/11/19 16:46:22 PM - __main__ - INFO - Running simulation for D=675 nm and Msat=360 kA/m
2025/11/19 16:51:13 PM - __main__ - INFO - 	 Simulation time=291.68 s
2025/11/19 16:51:33 PM - __main__ - INFO - 	Finished converting image for hysteresis at D=675 nm and Ms=360 kA/m
2025/11/19 16:51:33 PM - __main__ - INFO - Running simulation for D=675 nm and Msat=380 kA/m
2025/11/19 17:05:09 PM - __main__ - INFO - 	 Simulation time=815.93 s
2025/11/19 17:05:29 PM - __main__ - INFO - 	Finished converting image for hysteresis at D=675 nm and Ms=380 kA/m
2025/11/19 17:05:29 PM - __main__ - INFO - Running simulation for D=675 nm and Msat=400 kA/m
2025/11/19 17:18:37 PM - __main__ - INFO - 	 Simulation time=788.32 s
2025/11/19 17:18:57 PM - __main__ - INFO - 	Finished converting image for hysteresis at D=675 nm and Ms=400 kA/m
2025/11/19 17:18:57 PM - __main__ - INFO - Running simulation for D=675 nm and Msat=420 kA/m
2025/11/19 17:32:24 PM - __main__ - INFO - 	 Simulation time=807.42 s
2025/11/19 17:32:42 PM - __main__ - INFO - 	Finished converting image for hysteresis at D=675 nm and Ms=420 kA/m
2025/11/19 17:32:42 PM - __main__ - INFO - Running simulation for D=675 nm and Msat=440 kA/m
2025/11/19 17:44:48 PM - __main__ - INFO - 	 Simulation time=725.41 s
2025/11/19 17:45:06 PM - __main__ - INFO - 	Finished converting image for hysteresis at D=675 nm and Ms=440 kA/m
2025/11/19 17:45:06 PM - __main__ - INFO - Running simulation for D=750 nm and Msat=260 kA/m
2025/11/19 17:58:06 PM - __main__ - INFO - 	 Simulation time=780.34 s
2025/11/19 17:58:27 PM - __main__ - INFO - 	Finished converting image for hysteresis at D=750 nm and Ms=260 kA/m
2025/11/19 17:58:27 PM - __main__ - INFO - Running simulation for D=750 nm and Msat=280 kA/m
2025/11/19 18:17:07 PM - __main__ - INFO - 	 Simulation time=1120.88 s
2025/11/19 18:17:26 PM - __main__ - INFO - 	Finished converting image for hysteresis at D=750 nm and Ms=280 kA/m
2025/11/19 18:17:26 PM - __main__ - INFO - Running simulation for D=750 nm and Msat=300 kA/m
2025/11/19 18:25:43 PM - __main__ - INFO - 	 Simulation time=496.26 s
2025/11/19 18:26:02 PM - __main__ - INFO - 	Finished converting image for hysteresis at D=750 nm and Ms=300 kA/m
2025/11/19 18:26:02 PM - __main__ - INFO - Running simulation for D=750 nm and Msat=320 kA/m
2025/11/19 18:48:48 PM - __main__ - INFO - 	 Simulation time=1365.69 s
2025/11/19 18:49:09 PM - __main__ - INFO - 	Finished converting image for hysteresis at D=750 nm and Ms=320 kA/m
2025/11/19 18:49:09 PM - __main__ - INFO - Running simulation for D=750 nm and Msat=340 kA/m
2025/11/19 19:03:07 PM - __main__ - INFO - 	 Simulation time=838.51 s
2025/11/19 19:03:26 PM - __main__ - INFO - 	Finished converting image for hysteresis at D=750 nm and Ms=340 kA/m
2025/11/19 19:03:26 PM - __main__ - INFO - Running simulation for D=750 nm and Msat=360 kA/m
2025/11/19 19:10:51 PM - __main__ - INFO - 	 Simulation time=444.69 s
2025/11/19 19:11:11 PM - __main__ - INFO - 	Finished converting image for hysteresis at D=750 nm and Ms=360 kA/m
2025/11/19 19:11:11 PM - __main__ - INFO - Running simulation for D=750 nm and Msat=380 kA/m
2025/11/19 19:27:54 PM - __main__ - INFO - 	 Simulation time=1003.29 s
2025/11/19 19:28:14 PM - __main__ - INFO - 	Finished converting image for hysteresis at D=750 nm and Ms=380 kA/m
2025/11/19 19:28:14 PM - __main__ - INFO - Running simulation for D=750 nm and Msat=400 kA/m
2025/11/19 19:46:20 PM - __main__ - INFO - 	 Simulation time=1085.62 s
2025/11/19 19:46:39 PM - __main__ - INFO - 	Finished converting image for hysteresis at D=750 nm and Ms=400 kA/m
2025/11/19 19:46:39 PM - __main__ - INFO - Running simulation for D=750 nm and Msat=420 kA/m
2025/11/19 20:08:09 PM - __main__ - INFO - 	 Simulation time=1289.39 s
2025/11/19 20:08:28 PM - __main__ - INFO - 	Finished converting image for hysteresis at D=750 nm and Ms=420 kA/m
2025/11/19 20:08:28 PM - __main__ - INFO - Running simulation for D=750 nm and Msat=440 kA/m
2025/11/19 20:22:12 PM - __main__ - INFO - 	 Simulation time=824.74 s
2025/11/19 20:22:32 PM - __main__ - INFO - 	Finished converting image for hysteresis at D=750 nm and Ms=440 kA/m
2025/11/19 20:22:32 PM - __main__ - INFO - ---FOR Ku = 0.06 MJ/m3---
2025/11/19 20:22:32 PM - __main__ - INFO - Running simulation for D=150 nm and Msat=260 kA/m
2025/11/19 20:23:10 PM - __main__ - INFO - 	 Simulation time=38.21 s
2025/11/19 20:23:22 PM - __main__ - INFO - 	Finished converting image for hysteresis at D=150 nm and Ms=260 kA/m
2025/11/19 20:23:22 PM - __main__ - INFO - Running simulation for D=150 nm and Msat=280 kA/m
2025/11/19 20:24:41 PM - __main__ - INFO - 	 Simulation time=79.07 s
2025/11/19 20:24:53 PM - __main__ - INFO - 	Finished converting image for hysteresis at D=150 nm and Ms=280 kA/m
2025/11/19 20:24:53 PM - __main__ - INFO - Running simulation for D=150 nm and Msat=300 kA/m
2025/11/19 20:25:53 PM - __main__ - INFO - 	 Simulation time=60.77 s
2025/11/19 20:26:05 PM - __main__ - INFO - 	Finished converting image for hysteresis at D=150 nm and Ms=300 kA/m
2025/11/19 20:26:05 PM - __main__ - INFO - Running simulation for D=150 nm and Msat=320 kA/m
2025/11/19 20:26:54 PM - __main__ - INFO - 	 Simulation time=49.12 s
2025/11/19 20:27:05 PM - __main__ - INFO - 	Finished converting image for hysteresis at D=150 nm and Ms=320 kA/m
2025/11/19 20:27:05 PM - __main__ - INFO - Running simulation for D=150 nm and Msat=340 kA/m
2025/11/19 20:27:37 PM - __main__ - INFO - 	 Simulation time=32.27 s
2025/11/19 20:27:48 PM - __main__ - INFO - 	Finished converting image for hysteresis at D=150 nm and Ms=340 kA/m
2025/11/19 20:27:48 PM - __main__ - INFO - Running simulation for D=150 nm and Msat=360 kA/m
2025/11/19 20:28:26 PM - __main__ - INFO - 	 Simulation time=38.09 s
2025/11/19 20:28:37 PM - __main__ - INFO - 	Finished converting image for hysteresis at D=150 nm and Ms=360 kA/m
2025/11/19 20:28:37 PM - __main__ - INFO - Running simulation for D=150 nm and Msat=380 kA/m
2025/11/19 20:29:05 PM - __main__ - INFO - 	 Simulation time=28.29 s
2025/11/19 20:29:17 PM - __main__ - INFO - 	Finished converting image for hysteresis at D=150 nm and Ms=380 kA/m
2025/11/19 20:29:17 PM - __main__ - INFO - Running simulation for D=150 nm and Msat=400 kA/m
2025/11/19 20:29:50 PM - __main__ - INFO - 	 Simulation time=32.77 s
2025/11/19 20:30:01 PM - __main__ - INFO - 	Finished converting image for hysteresis at D=150 nm and Ms=400 kA/m
2025/11/19 20:30:01 PM - __main__ - INFO - Running simulation for D=150 nm and Msat=420 kA/m
2025/11/19 20:30:47 PM - __main__ - INFO - 	 Simulation time=46.64 s
2025/11/19 20:30:59 PM - __main__ - INFO - 	Finished converting image for hysteresis at D=150 nm and Ms=420 kA/m
2025/11/19 20:30:59 PM - __main__ - INFO - Running simulation for D=150 nm and Msat=440 kA/m
2025/11/19 20:31:39 PM - __main__ - INFO - 	 Simulation time=40.73 s
2025/11/19 20:31:51 PM - __main__ - INFO - 	Finished converting image for hysteresis at D=150 nm and Ms=440 kA/m
2025/11/19 20:31:51 PM - __main__ - INFO - Running simulation for D=225 nm and Msat=260 kA/m
2025/11/19 20:32:43 PM - __main__ - INFO - 	 Simulation time=52.04 s
2025/11/19 20:32:56 PM - __main__ - INFO - 	Finished converting image for hysteresis at D=225 nm and Ms=260 kA/m
2025/11/19 20:32:56 PM - __main__ - INFO - Running simulation for D=225 nm and Msat=280 kA/m
2025/11/19 20:34:12 PM - __main__ - INFO - 	 Simulation time=76.19 s
2025/11/19 20:34:23 PM - __main__ - INFO - 	Finished converting image for hysteresis at D=225 nm and Ms=280 kA/m
2025/11/19 20:34:23 PM - __main__ - INFO - Running simulation for D=225 nm and Msat=300 kA/m
2025/11/19 20:38:55 PM - __main__ - INFO - 	 Simulation time=271.73 s
2025/11/19 20:39:07 PM - __main__ - INFO - 	Finished converting image for hysteresis at D=225 nm and Ms=300 kA/m
2025/11/19 20:39:07 PM - __main__ - INFO - Running simulation for D=225 nm and Msat=320 kA/m
2025/11/19 20:40:20 PM - __main__ - INFO - 	 Simulation time=73.15 s
2025/11/19 20:40:32 PM - __main__ - INFO - 	Finished converting image for hysteresis at D=225 nm and Ms=320 kA/m
2025/11/19 20:40:32 PM - __main__ - INFO - Running simulation for D=225 nm and Msat=340 kA/m
2025/11/19 20:42:13 PM - __main__ - INFO - 	 Simulation time=100.97 s
2025/11/19 20:42:24 PM - __main__ - INFO - 	Finished converting image for hysteresis at D=225 nm and Ms=340 kA/m
2025/11/19 20:42:24 PM - __main__ - INFO - Running simulation for D=225 nm and Msat=360 kA/m
2025/11/19 20:43:33 PM - __main__ - INFO - 	 Simulation time=68.44 s
2025/11/19 20:43:45 PM - __main__ - INFO - 	Finished converting image for hysteresis at D=225 nm and Ms=360 kA/m
2025/11/19 20:43:45 PM - __main__ - INFO - Running simulation for D=225 nm and Msat=380 kA/m
2025/11/19 20:45:12 PM - __main__ - INFO - 	 Simulation time=86.72 s
2025/11/19 20:45:24 PM - __main__ - INFO - 	Finished converting image for hysteresis at D=225 nm and Ms=380 kA/m
2025/11/19 20:45:24 PM - __main__ - INFO - Running simulation for D=225 nm and Msat=400 kA/m
2025/11/19 20:48:35 PM - __main__ - INFO - 	 Simulation time=191.20 s
2025/11/19 20:48:47 PM - __main__ - INFO - 	Finished converting image for hysteresis at D=225 nm and Ms=400 kA/m
2025/11/19 20:48:47 PM - __main__ - INFO - Running simulation for D=225 nm and Msat=420 kA/m
2025/11/19 20:53:53 PM - __main__ - INFO - 	 Simulation time=306.41 s
2025/11/19 20:54:05 PM - __main__ - INFO - 	Finished converting image for hysteresis at D=225 nm and Ms=420 kA/m
2025/11/19 20:54:05 PM - __main__ - INFO - Running simulation for D=225 nm and Msat=440 kA/m
2025/11/19 20:58:51 PM - __main__ - INFO - 	 Simulation time=285.40 s
2025/11/19 20:59:03 PM - __main__ - INFO - 	Finished converting image for hysteresis at D=225 nm and Ms=440 kA/m
2025/11/19 20:59:03 PM - __main__ - INFO - Running simulation for D=300 nm and Msat=260 kA/m
2025/11/19 21:00:31 PM - __main__ - INFO - 	 Simulation time=88.48 s
2025/11/19 21:00:42 PM - __main__ - INFO - 	Finished converting image for hysteresis at D=300 nm and Ms=260 kA/m
2025/11/19 21:00:42 PM - __main__ - INFO - Running simulation for D=300 nm and Msat=280 kA/m
2025/11/19 21:02:08 PM - __main__ - INFO - 	 Simulation time=85.28 s
2025/11/19 21:02:20 PM - __main__ - INFO - 	Finished converting image for hysteresis at D=300 nm and Ms=280 kA/m
2025/11/19 21:02:20 PM - __main__ - INFO - Running simulation for D=300 nm and Msat=300 kA/m
2025/11/19 21:05:01 PM - __main__ - INFO - 	 Simulation time=161.24 s
2025/11/19 21:05:14 PM - __main__ - INFO - 	Finished converting image for hysteresis at D=300 nm and Ms=300 kA/m
2025/11/19 21:05:14 PM - __main__ - INFO - Running simulation for D=300 nm and Msat=320 kA/m
2025/11/19 21:08:33 PM - __main__ - INFO - 	 Simulation time=198.71 s
2025/11/19 21:08:46 PM - __main__ - INFO - 	Finished converting image for hysteresis at D=300 nm and Ms=320 kA/m
2025/11/19 21:08:46 PM - __main__ - INFO - Running simulation for D=300 nm and Msat=340 kA/m
2025/11/19 21:11:20 PM - __main__ - INFO - 	 Simulation time=153.78 s
2025/11/19 21:11:31 PM - __main__ - INFO - 	Finished converting image for hysteresis at D=300 nm and Ms=340 kA/m
2025/11/19 21:11:31 PM - __main__ - INFO - Running simulation for D=300 nm and Msat=360 kA/m
2025/11/19 21:16:13 PM - __main__ - INFO - 	 Simulation time=281.81 s
2025/11/19 21:16:25 PM - __main__ - INFO - 	Finished converting image for hysteresis at D=300 nm and Ms=360 kA/m
2025/11/19 21:16:25 PM - __main__ - INFO - Running simulation for D=300 nm and Msat=380 kA/m
2025/11/19 21:20:37 PM - __main__ - INFO - 	 Simulation time=252.72 s
2025/11/19 21:20:50 PM - __main__ - INFO - 	Finished converting image for hysteresis at D=300 nm and Ms=380 kA/m
2025/11/19 21:20:50 PM - __main__ - INFO - Running simulation for D=300 nm and Msat=400 kA/m
2025/11/19 21:29:34 PM - __main__ - INFO - 	 Simulation time=524.43 s
2025/11/19 21:29:47 PM - __main__ - INFO - 	Finished converting image for hysteresis at D=300 nm and Ms=400 kA/m
2025/11/19 21:29:47 PM - __main__ - INFO - Running simulation for D=300 nm and Msat=420 kA/m
2025/11/19 21:36:38 PM - __main__ - INFO - 	 Simulation time=411.49 s
2025/11/19 21:36:50 PM - __main__ - INFO - 	Finished converting image for hysteresis at D=300 nm and Ms=420 kA/m
2025/11/19 21:36:50 PM - __main__ - INFO - Running simulation for D=300 nm and Msat=440 kA/m
2025/11/19 21:39:48 PM - __main__ - INFO - 	 Simulation time=178.46 s
2025/11/19 21:40:00 PM - __main__ - INFO - 	Finished converting image for hysteresis at D=300 nm and Ms=440 kA/m
2025/11/19 21:40:00 PM - __main__ - INFO - Running simulation for D=375 nm and Msat=260 kA/m
2025/11/19 21:46:55 PM - __main__ - INFO - 	 Simulation time=415.00 s
2025/11/19 21:47:08 PM - __main__ - INFO - 	Finished converting image for hysteresis at D=375 nm and Ms=260 kA/m
2025/11/19 21:47:08 PM - __main__ - INFO - Running simulation for D=375 nm and Msat=280 kA/m
2025/11/19 21:51:19 PM - __main__ - INFO - 	 Simulation time=251.49 s
2025/11/19 21:51:32 PM - __main__ - INFO - 	Finished converting image for hysteresis at D=375 nm and Ms=280 kA/m
2025/11/19 21:51:32 PM - __main__ - INFO - Running simulation for D=375 nm and Msat=300 kA/m
2025/11/19 21:53:50 PM - __main__ - INFO - 	 Simulation time=138.01 s
2025/11/19 21:54:03 PM - __main__ - INFO - 	Finished converting image for hysteresis at D=375 nm and Ms=300 kA/m
2025/11/19 21:54:03 PM - __main__ - INFO - Running simulation for D=375 nm and Msat=320 kA/m
2025/11/19 21:57:47 PM - __main__ - INFO - 	 Simulation time=224.29 s
2025/11/19 21:58:00 PM - __main__ - INFO - 	Finished converting image for hysteresis at D=375 nm and Ms=320 kA/m
2025/11/19 21:58:00 PM - __main__ - INFO - Running simulation for D=375 nm and Msat=340 kA/m
2025/11/19 22:00:18 PM - __main__ - INFO - 	 Simulation time=138.18 s
2025/11/19 22:00:31 PM - __main__ - INFO - 	Finished converting image for hysteresis at D=375 nm and Ms=340 kA/m
2025/11/19 22:00:31 PM - __main__ - INFO - Running simulation for D=375 nm and Msat=360 kA/m
2025/11/19 22:05:46 PM - __main__ - INFO - 	 Simulation time=314.38 s
2025/11/19 22:05:59 PM - __main__ - INFO - 	Finished converting image for hysteresis at D=375 nm and Ms=360 kA/m
2025/11/19 22:05:59 PM - __main__ - INFO - Running simulation for D=375 nm and Msat=380 kA/m
2025/11/19 22:12:31 PM - __main__ - INFO - 	 Simulation time=392.10 s
2025/11/19 22:12:43 PM - __main__ - INFO - 	Finished converting image for hysteresis at D=375 nm and Ms=380 kA/m
2025/11/19 22:12:43 PM - __main__ - INFO - Running simulation for D=375 nm and Msat=400 kA/m
2025/11/19 22:20:14 PM - __main__ - INFO - 	 Simulation time=451.02 s
2025/11/19 22:20:27 PM - __main__ - INFO - 	Finished converting image for hysteresis at D=375 nm and Ms=400 kA/m
2025/11/19 22:20:27 PM - __main__ - INFO - Running simulation for D=375 nm and Msat=420 kA/m
2025/11/19 22:28:19 PM - __main__ - INFO - 	 Simulation time=471.96 s
2025/11/19 22:28:31 PM - __main__ - INFO - 	Finished converting image for hysteresis at D=375 nm and Ms=420 kA/m
2025/11/19 22:28:31 PM - __main__ - INFO - Running simulation for D=375 nm and Msat=440 kA/m
2025/11/19 22:41:20 PM - __main__ - INFO - 	 Simulation time=769.00 s
2025/11/19 22:41:33 PM - __main__ - INFO - 	Finished converting image for hysteresis at D=375 nm and Ms=440 kA/m
2025/11/19 22:41:33 PM - __main__ - INFO - Running simulation for D=450 nm and Msat=260 kA/m
2025/11/19 22:44:45 PM - __main__ - INFO - 	 Simulation time=192.38 s
2025/11/19 22:45:01 PM - __main__ - INFO - 	Finished converting image for hysteresis at D=450 nm and Ms=260 kA/m
2025/11/19 22:45:01 PM - __main__ - INFO - Running simulation for D=450 nm and Msat=280 kA/m
2025/11/19 22:48:13 PM - __main__ - INFO - 	 Simulation time=191.93 s
2025/11/19 22:48:29 PM - __main__ - INFO - 	Finished converting image for hysteresis at D=450 nm and Ms=280 kA/m
2025/11/19 22:48:29 PM - __main__ - INFO - Running simulation for D=450 nm and Msat=300 kA/m
2025/11/19 22:53:04 PM - __main__ - INFO - 	 Simulation time=275.56 s
2025/11/19 22:53:21 PM - __main__ - INFO - 	Finished converting image for hysteresis at D=450 nm and Ms=300 kA/m
2025/11/19 22:53:21 PM - __main__ - INFO - Running simulation for D=450 nm and Msat=320 kA/m
2025/11/19 22:57:39 PM - __main__ - INFO - 	 Simulation time=258.13 s
2025/11/19 22:57:54 PM - __main__ - INFO - 	Finished converting image for hysteresis at D=450 nm and Ms=320 kA/m
2025/11/19 22:57:54 PM - __main__ - INFO - Running simulation for D=450 nm and Msat=340 kA/m
2025/11/19 22:59:57 PM - __main__ - INFO - 	 Simulation time=122.99 s
2025/11/19 23:00:14 PM - __main__ - INFO - 	Finished converting image for hysteresis at D=450 nm and Ms=340 kA/m
2025/11/19 23:00:14 PM - __main__ - INFO - Running simulation for D=450 nm and Msat=360 kA/m
2025/11/19 23:07:10 PM - __main__ - INFO - 	 Simulation time=415.92 s
2025/11/19 23:07:25 PM - __main__ - INFO - 	Finished converting image for hysteresis at D=450 nm and Ms=360 kA/m
2025/11/19 23:07:25 PM - __main__ - INFO - Running simulation for D=450 nm and Msat=380 kA/m
2025/11/19 23:16:40 PM - __main__ - INFO - 	 Simulation time=554.84 s
2025/11/19 23:16:56 PM - __main__ - INFO - 	Finished converting image for hysteresis at D=450 nm and Ms=380 kA/m
2025/11/19 23:16:56 PM - __main__ - INFO - Running simulation for D=450 nm and Msat=400 kA/m
2025/11/19 23:28:49 PM - __main__ - INFO - 	 Simulation time=712.97 s
2025/11/19 23:29:04 PM - __main__ - INFO - 	Finished converting image for hysteresis at D=450 nm and Ms=400 kA/m
2025/11/19 23:29:04 PM - __main__ - INFO - Running simulation for D=450 nm and Msat=420 kA/m
2025/11/19 23:46:10 PM - __main__ - INFO - 	 Simulation time=1026.52 s
2025/11/19 23:46:26 PM - __main__ - INFO - 	Finished converting image for hysteresis at D=450 nm and Ms=420 kA/m
2025/11/19 23:46:26 PM - __main__ - INFO - Running simulation for D=450 nm and Msat=440 kA/m
2025/11/19 23:57:42 PM - __main__ - INFO - 	 Simulation time=676.42 s
2025/11/19 23:57:57 PM - __main__ - INFO - 	Finished converting image for hysteresis at D=450 nm and Ms=440 kA/m
2025/11/19 23:57:57 PM - __main__ - INFO - Running simulation for D=525 nm and Msat=260 kA/m
2025/11/20 00:06:02 AM - __main__ - INFO - 	 Simulation time=485.18 s
2025/11/20 00:06:18 AM - __main__ - INFO - 	Finished converting image for hysteresis at D=525 nm and Ms=260 kA/m
2025/11/20 00:06:18 AM - __main__ - INFO - Running simulation for D=525 nm and Msat=280 kA/m
2025/11/20 00:10:41 AM - __main__ - INFO - 	 Simulation time=263.66 s
2025/11/20 00:10:57 AM - __main__ - INFO - 	Finished converting image for hysteresis at D=525 nm and Ms=280 kA/m
2025/11/20 00:10:57 AM - __main__ - INFO - Running simulation for D=525 nm and Msat=300 kA/m
2025/11/20 00:25:45 AM - __main__ - INFO - 	 Simulation time=888.73 s
2025/11/20 00:26:00 AM - __main__ - INFO - 	Finished converting image for hysteresis at D=525 nm and Ms=300 kA/m
2025/11/20 00:26:00 AM - __main__ - INFO - Running simulation for D=525 nm and Msat=320 kA/m
2025/11/20 00:29:49 AM - __main__ - INFO - 	 Simulation time=228.43 s
2025/11/20 00:30:06 AM - __main__ - INFO - 	Finished converting image for hysteresis at D=525 nm and Ms=320 kA/m
2025/11/20 00:30:06 AM - __main__ - INFO - Running simulation for D=525 nm and Msat=340 kA/m
2025/11/20 00:34:49 AM - __main__ - INFO - 	 Simulation time=283.26 s
2025/11/20 00:35:03 AM - __main__ - INFO - 	Finished converting image for hysteresis at D=525 nm and Ms=340 kA/m
2025/11/20 00:35:03 AM - __main__ - INFO - Running simulation for D=525 nm and Msat=360 kA/m
2025/11/20 00:43:38 AM - __main__ - INFO - 	 Simulation time=514.13 s
2025/11/20 00:43:53 AM - __main__ - INFO - 	Finished converting image for hysteresis at D=525 nm and Ms=360 kA/m
2025/11/20 00:43:53 AM - __main__ - INFO - Running simulation for D=525 nm and Msat=380 kA/m
2025/11/20 00:54:36 AM - __main__ - INFO - 	 Simulation time=643.47 s
2025/11/20 00:54:52 AM - __main__ - INFO - 	Finished converting image for hysteresis at D=525 nm and Ms=380 kA/m
2025/11/20 00:54:52 AM - __main__ - INFO - Running simulation for D=525 nm and Msat=400 kA/m
2025/11/20 00:59:16 AM - __main__ - INFO - 	 Simulation time=263.70 s
2025/11/20 00:59:32 AM - __main__ - INFO - 	Finished converting image for hysteresis at D=525 nm and Ms=400 kA/m
2025/11/20 00:59:32 AM - __main__ - INFO - Running simulation for D=525 nm and Msat=420 kA/m
2025/11/20 01:10:20 AM - __main__ - INFO - 	 Simulation time=648.22 s
2025/11/20 01:10:35 AM - __main__ - INFO - 	Finished converting image for hysteresis at D=525 nm and Ms=420 kA/m
2025/11/20 01:10:35 AM - __main__ - INFO - Running simulation for D=525 nm and Msat=440 kA/m
2025/11/20 01:23:30 AM - __main__ - INFO - 	 Simulation time=775.39 s
2025/11/20 01:23:44 AM - __main__ - INFO - 	Finished converting image for hysteresis at D=525 nm and Ms=440 kA/m
2025/11/20 01:23:44 AM - __main__ - INFO - Running simulation for D=600 nm and Msat=260 kA/m
2025/11/20 01:37:11 AM - __main__ - INFO - 	 Simulation time=806.58 s
2025/11/20 01:37:28 AM - __main__ - INFO - 	Finished converting image for hysteresis at D=600 nm and Ms=260 kA/m
2025/11/20 01:37:28 AM - __main__ - INFO - Running simulation for D=600 nm and Msat=280 kA/m
2025/11/20 01:46:26 AM - __main__ - INFO - 	 Simulation time=538.45 s
2025/11/20 01:46:43 AM - __main__ - INFO - 	Finished converting image for hysteresis at D=600 nm and Ms=280 kA/m
2025/11/20 01:46:43 AM - __main__ - INFO - Running simulation for D=600 nm and Msat=300 kA/m
2025/11/20 02:01:10 AM - __main__ - INFO - 	 Simulation time=867.13 s
2025/11/20 02:01:25 AM - __main__ - INFO - 	Finished converting image for hysteresis at D=600 nm and Ms=300 kA/m
2025/11/20 02:01:25 AM - __main__ - INFO - Running simulation for D=600 nm and Msat=320 kA/m
2025/11/20 02:09:42 AM - __main__ - INFO - 	 Simulation time=496.15 s
2025/11/20 02:09:59 AM - __main__ - INFO - 	Finished converting image for hysteresis at D=600 nm and Ms=320 kA/m
2025/11/20 02:09:59 AM - __main__ - INFO - Running simulation for D=600 nm and Msat=340 kA/m
2025/11/20 02:15:32 AM - __main__ - INFO - 	 Simulation time=333.08 s
2025/11/20 02:15:48 AM - __main__ - INFO - 	Finished converting image for hysteresis at D=600 nm and Ms=340 kA/m
2025/11/20 02:15:48 AM - __main__ - INFO - Running simulation for D=600 nm and Msat=360 kA/m
2025/11/20 02:26:59 AM - __main__ - INFO - 	 Simulation time=670.52 s
2025/11/20 02:27:15 AM - __main__ - INFO - 	Finished converting image for hysteresis at D=600 nm and Ms=360 kA/m
2025/11/20 02:27:15 AM - __main__ - INFO - Running simulation for D=600 nm and Msat=380 kA/m
2025/11/20 02:45:19 AM - __main__ - INFO - 	 Simulation time=1084.15 s
2025/11/20 02:45:37 AM - __main__ - INFO - 	Finished converting image for hysteresis at D=600 nm and Ms=380 kA/m
2025/11/20 02:45:37 AM - __main__ - INFO - Running simulation for D=600 nm and Msat=400 kA/m
2025/11/20 02:49:48 AM - __main__ - INFO - 	 Simulation time=250.47 s
2025/11/20 02:50:06 AM - __main__ - INFO - 	Finished converting image for hysteresis at D=600 nm and Ms=400 kA/m
2025/11/20 02:50:06 AM - __main__ - INFO - Running simulation for D=600 nm and Msat=420 kA/m
2025/11/20 03:03:42 AM - __main__ - INFO - 	 Simulation time=815.76 s
2025/11/20 03:03:58 AM - __main__ - INFO - 	Finished converting image for hysteresis at D=600 nm and Ms=420 kA/m
2025/11/20 03:03:58 AM - __main__ - INFO - Running simulation for D=600 nm and Msat=440 kA/m
2025/11/20 03:19:23 AM - __main__ - INFO - 	 Simulation time=924.15 s
2025/11/20 03:19:39 AM - __main__ - INFO - 	Finished converting image for hysteresis at D=600 nm and Ms=440 kA/m
2025/11/20 03:19:39 AM - __main__ - INFO - Running simulation for D=675 nm and Msat=260 kA/m
2025/11/20 03:36:55 AM - __main__ - INFO - 	 Simulation time=1036.62 s
2025/11/20 03:37:13 AM - __main__ - INFO - 	Finished converting image for hysteresis at D=675 nm and Ms=260 kA/m
2025/11/20 03:37:13 AM - __main__ - INFO - Running simulation for D=675 nm and Msat=280 kA/m
2025/11/20 03:43:40 AM - __main__ - INFO - 	 Simulation time=386.62 s
2025/11/20 03:43:58 AM - __main__ - INFO - 	Finished converting image for hysteresis at D=675 nm and Ms=280 kA/m
2025/11/20 03:43:58 AM - __main__ - INFO - Running simulation for D=675 nm and Msat=300 kA/m
2025/11/20 03:58:01 AM - __main__ - INFO - 	 Simulation time=842.83 s
2025/11/20 03:58:20 AM - __main__ - INFO - 	Finished converting image for hysteresis at D=675 nm and Ms=300 kA/m
2025/11/20 03:58:20 AM - __main__ - INFO - Running simulation for D=675 nm and Msat=320 kA/m
2025/11/20 04:07:52 AM - __main__ - INFO - 	 Simulation time=571.37 s
2025/11/20 04:08:11 AM - __main__ - INFO - 	Finished converting image for hysteresis at D=675 nm and Ms=320 kA/m
2025/11/20 04:08:11 AM - __main__ - INFO - Running simulation for D=675 nm and Msat=340 kA/m
2025/11/20 04:16:07 AM - __main__ - INFO - 	 Simulation time=475.53 s
2025/11/20 04:16:26 AM - __main__ - INFO - 	Finished converting image for hysteresis at D=675 nm and Ms=340 kA/m
2025/11/20 04:16:26 AM - __main__ - INFO - Running simulation for D=675 nm and Msat=360 kA/m
2025/11/20 04:31:48 AM - __main__ - INFO - 	 Simulation time=922.57 s
2025/11/20 04:32:06 AM - __main__ - INFO - 	Finished converting image for hysteresis at D=675 nm and Ms=360 kA/m
2025/11/20 04:32:06 AM - __main__ - INFO - Running simulation for D=675 nm and Msat=380 kA/m
2025/11/20 04:53:09 AM - __main__ - INFO - 	 Simulation time=1263.22 s
2025/11/20 04:53:28 AM - __main__ - INFO - 	Finished converting image for hysteresis at D=675 nm and Ms=380 kA/m
2025/11/20 04:53:28 AM - __main__ - INFO - Running simulation for D=675 nm and Msat=400 kA/m
2025/11/20 05:00:28 AM - __main__ - INFO - 	 Simulation time=419.50 s
2025/11/20 05:00:47 AM - __main__ - INFO - 	Finished converting image for hysteresis at D=675 nm and Ms=400 kA/m
2025/11/20 05:00:47 AM - __main__ - INFO - Running simulation for D=675 nm and Msat=420 kA/m
2025/11/20 05:19:42 AM - __main__ - INFO - 	 Simulation time=1134.59 s
2025/11/20 05:20:01 AM - __main__ - INFO - 	Finished converting image for hysteresis at D=675 nm and Ms=420 kA/m
2025/11/20 05:20:01 AM - __main__ - INFO - Running simulation for D=675 nm and Msat=440 kA/m
2025/11/20 05:35:30 AM - __main__ - INFO - 	 Simulation time=929.05 s
2025/11/20 05:35:49 AM - __main__ - INFO - 	Finished converting image for hysteresis at D=675 nm and Ms=440 kA/m
2025/11/20 05:35:49 AM - __main__ - INFO - Running simulation for D=750 nm and Msat=260 kA/m
2025/11/20 05:59:26 AM - __main__ - INFO - 	 Simulation time=1416.77 s
2025/11/20 05:59:45 AM - __main__ - INFO - 	Finished converting image for hysteresis at D=750 nm and Ms=260 kA/m
2025/11/20 05:59:45 AM - __main__ - INFO - Running simulation for D=750 nm and Msat=280 kA/m
2025/11/20 06:28:01 AM - __main__ - INFO - 	 Simulation time=1695.80 s
2025/11/20 06:28:20 AM - __main__ - INFO - 	Finished converting image for hysteresis at D=750 nm and Ms=280 kA/m
2025/11/20 06:28:20 AM - __main__ - INFO - Running simulation for D=750 nm and Msat=300 kA/m
2025/11/20 06:55:42 AM - __main__ - INFO - 	 Simulation time=1642.25 s
2025/11/20 06:56:02 AM - __main__ - INFO - 	Finished converting image for hysteresis at D=750 nm and Ms=300 kA/m
2025/11/20 06:56:02 AM - __main__ - INFO - Running simulation for D=750 nm and Msat=320 kA/m
2025/11/20 07:08:09 AM - __main__ - INFO - 	 Simulation time=726.99 s
2025/11/20 07:08:27 AM - __main__ - INFO - 	Finished converting image for hysteresis at D=750 nm and Ms=320 kA/m
2025/11/20 07:08:27 AM - __main__ - INFO - Running simulation for D=750 nm and Msat=340 kA/m
2025/11/20 07:17:58 AM - __main__ - INFO - 	 Simulation time=571.85 s
2025/11/20 07:18:19 AM - __main__ - INFO - 	Finished converting image for hysteresis at D=750 nm and Ms=340 kA/m
2025/11/20 07:18:19 AM - __main__ - INFO - Running simulation for D=750 nm and Msat=360 kA/m
2025/11/20 07:37:28 AM - __main__ - INFO - 	 Simulation time=1149.30 s
2025/11/20 07:37:46 AM - __main__ - INFO - 	Finished converting image for hysteresis at D=750 nm and Ms=360 kA/m
2025/11/20 07:37:46 AM - __main__ - INFO - Running simulation for D=750 nm and Msat=380 kA/m
2025/11/20 07:53:09 AM - __main__ - INFO - 	 Simulation time=923.56 s
2025/11/20 07:53:29 AM - __main__ - INFO - 	Finished converting image for hysteresis at D=750 nm and Ms=380 kA/m
2025/11/20 07:53:29 AM - __main__ - INFO - Running simulation for D=750 nm and Msat=400 kA/m
2025/11/20 08:03:50 AM - __main__ - INFO - 	 Simulation time=621.92 s
2025/11/20 08:04:10 AM - __main__ - INFO - 	Finished converting image for hysteresis at D=750 nm and Ms=400 kA/m
2025/11/20 08:04:10 AM - __main__ - INFO - Running simulation for D=750 nm and Msat=420 kA/m
2025/11/20 08:22:40 AM - __main__ - INFO - 	 Simulation time=1109.91 s
2025/11/20 08:22:59 AM - __main__ - INFO - 	Finished converting image for hysteresis at D=750 nm and Ms=420 kA/m
2025/11/20 08:22:59 AM - __main__ - INFO - Running simulation for D=750 nm and Msat=440 kA/m
2025/11/20 08:41:35 AM - __main__ - INFO - 	 Simulation time=1115.89 s
2025/11/20 08:41:56 AM - __main__ - INFO - 	Finished converting image for hysteresis at D=750 nm and Ms=440 kA/m
2025/11/20 08:41:56 AM - __main__ - INFO - ---FOR Ku = 0.08 MJ/m3---
2025/11/20 08:41:56 AM - __main__ - INFO - Running simulation for D=150 nm and Msat=260 kA/m
2025/11/20 08:42:20 AM - __main__ - INFO - 	 Simulation time=23.76 s
2025/11/20 08:42:31 AM - __main__ - INFO - 	Finished converting image for hysteresis at D=150 nm and Ms=260 kA/m
2025/11/20 08:42:31 AM - __main__ - INFO - Running simulation for D=150 nm and Msat=280 kA/m
2025/11/20 08:43:09 AM - __main__ - INFO - 	 Simulation time=37.25 s
2025/11/20 08:43:20 AM - __main__ - INFO - 	Finished converting image for hysteresis at D=150 nm and Ms=280 kA/m
2025/11/20 08:43:20 AM - __main__ - INFO - Running simulation for D=150 nm and Msat=300 kA/m
2025/11/20 08:43:41 AM - __main__ - INFO - 	 Simulation time=21.56 s
2025/11/20 08:43:52 AM - __main__ - INFO - 	Finished converting image for hysteresis at D=150 nm and Ms=300 kA/m
2025/11/20 08:43:52 AM - __main__ - INFO - Running simulation for D=150 nm and Msat=320 kA/m
2025/11/20 08:44:34 AM - __main__ - INFO - 	 Simulation time=41.54 s
2025/11/20 08:44:46 AM - __main__ - INFO - 	Finished converting image for hysteresis at D=150 nm and Ms=320 kA/m
2025/11/20 08:44:46 AM - __main__ - INFO - Running simulation for D=150 nm and Msat=340 kA/m
2025/11/20 08:49:35 AM - __main__ - INFO - 	 Simulation time=289.74 s
2025/11/20 08:49:47 AM - __main__ - INFO - 	Finished converting image for hysteresis at D=150 nm and Ms=340 kA/m
2025/11/20 08:49:47 AM - __main__ - INFO - Running simulation for D=150 nm and Msat=360 kA/m
2025/11/20 08:51:44 AM - __main__ - INFO - 	 Simulation time=117.14 s
2025/11/20 08:51:57 AM - __main__ - INFO - 	Finished converting image for hysteresis at D=150 nm and Ms=360 kA/m
2025/11/20 08:51:57 AM - __main__ - INFO - Running simulation for D=150 nm and Msat=380 kA/m
2025/11/20 08:52:28 AM - __main__ - INFO - 	 Simulation time=31.28 s
2025/11/20 08:52:40 AM - __main__ - INFO - 	Finished converting image for hysteresis at D=150 nm and Ms=380 kA/m
2025/11/20 08:52:40 AM - __main__ - INFO - Running simulation for D=150 nm and Msat=400 kA/m
2025/11/20 08:53:10 AM - __main__ - INFO - 	 Simulation time=29.86 s
2025/11/20 08:53:22 AM - __main__ - INFO - 	Finished converting image for hysteresis at D=150 nm and Ms=400 kA/m
2025/11/20 08:53:22 AM - __main__ - INFO - Running simulation for D=150 nm and Msat=420 kA/m
2025/11/20 08:54:13 AM - __main__ - INFO - 	 Simulation time=50.86 s
2025/11/20 08:54:24 AM - __main__ - INFO - 	Finished converting image for hysteresis at D=150 nm and Ms=420 kA/m
2025/11/20 08:54:24 AM - __main__ - INFO - Running simulation for D=150 nm and Msat=440 kA/m
2025/11/20 08:55:20 AM - __main__ - INFO - 	 Simulation time=55.40 s
2025/11/20 08:55:31 AM - __main__ - INFO - 	Finished converting image for hysteresis at D=150 nm and Ms=440 kA/m
2025/11/20 08:55:31 AM - __main__ - INFO - Running simulation for D=225 nm and Msat=260 kA/m
2025/11/20 08:56:07 AM - __main__ - INFO - 	 Simulation time=35.51 s
2025/11/20 08:56:19 AM - __main__ - INFO - 	Finished converting image for hysteresis at D=225 nm and Ms=260 kA/m
2025/11/20 08:56:19 AM - __main__ - INFO - Running simulation for D=225 nm and Msat=280 kA/m
2025/11/20 08:56:49 AM - __main__ - INFO - 	 Simulation time=30.19 s
2025/11/20 08:57:01 AM - __main__ - INFO - 	Finished converting image for hysteresis at D=225 nm and Ms=280 kA/m
2025/11/20 08:57:01 AM - __main__ - INFO - Running simulation for D=225 nm and Msat=300 kA/m
2025/11/20 08:57:44 AM - __main__ - INFO - 	 Simulation time=43.73 s
2025/11/20 08:57:56 AM - __main__ - INFO - 	Finished converting image for hysteresis at D=225 nm and Ms=300 kA/m
2025/11/20 08:57:57 AM - __main__ - INFO - Running simulation for D=225 nm and Msat=320 kA/m
2025/11/20 08:58:49 AM - __main__ - INFO - 	 Simulation time=52.05 s
2025/11/20 08:59:02 AM - __main__ - INFO - 	Finished converting image for hysteresis at D=225 nm and Ms=320 kA/m
2025/11/20 08:59:02 AM - __main__ - INFO - Running simulation for D=225 nm and Msat=340 kA/m
2025/11/20 09:00:23 AM - __main__ - INFO - 	 Simulation time=81.27 s
2025/11/20 09:00:36 AM - __main__ - INFO - 	Finished converting image for hysteresis at D=225 nm and Ms=340 kA/m
2025/11/20 09:00:36 AM - __main__ - INFO - Running simulation for D=225 nm and Msat=360 kA/m
2025/11/20 09:03:20 AM - __main__ - INFO - 	 Simulation time=163.68 s
2025/11/20 09:03:32 AM - __main__ - INFO - 	Finished converting image for hysteresis at D=225 nm and Ms=360 kA/m
2025/11/20 09:03:32 AM - __main__ - INFO - Running simulation for D=225 nm and Msat=380 kA/m
2025/11/20 09:05:44 AM - __main__ - INFO - 	 Simulation time=132.59 s
2025/11/20 09:05:56 AM - __main__ - INFO - 	Finished converting image for hysteresis at D=225 nm and Ms=380 kA/m
2025/11/20 09:05:56 AM - __main__ - INFO - Running simulation for D=225 nm and Msat=400 kA/m
2025/11/20 09:07:22 AM - __main__ - INFO - 	 Simulation time=85.89 s
2025/11/20 09:07:33 AM - __main__ - INFO - 	Finished converting image for hysteresis at D=225 nm and Ms=400 kA/m
2025/11/20 09:07:33 AM - __main__ - INFO - Running simulation for D=225 nm and Msat=420 kA/m
2025/11/20 09:09:15 AM - __main__ - INFO - 	 Simulation time=101.52 s
2025/11/20 09:09:27 AM - __main__ - INFO - 	Finished converting image for hysteresis at D=225 nm and Ms=420 kA/m
2025/11/20 09:09:27 AM - __main__ - INFO - Running simulation for D=225 nm and Msat=440 kA/m
2025/11/20 09:12:40 AM - __main__ - INFO - 	 Simulation time=193.37 s
2025/11/20 09:12:53 AM - __main__ - INFO - 	Finished converting image for hysteresis at D=225 nm and Ms=440 kA/m
2025/11/20 09:12:53 AM - __main__ - INFO - Running simulation for D=300 nm and Msat=260 kA/m
2025/11/20 09:13:25 AM - __main__ - INFO - 	 Simulation time=31.93 s
2025/11/20 09:13:36 AM - __main__ - INFO - 	Finished converting image for hysteresis at D=300 nm and Ms=260 kA/m
2025/11/20 09:13:36 AM - __main__ - INFO - Running simulation for D=300 nm and Msat=280 kA/m
2025/11/20 09:14:26 AM - __main__ - INFO - 	 Simulation time=49.37 s
2025/11/20 09:14:38 AM - __main__ - INFO - 	Finished converting image for hysteresis at D=300 nm and Ms=280 kA/m
2025/11/20 09:14:38 AM - __main__ - INFO - Running simulation for D=300 nm and Msat=300 kA/m
2025/11/20 09:15:38 AM - __main__ - INFO - 	 Simulation time=59.49 s
2025/11/20 09:15:50 AM - __main__ - INFO - 	Finished converting image for hysteresis at D=300 nm and Ms=300 kA/m
2025/11/20 09:15:50 AM - __main__ - INFO - Running simulation for D=300 nm and Msat=320 kA/m
2025/11/20 09:17:58 AM - __main__ - INFO - 	 Simulation time=127.59 s
2025/11/20 09:18:10 AM - __main__ - INFO - 	Finished converting image for hysteresis at D=300 nm and Ms=320 kA/m
2025/11/20 09:18:10 AM - __main__ - INFO - Running simulation for D=300 nm and Msat=340 kA/m
2025/11/20 09:19:43 AM - __main__ - INFO - 	 Simulation time=92.89 s
2025/11/20 09:19:55 AM - __main__ - INFO - 	Finished converting image for hysteresis at D=300 nm and Ms=340 kA/m
2025/11/20 09:19:55 AM - __main__ - INFO - Running simulation for D=300 nm and Msat=360 kA/m
2025/11/20 09:26:29 AM - __main__ - INFO - 	 Simulation time=393.01 s
2025/11/20 09:26:41 AM - __main__ - INFO - 	Finished converting image for hysteresis at D=300 nm and Ms=360 kA/m
2025/11/20 09:26:41 AM - __main__ - INFO - Running simulation for D=300 nm and Msat=380 kA/m
2025/11/20 09:28:18 AM - __main__ - INFO - 	 Simulation time=96.60 s
2025/11/20 09:28:30 AM - __main__ - INFO - 	Finished converting image for hysteresis at D=300 nm and Ms=380 kA/m
2025/11/20 09:28:30 AM - __main__ - INFO - Running simulation for D=300 nm and Msat=400 kA/m
2025/11/20 09:33:52 AM - __main__ - INFO - 	 Simulation time=322.00 s
2025/11/20 09:34:05 AM - __main__ - INFO - 	Finished converting image for hysteresis at D=300 nm and Ms=400 kA/m
2025/11/20 09:34:05 AM - __main__ - INFO - Running simulation for D=300 nm and Msat=420 kA/m
2025/11/20 09:37:49 AM - __main__ - INFO - 	 Simulation time=223.81 s
2025/11/20 09:38:01 AM - __main__ - INFO - 	Finished converting image for hysteresis at D=300 nm and Ms=420 kA/m
2025/11/20 09:38:01 AM - __main__ - INFO - Running simulation for D=300 nm and Msat=440 kA/m
2025/11/20 09:43:28 AM - __main__ - INFO - 	 Simulation time=326.85 s
2025/11/20 09:43:40 AM - __main__ - INFO - 	Finished converting image for hysteresis at D=300 nm and Ms=440 kA/m
2025/11/20 09:43:40 AM - __main__ - INFO - Running simulation for D=375 nm and Msat=260 kA/m
2025/11/20 09:44:21 AM - __main__ - INFO - 	 Simulation time=40.21 s
2025/11/20 09:44:35 AM - __main__ - INFO - 	Finished converting image for hysteresis at D=375 nm and Ms=260 kA/m
2025/11/20 09:44:35 AM - __main__ - INFO - Running simulation for D=375 nm and Msat=280 kA/m
2025/11/20 09:45:33 AM - __main__ - INFO - 	 Simulation time=57.85 s
2025/11/20 09:45:46 AM - __main__ - INFO - 	Finished converting image for hysteresis at D=375 nm and Ms=280 kA/m
2025/11/20 09:45:46 AM - __main__ - INFO - Running simulation for D=375 nm and Msat=300 kA/m
2025/11/20 09:47:15 AM - __main__ - INFO - 	 Simulation time=88.73 s
2025/11/20 09:47:27 AM - __main__ - INFO - 	Finished converting image for hysteresis at D=375 nm and Ms=300 kA/m
2025/11/20 09:47:27 AM - __main__ - INFO - Running simulation for D=375 nm and Msat=320 kA/m
2025/11/20 09:50:27 AM - __main__ - INFO - 	 Simulation time=179.89 s
2025/11/20 09:50:39 AM - __main__ - INFO - 	Finished converting image for hysteresis at D=375 nm and Ms=320 kA/m
2025/11/20 09:50:39 AM - __main__ - INFO - Running simulation for D=375 nm and Msat=340 kA/m
2025/11/20 09:53:02 AM - __main__ - INFO - 	 Simulation time=143.95 s
2025/11/20 09:53:16 AM - __main__ - INFO - 	Finished converting image for hysteresis at D=375 nm and Ms=340 kA/m
2025/11/20 09:53:16 AM - __main__ - INFO - Running simulation for D=375 nm and Msat=360 kA/m
2025/11/20 09:56:16 AM - __main__ - INFO - 	 Simulation time=179.90 s
2025/11/20 09:56:29 AM - __main__ - INFO - 	Finished converting image for hysteresis at D=375 nm and Ms=360 kA/m
2025/11/20 09:56:29 AM - __main__ - INFO - Running simulation for D=375 nm and Msat=380 kA/m
2025/11/20 09:58:59 AM - __main__ - INFO - 	 Simulation time=150.00 s
2025/11/20 09:59:11 AM - __main__ - INFO - 	Finished converting image for hysteresis at D=375 nm and Ms=380 kA/m
2025/11/20 09:59:11 AM - __main__ - INFO - Running simulation for D=375 nm and Msat=400 kA/m
2025/11/20 10:04:10 AM - __main__ - INFO - 	 Simulation time=298.88 s
2025/11/20 10:04:23 AM - __main__ - INFO - 	Finished converting image for hysteresis at D=375 nm and Ms=400 kA/m
2025/11/20 10:04:23 AM - __main__ - INFO - Running simulation for D=375 nm and Msat=420 kA/m
2025/11/20 10:09:54 AM - __main__ - INFO - 	 Simulation time=330.61 s
2025/11/20 10:10:07 AM - __main__ - INFO - 	Finished converting image for hysteresis at D=375 nm and Ms=420 kA/m
2025/11/20 10:10:07 AM - __main__ - INFO - Running simulation for D=375 nm and Msat=440 kA/m
2025/11/20 10:16:59 AM - __main__ - INFO - 	 Simulation time=412.12 s
2025/11/20 10:17:12 AM - __main__ - INFO - 	Finished converting image for hysteresis at D=375 nm and Ms=440 kA/m
2025/11/20 10:17:12 AM - __main__ - INFO - Running simulation for D=450 nm and Msat=260 kA/m
2025/11/20 10:18:49 AM - __main__ - INFO - 	 Simulation time=97.59 s
2025/11/20 10:19:06 AM - __main__ - INFO - 	Finished converting image for hysteresis at D=450 nm and Ms=260 kA/m
2025/11/20 10:19:06 AM - __main__ - INFO - Running simulation for D=450 nm and Msat=280 kA/m
2025/11/20 10:20:11 AM - __main__ - INFO - 	 Simulation time=64.59 s
2025/11/20 10:20:27 AM - __main__ - INFO - 	Finished converting image for hysteresis at D=450 nm and Ms=280 kA/m
2025/11/20 10:20:27 AM - __main__ - INFO - Running simulation for D=450 nm and Msat=300 kA/m
2025/11/20 10:22:03 AM - __main__ - INFO - 	 Simulation time=96.36 s
2025/11/20 10:22:19 AM - __main__ - INFO - 	Finished converting image for hysteresis at D=450 nm and Ms=300 kA/m
2025/11/20 10:22:19 AM - __main__ - INFO - Running simulation for D=450 nm and Msat=320 kA/m
2025/11/20 10:28:00 AM - __main__ - INFO - 	 Simulation time=341.17 s
2025/11/20 10:28:17 AM - __main__ - INFO - 	Finished converting image for hysteresis at D=450 nm and Ms=320 kA/m
2025/11/20 10:28:17 AM - __main__ - INFO - Running simulation for D=450 nm and Msat=340 kA/m
2025/11/20 10:33:18 AM - __main__ - INFO - 	 Simulation time=300.54 s
2025/11/20 10:33:32 AM - __main__ - INFO - 	Finished converting image for hysteresis at D=450 nm and Ms=340 kA/m
2025/11/20 10:33:32 AM - __main__ - INFO - Running simulation for D=450 nm and Msat=360 kA/m
2025/11/20 10:36:40 AM - __main__ - INFO - 	 Simulation time=188.16 s
2025/11/20 10:36:56 AM - __main__ - INFO - 	Finished converting image for hysteresis at D=450 nm and Ms=360 kA/m
2025/11/20 10:36:56 AM - __main__ - INFO - Running simulation for D=450 nm and Msat=380 kA/m
2025/11/20 10:39:24 AM - __main__ - INFO - 	 Simulation time=148.58 s
2025/11/20 10:39:40 AM - __main__ - INFO - 	Finished converting image for hysteresis at D=450 nm and Ms=380 kA/m
2025/11/20 10:39:40 AM - __main__ - INFO - Running simulation for D=450 nm and Msat=400 kA/m
2025/11/20 10:45:46 AM - __main__ - INFO - 	 Simulation time=365.90 s
2025/11/20 10:46:02 AM - __main__ - INFO - 	Finished converting image for hysteresis at D=450 nm and Ms=400 kA/m
2025/11/20 10:46:02 AM - __main__ - INFO - Running simulation for D=450 nm and Msat=420 kA/m
2025/11/20 10:54:32 AM - __main__ - INFO - 	 Simulation time=510.74 s
2025/11/20 10:54:47 AM - __main__ - INFO - 	Finished converting image for hysteresis at D=450 nm and Ms=420 kA/m
2025/11/20 10:54:47 AM - __main__ - INFO - Running simulation for D=450 nm and Msat=440 kA/m
2025/11/20 11:03:16 AM - __main__ - INFO - 	 Simulation time=509.11 s
2025/11/20 11:03:32 AM - __main__ - INFO - 	Finished converting image for hysteresis at D=450 nm and Ms=440 kA/m
2025/11/20 11:03:32 AM - __main__ - INFO - Running simulation for D=525 nm and Msat=260 kA/m
2025/11/20 11:04:17 AM - __main__ - INFO - 	 Simulation time=44.97 s
2025/11/20 11:04:32 AM - __main__ - INFO - 	Finished converting image for hysteresis at D=525 nm and Ms=260 kA/m
2025/11/20 11:04:32 AM - __main__ - INFO - Running simulation for D=525 nm and Msat=280 kA/m
2025/11/20 11:05:45 AM - __main__ - INFO - 	 Simulation time=73.08 s
2025/11/20 11:06:03 AM - __main__ - INFO - 	Finished converting image for hysteresis at D=525 nm and Ms=280 kA/m
2025/11/20 11:06:03 AM - __main__ - INFO - Running simulation for D=525 nm and Msat=300 kA/m
2025/11/20 11:07:29 AM - __main__ - INFO - 	 Simulation time=85.74 s
2025/11/20 11:07:44 AM - __main__ - INFO - 	Finished converting image for hysteresis at D=525 nm and Ms=300 kA/m
2025/11/20 11:07:44 AM - __main__ - INFO - Running simulation for D=525 nm and Msat=320 kA/m
2025/11/20 11:32:27 AM - __main__ - INFO - 	 Simulation time=1483.09 s
2025/11/20 11:32:43 AM - __main__ - INFO - 	Finished converting image for hysteresis at D=525 nm and Ms=320 kA/m
2025/11/20 11:32:43 AM - __main__ - INFO - Running simulation for D=525 nm and Msat=340 kA/m
2025/11/20 11:39:03 AM - __main__ - INFO - 	 Simulation time=380.79 s
2025/11/20 11:39:20 AM - __main__ - INFO - 	Finished converting image for hysteresis at D=525 nm and Ms=340 kA/m
2025/11/20 11:39:20 AM - __main__ - INFO - Running simulation for D=525 nm and Msat=360 kA/m
2025/11/20 11:43:33 AM - __main__ - INFO - 	 Simulation time=252.91 s
2025/11/20 11:43:49 AM - __main__ - INFO - 	Finished converting image for hysteresis at D=525 nm and Ms=360 kA/m
2025/11/20 11:43:49 AM - __main__ - INFO - Running simulation for D=525 nm and Msat=380 kA/m
2025/11/20 11:47:51 AM - __main__ - INFO - 	 Simulation time=242.05 s
2025/11/20 11:48:08 AM - __main__ - INFO - 	Finished converting image for hysteresis at D=525 nm and Ms=380 kA/m
2025/11/20 11:48:08 AM - __main__ - INFO - Running simulation for D=525 nm and Msat=400 kA/m
2025/11/20 11:56:29 AM - __main__ - INFO - 	 Simulation time=500.68 s
2025/11/20 11:56:44 AM - __main__ - INFO - 	Finished converting image for hysteresis at D=525 nm and Ms=400 kA/m
2025/11/20 11:56:44 AM - __main__ - INFO - Running simulation for D=525 nm and Msat=420 kA/m
2025/11/20 12:07:58 PM - __main__ - INFO - 	 Simulation time=673.93 s
2025/11/20 12:08:16 PM - __main__ - INFO - 	Finished converting image for hysteresis at D=525 nm and Ms=420 kA/m
2025/11/20 12:08:16 PM - __main__ - INFO - Running simulation for D=525 nm and Msat=440 kA/m
2025/11/20 12:11:04 PM - __main__ - INFO - 	 Simulation time=168.51 s
2025/11/20 12:11:20 PM - __main__ - INFO - 	Finished converting image for hysteresis at D=525 nm and Ms=440 kA/m
2025/11/20 12:11:20 PM - __main__ - INFO - Running simulation for D=600 nm and Msat=260 kA/m
2025/11/20 12:12:11 PM - __main__ - INFO - 	 Simulation time=50.92 s
2025/11/20 12:12:28 PM - __main__ - INFO - 	Finished converting image for hysteresis at D=600 nm and Ms=260 kA/m
2025/11/20 12:12:28 PM - __main__ - INFO - Running simulation for D=600 nm and Msat=280 kA/m
2025/11/20 12:13:44 PM - __main__ - INFO - 	 Simulation time=75.96 s
2025/11/20 12:14:01 PM - __main__ - INFO - 	Finished converting image for hysteresis at D=600 nm and Ms=280 kA/m
2025/11/20 12:14:01 PM - __main__ - INFO - Running simulation for D=600 nm and Msat=300 kA/m
2025/11/20 12:15:48 PM - __main__ - INFO - 	 Simulation time=106.73 s
2025/11/20 12:16:04 PM - __main__ - INFO - 	Finished converting image for hysteresis at D=600 nm and Ms=300 kA/m
2025/11/20 12:16:04 PM - __main__ - INFO - Running simulation for D=600 nm and Msat=320 kA/m
2025/11/20 12:24:26 PM - __main__ - INFO - 	 Simulation time=501.96 s
2025/11/20 12:24:43 PM - __main__ - INFO - 	Finished converting image for hysteresis at D=600 nm and Ms=320 kA/m
2025/11/20 12:24:43 PM - __main__ - INFO - Running simulation for D=600 nm and Msat=340 kA/m
2025/11/20 12:30:40 PM - __main__ - INFO - 	 Simulation time=357.49 s
2025/11/20 12:30:57 PM - __main__ - INFO - 	Finished converting image for hysteresis at D=600 nm and Ms=340 kA/m
2025/11/20 12:30:57 PM - __main__ - INFO - Running simulation for D=600 nm and Msat=360 kA/m
2025/11/20 12:36:47 PM - __main__ - INFO - 	 Simulation time=350.70 s
2025/11/20 12:37:05 PM - __main__ - INFO - 	Finished converting image for hysteresis at D=600 nm and Ms=360 kA/m
2025/11/20 12:37:05 PM - __main__ - INFO - Running simulation for D=600 nm and Msat=380 kA/m
2025/11/20 12:43:45 PM - __main__ - INFO - 	 Simulation time=400.54 s
2025/11/20 12:44:03 PM - __main__ - INFO - 	Finished converting image for hysteresis at D=600 nm and Ms=380 kA/m
2025/11/20 12:44:03 PM - __main__ - INFO - Running simulation for D=600 nm and Msat=400 kA/m
2025/11/20 12:54:50 PM - __main__ - INFO - 	 Simulation time=647.67 s
2025/11/20 12:55:07 PM - __main__ - INFO - 	Finished converting image for hysteresis at D=600 nm and Ms=400 kA/m
2025/11/20 12:55:07 PM - __main__ - INFO - Running simulation for D=600 nm and Msat=420 kA/m
2025/11/20 13:09:59 PM - __main__ - INFO - 	 Simulation time=892.01 s
2025/11/20 13:10:17 PM - __main__ - INFO - 	Finished converting image for hysteresis at D=600 nm and Ms=420 kA/m
2025/11/20 13:10:17 PM - __main__ - INFO - Running simulation for D=600 nm and Msat=440 kA/m
2025/11/20 13:13:55 PM - __main__ - INFO - 	 Simulation time=218.10 s
2025/11/20 13:14:12 PM - __main__ - INFO - 	Finished converting image for hysteresis at D=600 nm and Ms=440 kA/m
2025/11/20 13:14:12 PM - __main__ - INFO - Running simulation for D=675 nm and Msat=260 kA/m
2025/11/20 13:15:33 PM - __main__ - INFO - 	 Simulation time=80.75 s
2025/11/20 13:15:50 PM - __main__ - INFO - 	Finished converting image for hysteresis at D=675 nm and Ms=260 kA/m
2025/11/20 13:15:50 PM - __main__ - INFO - Running simulation for D=675 nm and Msat=280 kA/m
2025/11/20 13:17:08 PM - __main__ - INFO - 	 Simulation time=78.64 s
2025/11/20 13:17:27 PM - __main__ - INFO - 	Finished converting image for hysteresis at D=675 nm and Ms=280 kA/m
2025/11/20 13:17:27 PM - __main__ - INFO - Running simulation for D=675 nm and Msat=300 kA/m
2025/11/20 13:19:24 PM - __main__ - INFO - 	 Simulation time=116.89 s
2025/11/20 13:19:43 PM - __main__ - INFO - 	Finished converting image for hysteresis at D=675 nm and Ms=300 kA/m
2025/11/20 13:19:43 PM - __main__ - INFO - Running simulation for D=675 nm and Msat=320 kA/m
2025/11/20 13:27:49 PM - __main__ - INFO - 	 Simulation time=486.57 s
2025/11/20 13:28:07 PM - __main__ - INFO - 	Finished converting image for hysteresis at D=675 nm and Ms=320 kA/m
2025/11/20 13:28:07 PM - __main__ - INFO - Running simulation for D=675 nm and Msat=340 kA/m
2025/11/20 13:47:35 PM - __main__ - INFO - 	 Simulation time=1167.89 s
2025/11/20 13:47:54 PM - __main__ - INFO - 	Finished converting image for hysteresis at D=675 nm and Ms=340 kA/m
2025/11/20 13:47:54 PM - __main__ - INFO - Running simulation for D=675 nm and Msat=360 kA/m
2025/11/20 13:58:01 PM - __main__ - INFO - 	 Simulation time=606.96 s
2025/11/20 13:58:20 PM - __main__ - INFO - 	Finished converting image for hysteresis at D=675 nm and Ms=360 kA/m
2025/11/20 13:58:20 PM - __main__ - INFO - Running simulation for D=675 nm and Msat=380 kA/m
2025/11/20 14:18:10 PM - __main__ - INFO - 	 Simulation time=1190.40 s
2025/11/20 14:18:28 PM - __main__ - INFO - 	Finished converting image for hysteresis at D=675 nm and Ms=380 kA/m
2025/11/20 14:18:28 PM - __main__ - INFO - Running simulation for D=675 nm and Msat=400 kA/m
2025/11/20 14:33:47 PM - __main__ - INFO - 	 Simulation time=919.60 s
2025/11/20 14:34:06 PM - __main__ - INFO - 	Finished converting image for hysteresis at D=675 nm and Ms=400 kA/m
2025/11/20 14:34:06 PM - __main__ - INFO - Running simulation for D=675 nm and Msat=420 kA/m
2025/11/20 14:52:52 PM - __main__ - INFO - 	 Simulation time=1126.48 s
2025/11/20 14:53:11 PM - __main__ - INFO - 	Finished converting image for hysteresis at D=675 nm and Ms=420 kA/m
2025/11/20 14:53:11 PM - __main__ - INFO - Running simulation for D=675 nm and Msat=440 kA/m
2025/11/20 14:57:58 PM - __main__ - INFO - 	 Simulation time=286.66 s
2025/11/20 14:58:16 PM - __main__ - INFO - 	Finished converting image for hysteresis at D=675 nm and Ms=440 kA/m
2025/11/20 14:58:16 PM - __main__ - INFO - Running simulation for D=750 nm and Msat=260 kA/m
2025/11/20 14:59:09 PM - __main__ - INFO - 	 Simulation time=52.70 s
2025/11/20 14:59:29 PM - __main__ - INFO - 	Finished converting image for hysteresis at D=750 nm and Ms=260 kA/m
2025/11/20 14:59:29 PM - __main__ - INFO - Running simulation for D=750 nm and Msat=280 kA/m
2025/11/20 15:01:05 PM - __main__ - INFO - 	 Simulation time=96.44 s
2025/11/20 15:01:25 PM - __main__ - INFO - 	Finished converting image for hysteresis at D=750 nm and Ms=280 kA/m
2025/11/20 15:01:25 PM - __main__ - INFO - Running simulation for D=750 nm and Msat=300 kA/m
2025/11/20 15:04:33 PM - __main__ - INFO - 	 Simulation time=187.46 s
2025/11/20 15:04:52 PM - __main__ - INFO - 	Finished converting image for hysteresis at D=750 nm and Ms=300 kA/m
2025/11/20 15:04:52 PM - __main__ - INFO - Running simulation for D=750 nm and Msat=320 kA/m
2025/11/20 15:12:05 PM - __main__ - INFO - 	 Simulation time=433.31 s
2025/11/20 15:12:25 PM - __main__ - INFO - 	Finished converting image for hysteresis at D=750 nm and Ms=320 kA/m
2025/11/20 15:12:25 PM - __main__ - INFO - Running simulation for D=750 nm and Msat=340 kA/m
2025/11/20 15:39:22 PM - __main__ - INFO - 	 Simulation time=1616.80 s
2025/11/20 15:39:41 PM - __main__ - INFO - 	Finished converting image for hysteresis at D=750 nm and Ms=340 kA/m
2025/11/20 15:39:41 PM - __main__ - INFO - Running simulation for D=750 nm and Msat=360 kA/m
2025/11/20 15:47:18 PM - __main__ - INFO - 	 Simulation time=457.50 s
2025/11/20 15:47:41 PM - __main__ - INFO - 	Finished converting image for hysteresis at D=750 nm and Ms=360 kA/m
2025/11/20 15:47:41 PM - __main__ - INFO - Running simulation for D=750 nm and Msat=380 kA/m
2025/11/20 15:56:18 PM - __main__ - INFO - 	 Simulation time=516.87 s
2025/11/20 15:56:36 PM - __main__ - INFO - 	Finished converting image for hysteresis at D=750 nm and Ms=380 kA/m
2025/11/20 15:56:36 PM - __main__ - INFO - Running simulation for D=750 nm and Msat=400 kA/m
2025/11/20 16:18:56 PM - __main__ - INFO - 	 Simulation time=1339.51 s
2025/11/20 16:19:15 PM - __main__ - INFO - 	Finished converting image for hysteresis at D=750 nm and Ms=400 kA/m
2025/11/20 16:19:15 PM - __main__ - INFO - Running simulation for D=750 nm and Msat=420 kA/m
2025/11/20 16:31:53 PM - __main__ - INFO - 	 Simulation time=757.57 s
2025/11/20 16:32:12 PM - __main__ - INFO - 	Finished converting image for hysteresis at D=750 nm and Ms=420 kA/m
2025/11/20 16:32:12 PM - __main__ - INFO - Running simulation for D=750 nm and Msat=440 kA/m
2025/11/20 16:39:01 PM - __main__ - INFO - 	 Simulation time=409.07 s
2025/11/20 16:39:20 PM - __main__ - INFO - 	Finished converting image for hysteresis at D=750 nm and Ms=440 kA/m
2025/11/20 16:39:20 PM - __main__ - INFO - ---FOR Ku = 0.1 MJ/m3---
2025/11/20 16:39:20 PM - __main__ - INFO - Running simulation for D=150 nm and Msat=260 kA/m
2025/11/20 16:39:30 PM - __main__ - INFO - 	 Simulation time=9.75 s
2025/11/20 16:39:41 PM - __main__ - INFO - 	Finished converting image for hysteresis at D=150 nm and Ms=260 kA/m
2025/11/20 16:39:41 PM - __main__ - INFO - Running simulation for D=150 nm and Msat=280 kA/m
2025/11/20 16:39:52 PM - __main__ - INFO - 	 Simulation time=10.14 s
2025/11/20 16:40:04 PM - __main__ - INFO - 	Finished converting image for hysteresis at D=150 nm and Ms=280 kA/m
2025/11/20 16:40:04 PM - __main__ - INFO - Running simulation for D=150 nm and Msat=300 kA/m
2025/11/20 16:40:15 PM - __main__ - INFO - 	 Simulation time=10.82 s
2025/11/20 16:40:26 PM - __main__ - INFO - 	Finished converting image for hysteresis at D=150 nm and Ms=300 kA/m
2025/11/20 16:40:26 PM - __main__ - INFO - Running simulation for D=150 nm and Msat=320 kA/m
2025/11/20 16:40:49 PM - __main__ - INFO - 	 Simulation time=22.75 s
2025/11/20 16:41:01 PM - __main__ - INFO - 	Finished converting image for hysteresis at D=150 nm and Ms=320 kA/m
2025/11/20 16:41:01 PM - __main__ - INFO - Running simulation for D=150 nm and Msat=340 kA/m
2025/11/20 16:41:26 PM - __main__ - INFO - 	 Simulation time=24.69 s
2025/11/20 16:41:39 PM - __main__ - INFO - 	Finished converting image for hysteresis at D=150 nm and Ms=340 kA/m
2025/11/20 16:41:39 PM - __main__ - INFO - Running simulation for D=150 nm and Msat=360 kA/m
2025/11/20 16:42:08 PM - __main__ - INFO - 	 Simulation time=29.30 s
2025/11/20 16:42:29 PM - __main__ - INFO - 	Finished converting image for hysteresis at D=150 nm and Ms=360 kA/m
2025/11/20 16:42:29 PM - __main__ - INFO - Running simulation for D=150 nm and Msat=380 kA/m
2025/11/20 16:43:37 PM - __main__ - INFO - 	 Simulation time=68.32 s
2025/11/20 16:43:49 PM - __main__ - INFO - 	Finished converting image for hysteresis at D=150 nm and Ms=380 kA/m
2025/11/20 16:43:49 PM - __main__ - INFO - Running simulation for D=150 nm and Msat=400 kA/m
2025/11/20 16:44:33 PM - __main__ - INFO - 	 Simulation time=44.72 s
2025/11/20 16:44:45 PM - __main__ - INFO - 	Finished converting image for hysteresis at D=150 nm and Ms=400 kA/m
2025/11/20 16:44:45 PM - __main__ - INFO - Running simulation for D=150 nm and Msat=420 kA/m
2025/11/20 16:45:12 PM - __main__ - INFO - 	 Simulation time=26.91 s
2025/11/20 16:45:24 PM - __main__ - INFO - 	Finished converting image for hysteresis at D=150 nm and Ms=420 kA/m
2025/11/20 16:45:24 PM - __main__ - INFO - Running simulation for D=150 nm and Msat=440 kA/m
2025/11/20 16:45:50 PM - __main__ - INFO - 	 Simulation time=26.45 s
2025/11/20 16:46:01 PM - __main__ - INFO - 	Finished converting image for hysteresis at D=150 nm and Ms=440 kA/m
2025/11/20 16:46:01 PM - __main__ - INFO - Running simulation for D=225 nm and Msat=260 kA/m
2025/11/20 16:46:15 PM - __main__ - INFO - 	 Simulation time=13.91 s
2025/11/20 16:46:27 PM - __main__ - INFO - 	Finished converting image for hysteresis at D=225 nm and Ms=260 kA/m
2025/11/20 16:46:27 PM - __main__ - INFO - Running simulation for D=225 nm and Msat=280 kA/m
2025/11/20 16:46:37 PM - __main__ - INFO - 	 Simulation time=10.46 s
2025/11/20 16:46:49 PM - __main__ - INFO - 	Finished converting image for hysteresis at D=225 nm and Ms=280 kA/m
2025/11/20 16:46:49 PM - __main__ - INFO - Running simulation for D=225 nm and Msat=300 kA/m
2025/11/20 16:47:07 PM - __main__ - INFO - 	 Simulation time=17.75 s
2025/11/20 16:47:19 PM - __main__ - INFO - 	Finished converting image for hysteresis at D=225 nm and Ms=300 kA/m
2025/11/20 16:47:19 PM - __main__ - INFO - Running simulation for D=225 nm and Msat=320 kA/m
2025/11/20 16:47:52 PM - __main__ - INFO - 	 Simulation time=32.12 s
2025/11/20 16:48:04 PM - __main__ - INFO - 	Finished converting image for hysteresis at D=225 nm and Ms=320 kA/m
2025/11/20 16:48:04 PM - __main__ - INFO - Running simulation for D=225 nm and Msat=340 kA/m
2025/11/20 16:48:43 PM - __main__ - INFO - 	 Simulation time=39.68 s
2025/11/20 16:48:56 PM - __main__ - INFO - 	Finished converting image for hysteresis at D=225 nm and Ms=340 kA/m
2025/11/20 16:48:56 PM - __main__ - INFO - Running simulation for D=225 nm and Msat=360 kA/m
2025/11/20 16:49:59 PM - __main__ - INFO - 	 Simulation time=63.71 s
2025/11/20 16:50:11 PM - __main__ - INFO - 	Finished converting image for hysteresis at D=225 nm and Ms=360 kA/m
2025/11/20 16:50:11 PM - __main__ - INFO - Running simulation for D=225 nm and Msat=380 kA/m
2025/11/20 16:51:12 PM - __main__ - INFO - 	 Simulation time=60.74 s
2025/11/20 16:51:23 PM - __main__ - INFO - 	Finished converting image for hysteresis at D=225 nm and Ms=380 kA/m
2025/11/20 16:51:23 PM - __main__ - INFO - Running simulation for D=225 nm and Msat=400 kA/m
2025/11/20 16:54:34 PM - __main__ - INFO - 	 Simulation time=190.64 s
2025/11/20 16:54:46 PM - __main__ - INFO - 	Finished converting image for hysteresis at D=225 nm and Ms=400 kA/m
2025/11/20 16:54:46 PM - __main__ - INFO - Running simulation for D=225 nm and Msat=420 kA/m
2025/11/20 16:56:40 PM - __main__ - INFO - 	 Simulation time=113.48 s
2025/11/20 16:56:52 PM - __main__ - INFO - 	Finished converting image for hysteresis at D=225 nm and Ms=420 kA/m
2025/11/20 16:56:52 PM - __main__ - INFO - Running simulation for D=225 nm and Msat=440 kA/m
2025/11/20 16:58:43 PM - __main__ - INFO - 	 Simulation time=110.30 s
2025/11/20 16:58:54 PM - __main__ - INFO - 	Finished converting image for hysteresis at D=225 nm and Ms=440 kA/m
2025/11/20 16:58:54 PM - __main__ - INFO - Running simulation for D=300 nm and Msat=260 kA/m
2025/11/20 16:59:04 PM - __main__ - INFO - 	 Simulation time=10.00 s
2025/11/20 16:59:17 PM - __main__ - INFO - 	Finished converting image for hysteresis at D=300 nm and Ms=260 kA/m
2025/11/20 16:59:17 PM - __main__ - INFO - Running simulation for D=300 nm and Msat=280 kA/m
2025/11/20 16:59:27 PM - __main__ - INFO - 	 Simulation time=10.26 s
2025/11/20 16:59:39 PM - __main__ - INFO - 	Finished converting image for hysteresis at D=300 nm and Ms=280 kA/m
2025/11/20 16:59:39 PM - __main__ - INFO - Running simulation for D=300 nm and Msat=300 kA/m
2025/11/20 16:59:55 PM - __main__ - INFO - 	 Simulation time=15.70 s
2025/11/20 17:00:07 PM - __main__ - INFO - 	Finished converting image for hysteresis at D=300 nm and Ms=300 kA/m
2025/11/20 17:00:07 PM - __main__ - INFO - Running simulation for D=300 nm and Msat=320 kA/m
2025/11/20 17:00:37 PM - __main__ - INFO - 	 Simulation time=30.13 s
2025/11/20 17:00:49 PM - __main__ - INFO - 	Finished converting image for hysteresis at D=300 nm and Ms=320 kA/m
2025/11/20 17:00:49 PM - __main__ - INFO - Running simulation for D=300 nm and Msat=340 kA/m
2025/11/20 17:02:14 PM - __main__ - INFO - 	 Simulation time=84.10 s
2025/11/20 17:02:26 PM - __main__ - INFO - 	Finished converting image for hysteresis at D=300 nm and Ms=340 kA/m
2025/11/20 17:02:26 PM - __main__ - INFO - Running simulation for D=300 nm and Msat=360 kA/m
2025/11/20 17:03:49 PM - __main__ - INFO - 	 Simulation time=82.32 s
2025/11/20 17:04:01 PM - __main__ - INFO - 	Finished converting image for hysteresis at D=300 nm and Ms=360 kA/m
2025/11/20 17:04:01 PM - __main__ - INFO - Running simulation for D=300 nm and Msat=380 kA/m
2025/11/20 17:05:25 PM - __main__ - INFO - 	 Simulation time=84.01 s
2025/11/20 17:05:37 PM - __main__ - INFO - 	Finished converting image for hysteresis at D=300 nm and Ms=380 kA/m
2025/11/20 17:05:37 PM - __main__ - INFO - Running simulation for D=300 nm and Msat=400 kA/m
2025/11/20 17:10:14 PM - __main__ - INFO - 	 Simulation time=276.97 s
2025/11/20 17:10:26 PM - __main__ - INFO - 	Finished converting image for hysteresis at D=300 nm and Ms=400 kA/m
2025/11/20 17:10:26 PM - __main__ - INFO - Running simulation for D=300 nm and Msat=420 kA/m
2025/11/20 17:12:10 PM - __main__ - INFO - 	 Simulation time=103.68 s
2025/11/20 17:12:23 PM - __main__ - INFO - 	Finished converting image for hysteresis at D=300 nm and Ms=420 kA/m
2025/11/20 17:12:23 PM - __main__ - INFO - Running simulation for D=300 nm and Msat=440 kA/m
2025/11/20 17:18:15 PM - __main__ - INFO - 	 Simulation time=352.14 s
2025/11/20 17:18:27 PM - __main__ - INFO - 	Finished converting image for hysteresis at D=300 nm and Ms=440 kA/m
2025/11/20 17:18:27 PM - __main__ - INFO - Running simulation for D=375 nm and Msat=260 kA/m
2025/11/20 17:18:40 PM - __main__ - INFO - 	 Simulation time=12.84 s
2025/11/20 17:18:54 PM - __main__ - INFO - 	Finished converting image for hysteresis at D=375 nm and Ms=260 kA/m
2025/11/20 17:18:54 PM - __main__ - INFO - Running simulation for D=375 nm and Msat=280 kA/m
2025/11/20 17:19:06 PM - __main__ - INFO - 	 Simulation time=12.25 s
2025/11/20 17:19:19 PM - __main__ - INFO - 	Finished converting image for hysteresis at D=375 nm and Ms=280 kA/m
2025/11/20 17:19:19 PM - __main__ - INFO - Running simulation for D=375 nm and Msat=300 kA/m
2025/11/20 17:19:37 PM - __main__ - INFO - 	 Simulation time=18.12 s
2025/11/20 17:19:51 PM - __main__ - INFO - 	Finished converting image for hysteresis at D=375 nm and Ms=300 kA/m
2025/11/20 17:19:51 PM - __main__ - INFO - Running simulation for D=375 nm and Msat=320 kA/m
2025/11/20 17:20:27 PM - __main__ - INFO - 	 Simulation time=36.18 s
2025/11/20 17:20:39 PM - __main__ - INFO - 	Finished converting image for hysteresis at D=375 nm and Ms=320 kA/m
2025/11/20 17:20:39 PM - __main__ - INFO - Running simulation for D=375 nm and Msat=340 kA/m
2025/11/20 17:21:54 PM - __main__ - INFO - 	 Simulation time=75.44 s
2025/11/20 17:22:08 PM - __main__ - INFO - 	Finished converting image for hysteresis at D=375 nm and Ms=340 kA/m
2025/11/20 17:22:08 PM - __main__ - INFO - Running simulation for D=375 nm and Msat=360 kA/m
2025/11/20 17:24:13 PM - __main__ - INFO - 	 Simulation time=125.15 s
2025/11/20 17:24:25 PM - __main__ - INFO - 	Finished converting image for hysteresis at D=375 nm and Ms=360 kA/m
2025/11/20 17:24:25 PM - __main__ - INFO - Running simulation for D=375 nm and Msat=380 kA/m
2025/11/20 17:26:14 PM - __main__ - INFO - 	 Simulation time=109.02 s
2025/11/20 17:26:27 PM - __main__ - INFO - 	Finished converting image for hysteresis at D=375 nm and Ms=380 kA/m
2025/11/20 17:26:27 PM - __main__ - INFO - Running simulation for D=375 nm and Msat=400 kA/m
2025/11/20 17:31:14 PM - __main__ - INFO - 	 Simulation time=286.75 s
2025/11/20 17:31:27 PM - __main__ - INFO - 	Finished converting image for hysteresis at D=375 nm and Ms=400 kA/m
2025/11/20 17:31:27 PM - __main__ - INFO - Running simulation for D=375 nm and Msat=420 kA/m
2025/11/20 17:33:22 PM - __main__ - INFO - 	 Simulation time=114.97 s
2025/11/20 17:33:35 PM - __main__ - INFO - 	Finished converting image for hysteresis at D=375 nm and Ms=420 kA/m
2025/11/20 17:33:35 PM - __main__ - INFO - Running simulation for D=375 nm and Msat=440 kA/m
2025/11/20 17:39:05 PM - __main__ - INFO - 	 Simulation time=330.62 s
2025/11/20 17:39:19 PM - __main__ - INFO - 	Finished converting image for hysteresis at D=375 nm and Ms=440 kA/m
2025/11/20 17:39:19 PM - __main__ - INFO - Running simulation for D=450 nm and Msat=260 kA/m
2025/11/20 17:39:31 PM - __main__ - INFO - 	 Simulation time=12.14 s
2025/11/20 17:39:46 PM - __main__ - INFO - 	Finished converting image for hysteresis at D=450 nm and Ms=260 kA/m
2025/11/20 17:39:46 PM - __main__ - INFO - Running simulation for D=450 nm and Msat=280 kA/m
2025/11/20 17:40:01 PM - __main__ - INFO - 	 Simulation time=15.17 s
2025/11/20 17:40:15 PM - __main__ - INFO - 	Finished converting image for hysteresis at D=450 nm and Ms=280 kA/m
2025/11/20 17:40:15 PM - __main__ - INFO - Running simulation for D=450 nm and Msat=300 kA/m
2025/11/20 17:40:35 PM - __main__ - INFO - 	 Simulation time=20.16 s
2025/11/20 17:40:49 PM - __main__ - INFO - 	Finished converting image for hysteresis at D=450 nm and Ms=300 kA/m
2025/11/20 17:40:49 PM - __main__ - INFO - Running simulation for D=450 nm and Msat=320 kA/m
2025/11/20 17:41:31 PM - __main__ - INFO - 	 Simulation time=41.65 s
2025/11/20 17:41:55 PM - __main__ - INFO - 	Finished converting image for hysteresis at D=450 nm and Ms=320 kA/m
2025/11/20 17:41:55 PM - __main__ - INFO - Running simulation for D=450 nm and Msat=340 kA/m
2025/11/20 17:42:57 PM - __main__ - INFO - 	 Simulation time=61.73 s
2025/11/20 17:43:13 PM - __main__ - INFO - 	Finished converting image for hysteresis at D=450 nm and Ms=340 kA/m
2025/11/20 17:43:13 PM - __main__ - INFO - Running simulation for D=450 nm and Msat=360 kA/m
2025/11/20 17:52:32 PM - __main__ - INFO - 	 Simulation time=558.54 s
2025/11/20 17:52:46 PM - __main__ - INFO - 	Finished converting image for hysteresis at D=450 nm and Ms=360 kA/m
2025/11/20 17:52:46 PM - __main__ - INFO - Running simulation for D=450 nm and Msat=380 kA/m
2025/11/20 17:55:13 PM - __main__ - INFO - 	 Simulation time=147.09 s
2025/11/20 17:55:29 PM - __main__ - INFO - 	Finished converting image for hysteresis at D=450 nm and Ms=380 kA/m
2025/11/20 17:55:29 PM - __main__ - INFO - Running simulation for D=450 nm and Msat=400 kA/m
2025/11/20 17:59:41 PM - __main__ - INFO - 	 Simulation time=252.03 s
2025/11/20 17:59:56 PM - __main__ - INFO - 	Finished converting image for hysteresis at D=450 nm and Ms=400 kA/m
2025/11/20 17:59:56 PM - __main__ - INFO - Running simulation for D=450 nm and Msat=420 kA/m
2025/11/20 18:02:38 PM - __main__ - INFO - 	 Simulation time=161.37 s
2025/11/20 18:02:52 PM - __main__ - INFO - 	Finished converting image for hysteresis at D=450 nm and Ms=420 kA/m
2025/11/20 18:02:52 PM - __main__ - INFO - Running simulation for D=450 nm and Msat=440 kA/m
2025/11/20 18:09:01 PM - __main__ - INFO - 	 Simulation time=368.77 s
2025/11/20 18:09:17 PM - __main__ - INFO - 	Finished converting image for hysteresis at D=450 nm and Ms=440 kA/m
2025/11/20 18:09:17 PM - __main__ - INFO - Running simulation for D=525 nm and Msat=260 kA/m
2025/11/20 18:09:32 PM - __main__ - INFO - 	 Simulation time=14.40 s
2025/11/20 18:09:45 PM - __main__ - INFO - 	Finished converting image for hysteresis at D=525 nm and Ms=260 kA/m
2025/11/20 18:09:45 PM - __main__ - INFO - Running simulation for D=525 nm and Msat=280 kA/m
2025/11/20 18:10:03 PM - __main__ - INFO - 	 Simulation time=17.43 s
2025/11/20 18:10:17 PM - __main__ - INFO - 	Finished converting image for hysteresis at D=525 nm and Ms=280 kA/m
2025/11/20 18:10:17 PM - __main__ - INFO - Running simulation for D=525 nm and Msat=300 kA/m
2025/11/20 18:10:38 PM - __main__ - INFO - 	 Simulation time=21.38 s
2025/11/20 18:10:53 PM - __main__ - INFO - 	Finished converting image for hysteresis at D=525 nm and Ms=300 kA/m
2025/11/20 18:10:53 PM - __main__ - INFO - Running simulation for D=525 nm and Msat=320 kA/m
2025/11/20 18:11:39 PM - __main__ - INFO - 	 Simulation time=45.84 s
2025/11/20 18:11:54 PM - __main__ - INFO - 	Finished converting image for hysteresis at D=525 nm and Ms=320 kA/m
2025/11/20 18:11:54 PM - __main__ - INFO - Running simulation for D=525 nm and Msat=340 kA/m
2025/11/20 18:13:30 PM - __main__ - INFO - 	 Simulation time=96.12 s
2025/11/20 18:13:45 PM - __main__ - INFO - 	Finished converting image for hysteresis at D=525 nm and Ms=340 kA/m
2025/11/20 18:13:45 PM - __main__ - INFO - Running simulation for D=525 nm and Msat=360 kA/m
2025/11/20 18:24:12 PM - __main__ - INFO - 	 Simulation time=627.01 s
2025/11/20 18:24:27 PM - __main__ - INFO - 	Finished converting image for hysteresis at D=525 nm and Ms=360 kA/m
2025/11/20 18:24:27 PM - __main__ - INFO - Running simulation for D=525 nm and Msat=380 kA/m
2025/11/20 18:33:28 PM - __main__ - INFO - 	 Simulation time=540.31 s
2025/11/20 18:33:43 PM - __main__ - INFO - 	Finished converting image for hysteresis at D=525 nm and Ms=380 kA/m
2025/11/20 18:33:43 PM - __main__ - INFO - Running simulation for D=525 nm and Msat=400 kA/m
2025/11/20 18:39:00 PM - __main__ - INFO - 	 Simulation time=316.60 s
2025/11/20 18:39:16 PM - __main__ - INFO - 	Finished converting image for hysteresis at D=525 nm and Ms=400 kA/m
2025/11/20 18:39:16 PM - __main__ - INFO - Running simulation for D=525 nm and Msat=420 kA/m
2025/11/20 18:43:24 PM - __main__ - INFO - 	 Simulation time=248.14 s
2025/11/20 18:43:38 PM - __main__ - INFO - 	Finished converting image for hysteresis at D=525 nm and Ms=420 kA/m
2025/11/20 18:43:38 PM - __main__ - INFO - Running simulation for D=525 nm and Msat=440 kA/m
2025/11/20 18:52:26 PM - __main__ - INFO - 	 Simulation time=527.99 s
2025/11/20 18:52:41 PM - __main__ - INFO - 	Finished converting image for hysteresis at D=525 nm and Ms=440 kA/m
2025/11/20 18:52:41 PM - __main__ - INFO - Running simulation for D=600 nm and Msat=260 kA/m
2025/11/20 18:52:57 PM - __main__ - INFO - 	 Simulation time=15.83 s
2025/11/20 18:53:13 PM - __main__ - INFO - 	Finished converting image for hysteresis at D=600 nm and Ms=260 kA/m
2025/11/20 18:53:13 PM - __main__ - INFO - Running simulation for D=600 nm and Msat=280 kA/m
2025/11/20 18:53:33 PM - __main__ - INFO - 	 Simulation time=19.54 s
2025/11/20 18:53:48 PM - __main__ - INFO - 	Finished converting image for hysteresis at D=600 nm and Ms=280 kA/m
2025/11/20 18:53:48 PM - __main__ - INFO - Running simulation for D=600 nm and Msat=300 kA/m
2025/11/20 18:54:09 PM - __main__ - INFO - 	 Simulation time=20.59 s
2025/11/20 18:54:24 PM - __main__ - INFO - 	Finished converting image for hysteresis at D=600 nm and Ms=300 kA/m
2025/11/20 18:54:24 PM - __main__ - INFO - Running simulation for D=600 nm and Msat=320 kA/m
2025/11/20 18:55:14 PM - __main__ - INFO - 	 Simulation time=50.11 s
2025/11/20 18:55:30 PM - __main__ - INFO - 	Finished converting image for hysteresis at D=600 nm and Ms=320 kA/m
2025/11/20 18:55:30 PM - __main__ - INFO - Running simulation for D=600 nm and Msat=340 kA/m
2025/11/20 18:57:42 PM - __main__ - INFO - 	 Simulation time=131.62 s
2025/11/20 18:57:58 PM - __main__ - INFO - 	Finished converting image for hysteresis at D=600 nm and Ms=340 kA/m
2025/11/20 18:57:58 PM - __main__ - INFO - Running simulation for D=600 nm and Msat=360 kA/m
2025/11/20 19:10:36 PM - __main__ - INFO - 	 Simulation time=758.31 s
2025/11/20 19:10:53 PM - __main__ - INFO - 	Finished converting image for hysteresis at D=600 nm and Ms=360 kA/m
2025/11/20 19:10:53 PM - __main__ - INFO - Running simulation for D=600 nm and Msat=380 kA/m
2025/11/20 19:16:26 PM - __main__ - INFO - 	 Simulation time=332.85 s
2025/11/20 19:16:42 PM - __main__ - INFO - 	Finished converting image for hysteresis at D=600 nm and Ms=380 kA/m
2025/11/20 19:16:42 PM - __main__ - INFO - Running simulation for D=600 nm and Msat=400 kA/m
2025/11/20 19:23:37 PM - __main__ - INFO - 	 Simulation time=415.23 s
2025/11/20 19:23:53 PM - __main__ - INFO - 	Finished converting image for hysteresis at D=600 nm and Ms=400 kA/m
2025/11/20 19:23:53 PM - __main__ - INFO - Running simulation for D=600 nm and Msat=420 kA/m
2025/11/20 19:46:46 PM - __main__ - INFO - 	 Simulation time=1372.37 s
2025/11/20 19:47:01 PM - __main__ - INFO - 	Finished converting image for hysteresis at D=600 nm and Ms=420 kA/m
2025/11/20 19:47:01 PM - __main__ - INFO - Running simulation for D=600 nm and Msat=440 kA/m
2025/11/20 19:59:04 PM - __main__ - INFO - 	 Simulation time=722.89 s
2025/11/20 19:59:21 PM - __main__ - INFO - 	Finished converting image for hysteresis at D=600 nm and Ms=440 kA/m
2025/11/20 19:59:21 PM - __main__ - INFO - Running simulation for D=675 nm and Msat=260 kA/m
2025/11/20 19:59:35 PM - __main__ - INFO - 	 Simulation time=14.06 s
2025/11/20 19:59:52 PM - __main__ - INFO - 	Finished converting image for hysteresis at D=675 nm and Ms=260 kA/m
2025/11/20 19:59:52 PM - __main__ - INFO - Running simulation for D=675 nm and Msat=280 kA/m
2025/11/20 20:00:11 PM - __main__ - INFO - 	 Simulation time=18.44 s
2025/11/20 20:00:28 PM - __main__ - INFO - 	Finished converting image for hysteresis at D=675 nm and Ms=280 kA/m
2025/11/20 20:00:28 PM - __main__ - INFO - Running simulation for D=675 nm and Msat=300 kA/m
2025/11/20 20:00:53 PM - __main__ - INFO - 	 Simulation time=24.63 s
2025/11/20 20:01:13 PM - __main__ - INFO - 	Finished converting image for hysteresis at D=675 nm and Ms=300 kA/m
2025/11/20 20:01:13 PM - __main__ - INFO - Running simulation for D=675 nm and Msat=320 kA/m
2025/11/20 20:01:57 PM - __main__ - INFO - 	 Simulation time=44.33 s
2025/11/20 20:02:14 PM - __main__ - INFO - 	Finished converting image for hysteresis at D=675 nm and Ms=320 kA/m
2025/11/20 20:02:14 PM - __main__ - INFO - Running simulation for D=675 nm and Msat=340 kA/m
2025/11/20 20:03:34 PM - __main__ - INFO - 	 Simulation time=79.88 s
2025/11/20 20:03:52 PM - __main__ - INFO - 	Finished converting image for hysteresis at D=675 nm and Ms=340 kA/m
2025/11/20 20:03:52 PM - __main__ - INFO - Running simulation for D=675 nm and Msat=360 kA/m
2025/11/20 20:10:11 PM - __main__ - INFO - 	 Simulation time=379.30 s
2025/11/20 20:10:29 PM - __main__ - INFO - 	Finished converting image for hysteresis at D=675 nm and Ms=360 kA/m
2025/11/20 20:10:29 PM - __main__ - INFO - Running simulation for D=675 nm and Msat=380 kA/m
2025/11/20 20:20:55 PM - __main__ - INFO - 	 Simulation time=626.00 s
2025/11/20 20:21:15 PM - __main__ - INFO - 	Finished converting image for hysteresis at D=675 nm and Ms=380 kA/m
2025/11/20 20:21:15 PM - __main__ - INFO - Running simulation for D=675 nm and Msat=400 kA/m
2025/11/20 20:39:58 PM - __main__ - INFO - 	 Simulation time=1123.08 s
2025/11/20 20:40:16 PM - __main__ - INFO - 	Finished converting image for hysteresis at D=675 nm and Ms=400 kA/m
2025/11/20 20:40:16 PM - __main__ - INFO - Running simulation for D=675 nm and Msat=420 kA/m
2025/11/20 20:47:38 PM - __main__ - INFO - 	 Simulation time=441.60 s
2025/11/20 20:47:56 PM - __main__ - INFO - 	Finished converting image for hysteresis at D=675 nm and Ms=420 kA/m
2025/11/20 20:47:56 PM - __main__ - INFO - Running simulation for D=675 nm and Msat=440 kA/m
2025/11/20 21:05:00 PM - __main__ - INFO - 	 Simulation time=1023.72 s
2025/11/20 21:05:18 PM - __main__ - INFO - 	Finished converting image for hysteresis at D=675 nm and Ms=440 kA/m
2025/11/20 21:05:18 PM - __main__ - INFO - Running simulation for D=750 nm and Msat=260 kA/m
2025/11/20 21:05:36 PM - __main__ - INFO - 	 Simulation time=18.07 s
2025/11/20 21:05:54 PM - __main__ - INFO - 	Finished converting image for hysteresis at D=750 nm and Ms=260 kA/m
2025/11/20 21:05:54 PM - __main__ - INFO - Running simulation for D=750 nm and Msat=280 kA/m
2025/11/20 21:06:12 PM - __main__ - INFO - 	 Simulation time=18.45 s
2025/11/20 21:06:31 PM - __main__ - INFO - 	Finished converting image for hysteresis at D=750 nm and Ms=280 kA/m
2025/11/20 21:06:31 PM - __main__ - INFO - Running simulation for D=750 nm and Msat=300 kA/m
2025/11/20 21:06:54 PM - __main__ - INFO - 	 Simulation time=23.31 s
2025/11/20 21:07:13 PM - __main__ - INFO - 	Finished converting image for hysteresis at D=750 nm and Ms=300 kA/m
2025/11/20 21:07:13 PM - __main__ - INFO - Running simulation for D=750 nm and Msat=320 kA/m
2025/11/20 21:08:03 PM - __main__ - INFO - 	 Simulation time=49.82 s
2025/11/20 21:08:21 PM - __main__ - INFO - 	Finished converting image for hysteresis at D=750 nm and Ms=320 kA/m
2025/11/20 21:08:21 PM - __main__ - INFO - Running simulation for D=750 nm and Msat=340 kA/m
2025/11/20 21:11:36 PM - __main__ - INFO - 	 Simulation time=195.08 s
2025/11/20 21:11:53 PM - __main__ - INFO - 	Finished converting image for hysteresis at D=750 nm and Ms=340 kA/m
2025/11/20 21:11:53 PM - __main__ - INFO - Running simulation for D=750 nm and Msat=360 kA/m
2025/11/20 21:24:18 PM - __main__ - INFO - 	 Simulation time=745.17 s
2025/11/20 21:24:37 PM - __main__ - INFO - 	Finished converting image for hysteresis at D=750 nm and Ms=360 kA/m
2025/11/20 21:24:37 PM - __main__ - INFO - Running simulation for D=750 nm and Msat=380 kA/m
2025/11/20 22:09:43 PM - __main__ - INFO - 	 Simulation time=2706.17 s
2025/11/20 22:10:01 PM - __main__ - INFO - 	Finished converting image for hysteresis at D=750 nm and Ms=380 kA/m
2025/11/20 22:10:01 PM - __main__ - INFO - Running simulation for D=750 nm and Msat=400 kA/m
2025/11/20 22:38:29 PM - __main__ - INFO - 	 Simulation time=1708.65 s
2025/11/20 22:38:48 PM - __main__ - INFO - 	Finished converting image for hysteresis at D=750 nm and Ms=400 kA/m
2025/11/20 22:38:48 PM - __main__ - INFO - Running simulation for D=750 nm and Msat=420 kA/m
2025/11/20 22:52:38 PM - __main__ - INFO - 	 Simulation time=829.75 s
2025/11/20 22:52:57 PM - __main__ - INFO - 	Finished converting image for hysteresis at D=750 nm and Ms=420 kA/m
2025/11/20 22:52:57 PM - __main__ - INFO - Running simulation for D=750 nm and Msat=440 kA/m
2025/11/20 23:13:04 PM - __main__ - INFO - 	 Simulation time=1207.16 s
2025/11/20 23:13:23 PM - __main__ - INFO - 	Finished converting image for hysteresis at D=750 nm and Ms=440 kA/m
2025/11/20 23:13:23 PM - __main__ - INFO - ---FOR Ku = 0.12 MJ/m3---
2025/11/20 23:13:23 PM - __main__ - INFO - Running simulation for D=150 nm and Msat=260 kA/m
2025/11/20 23:13:53 PM - __main__ - INFO - 	 Simulation time=29.72 s
2025/11/20 23:14:04 PM - __main__ - INFO - 	Finished converting image for hysteresis at D=150 nm and Ms=260 kA/m
2025/11/20 23:14:04 PM - __main__ - INFO - Running simulation for D=150 nm and Msat=280 kA/m
2025/11/20 23:14:11 PM - __main__ - INFO - 	 Simulation time=6.94 s
2025/11/20 23:14:23 PM - __main__ - INFO - 	Finished converting image for hysteresis at D=150 nm and Ms=280 kA/m
2025/11/20 23:14:23 PM - __main__ - INFO - Running simulation for D=150 nm and Msat=300 kA/m
2025/11/20 23:14:30 PM - __main__ - INFO - 	 Simulation time=6.95 s
2025/11/20 23:14:42 PM - __main__ - INFO - 	Finished converting image for hysteresis at D=150 nm and Ms=300 kA/m
2025/11/20 23:14:42 PM - __main__ - INFO - Running simulation for D=150 nm and Msat=320 kA/m
2025/11/20 23:14:51 PM - __main__ - INFO - 	 Simulation time=9.76 s
2025/11/20 23:15:02 PM - __main__ - INFO - 	Finished converting image for hysteresis at D=150 nm and Ms=320 kA/m
2025/11/20 23:15:02 PM - __main__ - INFO - Running simulation for D=150 nm and Msat=340 kA/m
2025/11/20 23:15:17 PM - __main__ - INFO - 	 Simulation time=14.24 s
2025/11/20 23:15:28 PM - __main__ - INFO - 	Finished converting image for hysteresis at D=150 nm and Ms=340 kA/m
2025/11/20 23:15:28 PM - __main__ - INFO - Running simulation for D=150 nm and Msat=360 kA/m
2025/11/20 23:15:57 PM - __main__ - INFO - 	 Simulation time=28.80 s
2025/11/20 23:16:08 PM - __main__ - INFO - 	Finished converting image for hysteresis at D=150 nm and Ms=360 kA/m
2025/11/20 23:16:08 PM - __main__ - INFO - Running simulation for D=150 nm and Msat=380 kA/m
2025/11/20 23:16:32 PM - __main__ - INFO - 	 Simulation time=24.22 s
2025/11/20 23:16:44 PM - __main__ - INFO - 	Finished converting image for hysteresis at D=150 nm and Ms=380 kA/m
2025/11/20 23:16:44 PM - __main__ - INFO - Running simulation for D=150 nm and Msat=400 kA/m
2025/11/20 23:17:15 PM - __main__ - INFO - 	 Simulation time=30.80 s
2025/11/20 23:17:26 PM - __main__ - INFO - 	Finished converting image for hysteresis at D=150 nm and Ms=400 kA/m
2025/11/20 23:17:26 PM - __main__ - INFO - Running simulation for D=150 nm and Msat=420 kA/m
2025/11/20 23:18:55 PM - __main__ - INFO - 	 Simulation time=88.92 s
2025/11/20 23:19:07 PM - __main__ - INFO - 	Finished converting image for hysteresis at D=150 nm and Ms=420 kA/m
2025/11/20 23:19:07 PM - __main__ - INFO - Running simulation for D=150 nm and Msat=440 kA/m
2025/11/20 23:19:40 PM - __main__ - INFO - 	 Simulation time=33.08 s
2025/11/20 23:19:51 PM - __main__ - INFO - 	Finished converting image for hysteresis at D=150 nm and Ms=440 kA/m
2025/11/20 23:19:51 PM - __main__ - INFO - Running simulation for D=225 nm and Msat=260 kA/m
2025/11/20 23:19:59 PM - __main__ - INFO - 	 Simulation time=7.72 s
2025/11/20 23:20:11 PM - __main__ - INFO - 	Finished converting image for hysteresis at D=225 nm and Ms=260 kA/m
2025/11/20 23:20:11 PM - __main__ - INFO - Running simulation for D=225 nm and Msat=280 kA/m
2025/11/20 23:20:19 PM - __main__ - INFO - 	 Simulation time=7.78 s
2025/11/20 23:20:31 PM - __main__ - INFO - 	Finished converting image for hysteresis at D=225 nm and Ms=280 kA/m
2025/11/20 23:20:31 PM - __main__ - INFO - Running simulation for D=225 nm and Msat=300 kA/m
2025/11/20 23:20:41 PM - __main__ - INFO - 	 Simulation time=10.26 s
2025/11/20 23:20:53 PM - __main__ - INFO - 	Finished converting image for hysteresis at D=225 nm and Ms=300 kA/m
2025/11/20 23:20:53 PM - __main__ - INFO - Running simulation for D=225 nm and Msat=320 kA/m
2025/11/20 23:21:05 PM - __main__ - INFO - 	 Simulation time=12.75 s
2025/11/20 23:21:18 PM - __main__ - INFO - 	Finished converting image for hysteresis at D=225 nm and Ms=320 kA/m
2025/11/20 23:21:18 PM - __main__ - INFO - Running simulation for D=225 nm and Msat=340 kA/m
2025/11/20 23:21:32 PM - __main__ - INFO - 	 Simulation time=14.17 s
2025/11/20 23:21:44 PM - __main__ - INFO - 	Finished converting image for hysteresis at D=225 nm and Ms=340 kA/m
2025/11/20 23:21:44 PM - __main__ - INFO - Running simulation for D=225 nm and Msat=360 kA/m
2025/11/20 23:22:18 PM - __main__ - INFO - 	 Simulation time=34.32 s
2025/11/20 23:22:30 PM - __main__ - INFO - 	Finished converting image for hysteresis at D=225 nm and Ms=360 kA/m
2025/11/20 23:22:30 PM - __main__ - INFO - Running simulation for D=225 nm and Msat=380 kA/m
2025/11/20 23:23:14 PM - __main__ - INFO - 	 Simulation time=44.82 s
2025/11/20 23:23:27 PM - __main__ - INFO - 	Finished converting image for hysteresis at D=225 nm and Ms=380 kA/m
2025/11/20 23:23:27 PM - __main__ - INFO - Running simulation for D=225 nm and Msat=400 kA/m
2025/11/20 23:24:14 PM - __main__ - INFO - 	 Simulation time=46.93 s
2025/11/20 23:24:26 PM - __main__ - INFO - 	Finished converting image for hysteresis at D=225 nm and Ms=400 kA/m
2025/11/20 23:24:26 PM - __main__ - INFO - Running simulation for D=225 nm and Msat=420 kA/m
2025/11/20 23:25:59 PM - __main__ - INFO - 	 Simulation time=92.64 s
2025/11/20 23:26:11 PM - __main__ - INFO - 	Finished converting image for hysteresis at D=225 nm and Ms=420 kA/m
2025/11/20 23:26:11 PM - __main__ - INFO - Running simulation for D=225 nm and Msat=440 kA/m
2025/11/20 23:29:11 PM - __main__ - INFO - 	 Simulation time=180.11 s
2025/11/20 23:29:23 PM - __main__ - INFO - 	Finished converting image for hysteresis at D=225 nm and Ms=440 kA/m
2025/11/20 23:29:23 PM - __main__ - INFO - Running simulation for D=300 nm and Msat=260 kA/m
2025/11/20 23:29:31 PM - __main__ - INFO - 	 Simulation time=8.09 s
2025/11/20 23:29:42 PM - __main__ - INFO - 	Finished converting image for hysteresis at D=300 nm and Ms=260 kA/m
2025/11/20 23:29:42 PM - __main__ - INFO - Running simulation for D=300 nm and Msat=280 kA/m
2025/11/20 23:29:50 PM - __main__ - INFO - 	 Simulation time=7.63 s
2025/11/20 23:30:02 PM - __main__ - INFO - 	Finished converting image for hysteresis at D=300 nm and Ms=280 kA/m
2025/11/20 23:30:02 PM - __main__ - INFO - Running simulation for D=300 nm and Msat=300 kA/m
2025/11/20 23:30:11 PM - __main__ - INFO - 	 Simulation time=9.22 s
2025/11/20 23:30:24 PM - __main__ - INFO - 	Finished converting image for hysteresis at D=300 nm and Ms=300 kA/m
2025/11/20 23:30:24 PM - __main__ - INFO - Running simulation for D=300 nm and Msat=320 kA/m
2025/11/20 23:30:34 PM - __main__ - INFO - 	 Simulation time=10.69 s
2025/11/20 23:30:46 PM - __main__ - INFO - 	Finished converting image for hysteresis at D=300 nm and Ms=320 kA/m
2025/11/20 23:30:46 PM - __main__ - INFO - Running simulation for D=300 nm and Msat=340 kA/m
2025/11/20 23:30:59 PM - __main__ - INFO - 	 Simulation time=12.63 s
2025/11/20 23:31:11 PM - __main__ - INFO - 	Finished converting image for hysteresis at D=300 nm and Ms=340 kA/m
2025/11/20 23:31:11 PM - __main__ - INFO - Running simulation for D=300 nm and Msat=360 kA/m
2025/11/20 23:31:46 PM - __main__ - INFO - 	 Simulation time=35.42 s
2025/11/20 23:31:59 PM - __main__ - INFO - 	Finished converting image for hysteresis at D=300 nm and Ms=360 kA/m
2025/11/20 23:31:59 PM - __main__ - INFO - Running simulation for D=300 nm and Msat=380 kA/m
2025/11/20 23:32:44 PM - __main__ - INFO - 	 Simulation time=45.74 s
2025/11/20 23:32:56 PM - __main__ - INFO - 	Finished converting image for hysteresis at D=300 nm and Ms=380 kA/m
2025/11/20 23:32:56 PM - __main__ - INFO - Running simulation for D=300 nm and Msat=400 kA/m
2025/11/20 23:34:54 PM - __main__ - INFO - 	 Simulation time=118.07 s
2025/11/20 23:35:07 PM - __main__ - INFO - 	Finished converting image for hysteresis at D=300 nm and Ms=400 kA/m
2025/11/20 23:35:07 PM - __main__ - INFO - Running simulation for D=300 nm and Msat=420 kA/m
2025/11/20 23:36:32 PM - __main__ - INFO - 	 Simulation time=85.46 s
2025/11/20 23:36:45 PM - __main__ - INFO - 	Finished converting image for hysteresis at D=300 nm and Ms=420 kA/m
2025/11/20 23:36:45 PM - __main__ - INFO - Running simulation for D=300 nm and Msat=440 kA/m
2025/11/20 23:38:52 PM - __main__ - INFO - 	 Simulation time=127.95 s
2025/11/20 23:39:05 PM - __main__ - INFO - 	Finished converting image for hysteresis at D=300 nm and Ms=440 kA/m
2025/11/20 23:39:05 PM - __main__ - INFO - Running simulation for D=375 nm and Msat=260 kA/m
2025/11/20 23:39:17 PM - __main__ - INFO - 	 Simulation time=11.88 s
2025/11/20 23:39:29 PM - __main__ - INFO - 	Finished converting image for hysteresis at D=375 nm and Ms=260 kA/m
2025/11/20 23:39:29 PM - __main__ - INFO - Running simulation for D=375 nm and Msat=280 kA/m
2025/11/20 23:39:57 PM - __main__ - INFO - 	 Simulation time=28.09 s
2025/11/20 23:40:10 PM - __main__ - INFO - 	Finished converting image for hysteresis at D=375 nm and Ms=280 kA/m
2025/11/20 23:40:10 PM - __main__ - INFO - Running simulation for D=375 nm and Msat=300 kA/m
2025/11/20 23:40:18 PM - __main__ - INFO - 	 Simulation time=8.13 s
2025/11/20 23:40:31 PM - __main__ - INFO - 	Finished converting image for hysteresis at D=375 nm and Ms=300 kA/m
2025/11/20 23:40:31 PM - __main__ - INFO - Running simulation for D=375 nm and Msat=320 kA/m
2025/11/20 23:40:50 PM - __main__ - INFO - 	 Simulation time=18.84 s
2025/11/20 23:41:02 PM - __main__ - INFO - 	Finished converting image for hysteresis at D=375 nm and Ms=320 kA/m
2025/11/20 23:41:02 PM - __main__ - INFO - Running simulation for D=375 nm and Msat=340 kA/m
2025/11/20 23:41:14 PM - __main__ - INFO - 	 Simulation time=12.15 s
2025/11/20 23:41:28 PM - __main__ - INFO - 	Finished converting image for hysteresis at D=375 nm and Ms=340 kA/m
2025/11/20 23:41:28 PM - __main__ - INFO - Running simulation for D=375 nm and Msat=360 kA/m
2025/11/20 23:42:17 PM - __main__ - INFO - 	 Simulation time=48.40 s
2025/11/20 23:42:29 PM - __main__ - INFO - 	Finished converting image for hysteresis at D=375 nm and Ms=360 kA/m
2025/11/20 23:42:29 PM - __main__ - INFO - Running simulation for D=375 nm and Msat=380 kA/m
2025/11/20 23:43:15 PM - __main__ - INFO - 	 Simulation time=45.60 s
2025/11/20 23:43:27 PM - __main__ - INFO - 	Finished converting image for hysteresis at D=375 nm and Ms=380 kA/m
2025/11/20 23:43:27 PM - __main__ - INFO - Running simulation for D=375 nm and Msat=400 kA/m
2025/11/20 23:45:33 PM - __main__ - INFO - 	 Simulation time=126.09 s
2025/11/20 23:45:46 PM - __main__ - INFO - 	Finished converting image for hysteresis at D=375 nm and Ms=400 kA/m
2025/11/20 23:45:46 PM - __main__ - INFO - Running simulation for D=375 nm and Msat=420 kA/m
2025/11/20 23:47:40 PM - __main__ - INFO - 	 Simulation time=114.16 s
2025/11/20 23:47:53 PM - __main__ - INFO - 	Finished converting image for hysteresis at D=375 nm and Ms=420 kA/m
2025/11/20 23:47:53 PM - __main__ - INFO - Running simulation for D=375 nm and Msat=440 kA/m
2025/11/20 23:49:18 PM - __main__ - INFO - 	 Simulation time=85.71 s
2025/11/20 23:49:31 PM - __main__ - INFO - 	Finished converting image for hysteresis at D=375 nm and Ms=440 kA/m
2025/11/20 23:49:31 PM - __main__ - INFO - Running simulation for D=450 nm and Msat=260 kA/m
2025/11/20 23:49:40 PM - __main__ - INFO - 	 Simulation time=9.02 s
2025/11/20 23:49:55 PM - __main__ - INFO - 	Finished converting image for hysteresis at D=450 nm and Ms=260 kA/m
2025/11/20 23:49:55 PM - __main__ - INFO - Running simulation for D=450 nm and Msat=280 kA/m
2025/11/20 23:50:04 PM - __main__ - INFO - 	 Simulation time=9.50 s
2025/11/20 23:50:19 PM - __main__ - INFO - 	Finished converting image for hysteresis at D=450 nm and Ms=280 kA/m
2025/11/20 23:50:19 PM - __main__ - INFO - Running simulation for D=450 nm and Msat=300 kA/m
2025/11/20 23:50:29 PM - __main__ - INFO - 	 Simulation time=9.61 s
2025/11/20 23:50:43 PM - __main__ - INFO - 	Finished converting image for hysteresis at D=450 nm and Ms=300 kA/m
2025/11/20 23:50:43 PM - __main__ - INFO - Running simulation for D=450 nm and Msat=320 kA/m
2025/11/20 23:52:39 PM - __main__ - INFO - 	 Simulation time=115.75 s
2025/11/20 23:52:53 PM - __main__ - INFO - 	Finished converting image for hysteresis at D=450 nm and Ms=320 kA/m
2025/11/20 23:52:53 PM - __main__ - INFO - Running simulation for D=450 nm and Msat=340 kA/m
2025/11/20 23:53:09 PM - __main__ - INFO - 	 Simulation time=16.01 s
2025/11/20 23:53:25 PM - __main__ - INFO - 	Finished converting image for hysteresis at D=450 nm and Ms=340 kA/m
2025/11/20 23:53:25 PM - __main__ - INFO - Running simulation for D=450 nm and Msat=360 kA/m
2025/11/20 23:54:12 PM - __main__ - INFO - 	 Simulation time=47.12 s
2025/11/20 23:54:28 PM - __main__ - INFO - 	Finished converting image for hysteresis at D=450 nm and Ms=360 kA/m
2025/11/20 23:54:28 PM - __main__ - INFO - Running simulation for D=450 nm and Msat=380 kA/m
2025/11/20 23:55:17 PM - __main__ - INFO - 	 Simulation time=48.72 s
2025/11/20 23:55:31 PM - __main__ - INFO - 	Finished converting image for hysteresis at D=450 nm and Ms=380 kA/m
2025/11/20 23:55:31 PM - __main__ - INFO - Running simulation for D=450 nm and Msat=400 kA/m
2025/11/20 23:58:42 PM - __main__ - INFO - 	 Simulation time=191.09 s
2025/11/20 23:58:57 PM - __main__ - INFO - 	Finished converting image for hysteresis at D=450 nm and Ms=400 kA/m
2025/11/20 23:58:57 PM - __main__ - INFO - Running simulation for D=450 nm and Msat=420 kA/m
2025/11/21 00:01:20 AM - __main__ - INFO - 	 Simulation time=143.04 s
2025/11/21 00:01:34 AM - __main__ - INFO - 	Finished converting image for hysteresis at D=450 nm and Ms=420 kA/m
2025/11/21 00:01:34 AM - __main__ - INFO - Running simulation for D=450 nm and Msat=440 kA/m
2025/11/21 00:09:34 AM - __main__ - INFO - 	 Simulation time=479.74 s
2025/11/21 00:09:48 AM - __main__ - INFO - 	Finished converting image for hysteresis at D=450 nm and Ms=440 kA/m
2025/11/21 00:09:48 AM - __main__ - INFO - Running simulation for D=525 nm and Msat=260 kA/m
2025/11/21 00:10:00 AM - __main__ - INFO - 	 Simulation time=12.09 s
2025/11/21 00:10:16 AM - __main__ - INFO - 	Finished converting image for hysteresis at D=525 nm and Ms=260 kA/m
2025/11/21 00:10:16 AM - __main__ - INFO - Running simulation for D=525 nm and Msat=280 kA/m
2025/11/21 00:10:27 AM - __main__ - INFO - 	 Simulation time=11.84 s
2025/11/21 00:10:41 AM - __main__ - INFO - 	Finished converting image for hysteresis at D=525 nm and Ms=280 kA/m
2025/11/21 00:10:41 AM - __main__ - INFO - Running simulation for D=525 nm and Msat=300 kA/m
2025/11/21 00:10:54 AM - __main__ - INFO - 	 Simulation time=13.61 s
2025/11/21 00:11:09 AM - __main__ - INFO - 	Finished converting image for hysteresis at D=525 nm and Ms=300 kA/m
2025/11/21 00:11:09 AM - __main__ - INFO - Running simulation for D=525 nm and Msat=320 kA/m
2025/11/21 00:11:20 AM - __main__ - INFO - 	 Simulation time=11.68 s
2025/11/21 00:11:36 AM - __main__ - INFO - 	Finished converting image for hysteresis at D=525 nm and Ms=320 kA/m
2025/11/21 00:11:36 AM - __main__ - INFO - Running simulation for D=525 nm and Msat=340 kA/m
2025/11/21 00:11:50 AM - __main__ - INFO - 	 Simulation time=14.01 s
2025/11/21 00:12:04 AM - __main__ - INFO - 	Finished converting image for hysteresis at D=525 nm and Ms=340 kA/m
2025/11/21 00:12:04 AM - __main__ - INFO - Running simulation for D=525 nm and Msat=360 kA/m
2025/11/21 00:12:53 AM - __main__ - INFO - 	 Simulation time=48.51 s
2025/11/21 00:13:09 AM - __main__ - INFO - 	Finished converting image for hysteresis at D=525 nm and Ms=360 kA/m
2025/11/21 00:13:09 AM - __main__ - INFO - Running simulation for D=525 nm and Msat=380 kA/m
2025/11/21 00:13:49 AM - __main__ - INFO - 	 Simulation time=40.90 s
2025/11/21 00:14:05 AM - __main__ - INFO - 	Finished converting image for hysteresis at D=525 nm and Ms=380 kA/m
2025/11/21 00:14:05 AM - __main__ - INFO - Running simulation for D=525 nm and Msat=400 kA/m
2025/11/21 00:16:31 AM - __main__ - INFO - 	 Simulation time=146.40 s
2025/11/21 00:16:46 AM - __main__ - INFO - 	Finished converting image for hysteresis at D=525 nm and Ms=400 kA/m
2025/11/21 00:16:46 AM - __main__ - INFO - Running simulation for D=525 nm and Msat=420 kA/m
2025/11/21 00:23:09 AM - __main__ - INFO - 	 Simulation time=382.41 s
2025/11/21 00:23:24 AM - __main__ - INFO - 	Finished converting image for hysteresis at D=525 nm and Ms=420 kA/m
2025/11/21 00:23:24 AM - __main__ - INFO - Running simulation for D=525 nm and Msat=440 kA/m
2025/11/21 00:29:37 AM - __main__ - INFO - 	 Simulation time=373.00 s
2025/11/21 00:29:52 AM - __main__ - INFO - 	Finished converting image for hysteresis at D=525 nm and Ms=440 kA/m
2025/11/21 00:29:52 AM - __main__ - INFO - Running simulation for D=600 nm and Msat=260 kA/m
2025/11/21 00:30:02 AM - __main__ - INFO - 	 Simulation time=9.84 s
2025/11/21 00:30:17 AM - __main__ - INFO - 	Finished converting image for hysteresis at D=600 nm and Ms=260 kA/m
2025/11/21 00:30:17 AM - __main__ - INFO - Running simulation for D=600 nm and Msat=280 kA/m
2025/11/21 00:30:30 AM - __main__ - INFO - 	 Simulation time=12.64 s
2025/11/21 00:30:47 AM - __main__ - INFO - 	Finished converting image for hysteresis at D=600 nm and Ms=280 kA/m
2025/11/21 00:30:47 AM - __main__ - INFO - Running simulation for D=600 nm and Msat=300 kA/m
2025/11/21 00:31:00 AM - __main__ - INFO - 	 Simulation time=12.43 s
2025/11/21 00:31:15 AM - __main__ - INFO - 	Finished converting image for hysteresis at D=600 nm and Ms=300 kA/m
2025/11/21 00:31:15 AM - __main__ - INFO - Running simulation for D=600 nm and Msat=320 kA/m
2025/11/21 00:31:27 AM - __main__ - INFO - 	 Simulation time=12.00 s
2025/11/21 00:31:42 AM - __main__ - INFO - 	Finished converting image for hysteresis at D=600 nm and Ms=320 kA/m
2025/11/21 00:31:42 AM - __main__ - INFO - Running simulation for D=600 nm and Msat=340 kA/m
2025/11/21 00:32:13 AM - __main__ - INFO - 	 Simulation time=30.89 s
2025/11/21 00:32:30 AM - __main__ - INFO - 	Finished converting image for hysteresis at D=600 nm and Ms=340 kA/m
2025/11/21 00:32:30 AM - __main__ - INFO - Running simulation for D=600 nm and Msat=360 kA/m
2025/11/21 00:33:18 AM - __main__ - INFO - 	 Simulation time=47.87 s
2025/11/21 00:33:35 AM - __main__ - INFO - 	Finished converting image for hysteresis at D=600 nm and Ms=360 kA/m
2025/11/21 00:33:35 AM - __main__ - INFO - Running simulation for D=600 nm and Msat=380 kA/m
2025/11/21 00:34:35 AM - __main__ - INFO - 	 Simulation time=60.55 s
2025/11/21 00:34:52 AM - __main__ - INFO - 	Finished converting image for hysteresis at D=600 nm and Ms=380 kA/m
2025/11/21 00:34:52 AM - __main__ - INFO - Running simulation for D=600 nm and Msat=400 kA/m
2025/11/21 00:38:16 AM - __main__ - INFO - 	 Simulation time=204.38 s
2025/11/21 00:38:32 AM - __main__ - INFO - 	Finished converting image for hysteresis at D=600 nm and Ms=400 kA/m
2025/11/21 00:38:32 AM - __main__ - INFO - Running simulation for D=600 nm and Msat=420 kA/m
2025/11/21 00:46:21 AM - __main__ - INFO - 	 Simulation time=468.55 s
2025/11/21 00:46:39 AM - __main__ - INFO - 	Finished converting image for hysteresis at D=600 nm and Ms=420 kA/m
2025/11/21 00:46:39 AM - __main__ - INFO - Running simulation for D=600 nm and Msat=440 kA/m
2025/11/21 01:05:48 AM - __main__ - INFO - 	 Simulation time=1149.05 s
2025/11/21 01:06:04 AM - __main__ - INFO - 	Finished converting image for hysteresis at D=600 nm and Ms=440 kA/m
2025/11/21 01:06:04 AM - __main__ - INFO - Running simulation for D=675 nm and Msat=260 kA/m
2025/11/21 01:06:17 AM - __main__ - INFO - 	 Simulation time=13.27 s
2025/11/21 01:06:36 AM - __main__ - INFO - 	Finished converting image for hysteresis at D=675 nm and Ms=260 kA/m
2025/11/21 01:06:36 AM - __main__ - INFO - Running simulation for D=675 nm and Msat=280 kA/m
2025/11/21 01:06:52 AM - __main__ - INFO - 	 Simulation time=16.26 s
2025/11/21 01:07:09 AM - __main__ - INFO - 	Finished converting image for hysteresis at D=675 nm and Ms=280 kA/m
2025/11/21 01:07:09 AM - __main__ - INFO - Running simulation for D=675 nm and Msat=300 kA/m
2025/11/21 01:07:22 AM - __main__ - INFO - 	 Simulation time=12.71 s
2025/11/21 01:07:40 AM - __main__ - INFO - 	Finished converting image for hysteresis at D=675 nm and Ms=300 kA/m
2025/11/21 01:07:40 AM - __main__ - INFO - Running simulation for D=675 nm and Msat=320 kA/m
2025/11/21 01:07:54 AM - __main__ - INFO - 	 Simulation time=13.57 s
2025/11/21 01:08:12 AM - __main__ - INFO - 	Finished converting image for hysteresis at D=675 nm and Ms=320 kA/m
2025/11/21 01:08:12 AM - __main__ - INFO - Running simulation for D=675 nm and Msat=340 kA/m
2025/11/21 01:08:29 AM - __main__ - INFO - 	 Simulation time=16.40 s
2025/11/21 01:08:47 AM - __main__ - INFO - 	Finished converting image for hysteresis at D=675 nm and Ms=340 kA/m
2025/11/21 01:08:47 AM - __main__ - INFO - Running simulation for D=675 nm and Msat=360 kA/m
2025/11/21 01:09:28 AM - __main__ - INFO - 	 Simulation time=41.05 s
2025/11/21 01:09:45 AM - __main__ - INFO - 	Finished converting image for hysteresis at D=675 nm and Ms=360 kA/m
2025/11/21 01:09:45 AM - __main__ - INFO - Running simulation for D=675 nm and Msat=380 kA/m
2025/11/21 01:10:49 AM - __main__ - INFO - 	 Simulation time=64.06 s
2025/11/21 01:11:08 AM - __main__ - INFO - 	Finished converting image for hysteresis at D=675 nm and Ms=380 kA/m
2025/11/21 01:11:08 AM - __main__ - INFO - Running simulation for D=675 nm and Msat=400 kA/m
2025/11/21 01:16:15 AM - __main__ - INFO - 	 Simulation time=306.89 s
2025/11/21 01:16:34 AM - __main__ - INFO - 	Finished converting image for hysteresis at D=675 nm and Ms=400 kA/m
2025/11/21 01:16:34 AM - __main__ - INFO - Running simulation for D=675 nm and Msat=420 kA/m
2025/11/21 01:34:14 AM - __main__ - INFO - 	 Simulation time=1060.06 s
2025/11/21 01:34:31 AM - __main__ - INFO - 	Finished converting image for hysteresis at D=675 nm and Ms=420 kA/m
2025/11/21 01:34:31 AM - __main__ - INFO - Running simulation for D=675 nm and Msat=440 kA/m
2025/11/21 01:44:07 AM - __main__ - INFO - 	 Simulation time=575.65 s
2025/11/21 01:44:26 AM - __main__ - INFO - 	Finished converting image for hysteresis at D=675 nm and Ms=440 kA/m
2025/11/21 01:44:26 AM - __main__ - INFO - Running simulation for D=750 nm and Msat=260 kA/m
2025/11/21 01:44:40 AM - __main__ - INFO - 	 Simulation time=14.46 s
2025/11/21 01:44:58 AM - __main__ - INFO - 	Finished converting image for hysteresis at D=750 nm and Ms=260 kA/m
2025/11/21 01:44:58 AM - __main__ - INFO - Running simulation for D=750 nm and Msat=280 kA/m
2025/11/21 01:45:17 AM - __main__ - INFO - 	 Simulation time=18.42 s
2025/11/21 01:45:36 AM - __main__ - INFO - 	Finished converting image for hysteresis at D=750 nm and Ms=280 kA/m
2025/11/21 01:45:36 AM - __main__ - INFO - Running simulation for D=750 nm and Msat=300 kA/m
2025/11/21 01:45:53 AM - __main__ - INFO - 	 Simulation time=16.86 s
2025/11/21 01:46:13 AM - __main__ - INFO - 	Finished converting image for hysteresis at D=750 nm and Ms=300 kA/m
2025/11/21 01:46:13 AM - __main__ - INFO - Running simulation for D=750 nm and Msat=320 kA/m
2025/11/21 01:46:33 AM - __main__ - INFO - 	 Simulation time=19.36 s
2025/11/21 01:46:50 AM - __main__ - INFO - 	Finished converting image for hysteresis at D=750 nm and Ms=320 kA/m
2025/11/21 01:46:50 AM - __main__ - INFO - Running simulation for D=750 nm and Msat=340 kA/m
2025/11/21 01:47:08 AM - __main__ - INFO - 	 Simulation time=17.20 s
2025/11/21 01:47:25 AM - __main__ - INFO - 	Finished converting image for hysteresis at D=750 nm and Ms=340 kA/m
2025/11/21 01:47:25 AM - __main__ - INFO - Running simulation for D=750 nm and Msat=360 kA/m
2025/11/21 01:48:28 AM - __main__ - INFO - 	 Simulation time=63.40 s
2025/11/21 01:48:48 AM - __main__ - INFO - 	Finished converting image for hysteresis at D=750 nm and Ms=360 kA/m
2025/11/21 01:48:48 AM - __main__ - INFO - Running simulation for D=750 nm and Msat=380 kA/m
2025/11/21 01:49:42 AM - __main__ - INFO - 	 Simulation time=54.58 s
2025/11/21 01:49:59 AM - __main__ - INFO - 	Finished converting image for hysteresis at D=750 nm and Ms=380 kA/m
2025/11/21 01:49:59 AM - __main__ - INFO - Running simulation for D=750 nm and Msat=400 kA/m
2025/11/21 01:54:39 AM - __main__ - INFO - 	 Simulation time=280.36 s
2025/11/21 01:54:57 AM - __main__ - INFO - 	Finished converting image for hysteresis at D=750 nm and Ms=400 kA/m
2025/11/21 01:54:57 AM - __main__ - INFO - Running simulation for D=750 nm and Msat=420 kA/m
2025/11/21 02:20:16 AM - __main__ - INFO - 	 Simulation time=1518.82 s
2025/11/21 02:20:35 AM - __main__ - INFO - 	Finished converting image for hysteresis at D=750 nm and Ms=420 kA/m
2025/11/21 02:20:35 AM - __main__ - INFO - Running simulation for D=750 nm and Msat=440 kA/m
2025/11/21 03:05:10 AM - __main__ - INFO - 	 Simulation time=2674.34 s
2025/11/21 03:05:29 AM - __main__ - INFO - 	Finished converting image for hysteresis at D=750 nm and Ms=440 kA/m
2025/11/21 03:05:29 AM - __main__ - INFO - ---FOR Ku = 0.14 MJ/m3---
2025/11/21 03:05:29 AM - __main__ - INFO - Running simulation for D=150 nm and Msat=260 kA/m
2025/11/21 03:05:36 AM - __main__ - INFO - 	 Simulation time=6.92 s
2025/11/21 03:05:47 AM - __main__ - INFO - 	Finished converting image for hysteresis at D=150 nm and Ms=260 kA/m
2025/11/21 03:05:47 AM - __main__ - INFO - Running simulation for D=150 nm and Msat=280 kA/m
2025/11/21 03:05:53 AM - __main__ - INFO - 	 Simulation time=6.68 s
2025/11/21 03:06:05 AM - __main__ - INFO - 	Finished converting image for hysteresis at D=150 nm and Ms=280 kA/m
2025/11/21 03:06:05 AM - __main__ - INFO - Running simulation for D=150 nm and Msat=300 kA/m
2025/11/21 03:06:12 AM - __main__ - INFO - 	 Simulation time=6.79 s
2025/11/21 03:06:23 AM - __main__ - INFO - 	Finished converting image for hysteresis at D=150 nm and Ms=300 kA/m
2025/11/21 03:06:23 AM - __main__ - INFO - Running simulation for D=150 nm and Msat=320 kA/m
2025/11/21 03:06:29 AM - __main__ - INFO - 	 Simulation time=6.48 s
2025/11/21 03:06:43 AM - __main__ - INFO - 	Finished converting image for hysteresis at D=150 nm and Ms=320 kA/m
2025/11/21 03:06:43 AM - __main__ - INFO - Running simulation for D=150 nm and Msat=340 kA/m
2025/11/21 03:06:54 AM - __main__ - INFO - 	 Simulation time=10.93 s
2025/11/21 03:07:05 AM - __main__ - INFO - 	Finished converting image for hysteresis at D=150 nm and Ms=340 kA/m
2025/11/21 03:07:05 AM - __main__ - INFO - Running simulation for D=150 nm and Msat=360 kA/m
2025/11/21 03:07:13 AM - __main__ - INFO - 	 Simulation time=7.76 s
2025/11/21 03:07:23 AM - __main__ - INFO - 	Finished converting image for hysteresis at D=150 nm and Ms=360 kA/m
2025/11/21 03:07:23 AM - __main__ - INFO - Running simulation for D=150 nm and Msat=380 kA/m
2025/11/21 03:07:32 AM - __main__ - INFO - 	 Simulation time=8.93 s
2025/11/21 03:07:44 AM - __main__ - INFO - 	Finished converting image for hysteresis at D=150 nm and Ms=380 kA/m
2025/11/21 03:07:44 AM - __main__ - INFO - Running simulation for D=150 nm and Msat=400 kA/m
2025/11/21 03:07:58 AM - __main__ - INFO - 	 Simulation time=14.28 s
2025/11/21 03:08:11 AM - __main__ - INFO - 	Finished converting image for hysteresis at D=150 nm and Ms=400 kA/m
2025/11/21 03:08:11 AM - __main__ - INFO - Running simulation for D=150 nm and Msat=420 kA/m
2025/11/21 03:08:37 AM - __main__ - INFO - 	 Simulation time=26.35 s
2025/11/21 03:08:49 AM - __main__ - INFO - 	Finished converting image for hysteresis at D=150 nm and Ms=420 kA/m
2025/11/21 03:08:49 AM - __main__ - INFO - Running simulation for D=150 nm and Msat=440 kA/m
2025/11/21 03:09:19 AM - __main__ - INFO - 	 Simulation time=30.81 s
2025/11/21 03:09:31 AM - __main__ - INFO - 	Finished converting image for hysteresis at D=150 nm and Ms=440 kA/m
2025/11/21 03:09:31 AM - __main__ - INFO - Running simulation for D=225 nm and Msat=260 kA/m
2025/11/21 03:09:41 AM - __main__ - INFO - 	 Simulation time=9.38 s
2025/11/21 03:09:51 AM - __main__ - INFO - 	Finished converting image for hysteresis at D=225 nm and Ms=260 kA/m
2025/11/21 03:09:51 AM - __main__ - INFO - Running simulation for D=225 nm and Msat=280 kA/m
2025/11/21 03:10:01 AM - __main__ - INFO - 	 Simulation time=9.45 s
2025/11/21 03:10:12 AM - __main__ - INFO - 	Finished converting image for hysteresis at D=225 nm and Ms=280 kA/m
2025/11/21 03:10:12 AM - __main__ - INFO - Running simulation for D=225 nm and Msat=300 kA/m
2025/11/21 03:10:22 AM - __main__ - INFO - 	 Simulation time=9.88 s
2025/11/21 03:10:34 AM - __main__ - INFO - 	Finished converting image for hysteresis at D=225 nm and Ms=300 kA/m
2025/11/21 03:10:34 AM - __main__ - INFO - Running simulation for D=225 nm and Msat=320 kA/m
2025/11/21 03:10:45 AM - __main__ - INFO - 	 Simulation time=10.80 s
2025/11/21 03:10:57 AM - __main__ - INFO - 	Finished converting image for hysteresis at D=225 nm and Ms=320 kA/m
2025/11/21 03:10:57 AM - __main__ - INFO - Running simulation for D=225 nm and Msat=340 kA/m
2025/11/21 03:11:04 AM - __main__ - INFO - 	 Simulation time=7.69 s
2025/11/21 03:11:16 AM - __main__ - INFO - 	Finished converting image for hysteresis at D=225 nm and Ms=340 kA/m
2025/11/21 03:11:16 AM - __main__ - INFO - Running simulation for D=225 nm and Msat=360 kA/m
2025/11/21 03:11:24 AM - __main__ - INFO - 	 Simulation time=8.07 s
2025/11/21 03:11:36 AM - __main__ - INFO - 	Finished converting image for hysteresis at D=225 nm and Ms=360 kA/m
2025/11/21 03:11:36 AM - __main__ - INFO - Running simulation for D=225 nm and Msat=380 kA/m
2025/11/21 03:11:47 AM - __main__ - INFO - 	 Simulation time=11.18 s
2025/11/21 03:11:59 AM - __main__ - INFO - 	Finished converting image for hysteresis at D=225 nm and Ms=380 kA/m
2025/11/21 03:11:59 AM - __main__ - INFO - Running simulation for D=225 nm and Msat=400 kA/m
2025/11/21 03:12:24 AM - __main__ - INFO - 	 Simulation time=24.66 s
2025/11/21 03:12:35 AM - __main__ - INFO - 	Finished converting image for hysteresis at D=225 nm and Ms=400 kA/m
2025/11/21 03:12:35 AM - __main__ - INFO - Running simulation for D=225 nm and Msat=420 kA/m
2025/11/21 03:13:15 AM - __main__ - INFO - 	 Simulation time=39.70 s
2025/11/21 03:13:28 AM - __main__ - INFO - 	Finished converting image for hysteresis at D=225 nm and Ms=420 kA/m
2025/11/21 03:13:28 AM - __main__ - INFO - Running simulation for D=225 nm and Msat=440 kA/m
2025/11/21 03:14:21 AM - __main__ - INFO - 	 Simulation time=52.41 s
2025/11/21 03:14:33 AM - __main__ - INFO - 	Finished converting image for hysteresis at D=225 nm and Ms=440 kA/m
2025/11/21 03:14:33 AM - __main__ - INFO - Running simulation for D=300 nm and Msat=260 kA/m
2025/11/21 03:14:42 AM - __main__ - INFO - 	 Simulation time=9.27 s
2025/11/21 03:14:54 AM - __main__ - INFO - 	Finished converting image for hysteresis at D=300 nm and Ms=260 kA/m
2025/11/21 03:14:54 AM - __main__ - INFO - Running simulation for D=300 nm and Msat=280 kA/m
2025/11/21 03:15:04 AM - __main__ - INFO - 	 Simulation time=10.12 s
2025/11/21 03:15:16 AM - __main__ - INFO - 	Finished converting image for hysteresis at D=300 nm and Ms=280 kA/m
2025/11/21 03:15:16 AM - __main__ - INFO - Running simulation for D=300 nm and Msat=300 kA/m
2025/11/21 03:15:25 AM - __main__ - INFO - 	 Simulation time=9.28 s
2025/11/21 03:15:37 AM - __main__ - INFO - 	Finished converting image for hysteresis at D=300 nm and Ms=300 kA/m
2025/11/21 03:15:37 AM - __main__ - INFO - Running simulation for D=300 nm and Msat=320 kA/m
2025/11/21 03:15:46 AM - __main__ - INFO - 	 Simulation time=9.72 s
2025/11/21 03:15:58 AM - __main__ - INFO - 	Finished converting image for hysteresis at D=300 nm and Ms=320 kA/m
2025/11/21 03:15:58 AM - __main__ - INFO - Running simulation for D=300 nm and Msat=340 kA/m
2025/11/21 03:16:08 AM - __main__ - INFO - 	 Simulation time=9.65 s
2025/11/21 03:16:20 AM - __main__ - INFO - 	Finished converting image for hysteresis at D=300 nm and Ms=340 kA/m
2025/11/21 03:16:20 AM - __main__ - INFO - Running simulation for D=300 nm and Msat=360 kA/m
2025/11/21 03:16:32 AM - __main__ - INFO - 	 Simulation time=12.22 s
2025/11/21 03:16:43 AM - __main__ - INFO - 	Finished converting image for hysteresis at D=300 nm and Ms=360 kA/m
2025/11/21 03:16:43 AM - __main__ - INFO - Running simulation for D=300 nm and Msat=380 kA/m
2025/11/21 03:16:57 AM - __main__ - INFO - 	 Simulation time=14.05 s
2025/11/21 03:17:09 AM - __main__ - INFO - 	Finished converting image for hysteresis at D=300 nm and Ms=380 kA/m
2025/11/21 03:17:09 AM - __main__ - INFO - Running simulation for D=300 nm and Msat=400 kA/m
2025/11/21 03:17:56 AM - __main__ - INFO - 	 Simulation time=47.34 s
2025/11/21 03:18:09 AM - __main__ - INFO - 	Finished converting image for hysteresis at D=300 nm and Ms=400 kA/m
2025/11/21 03:18:09 AM - __main__ - INFO - Running simulation for D=300 nm and Msat=420 kA/m
2025/11/21 03:18:52 AM - __main__ - INFO - 	 Simulation time=42.63 s
2025/11/21 03:19:04 AM - __main__ - INFO - 	Finished converting image for hysteresis at D=300 nm and Ms=420 kA/m
2025/11/21 03:19:04 AM - __main__ - INFO - Running simulation for D=300 nm and Msat=440 kA/m
2025/11/21 03:20:22 AM - __main__ - INFO - 	 Simulation time=77.80 s
2025/11/21 03:20:33 AM - __main__ - INFO - 	Finished converting image for hysteresis at D=300 nm and Ms=440 kA/m
2025/11/21 03:20:33 AM - __main__ - INFO - Running simulation for D=375 nm and Msat=260 kA/m
2025/11/21 03:20:47 AM - __main__ - INFO - 	 Simulation time=14.26 s
2025/11/21 03:21:00 AM - __main__ - INFO - 	Finished converting image for hysteresis at D=375 nm and Ms=260 kA/m
2025/11/21 03:21:00 AM - __main__ - INFO - Running simulation for D=375 nm and Msat=280 kA/m
2025/11/21 03:21:09 AM - __main__ - INFO - 	 Simulation time=9.36 s
2025/11/21 03:21:22 AM - __main__ - INFO - 	Finished converting image for hysteresis at D=375 nm and Ms=280 kA/m
2025/11/21 03:21:22 AM - __main__ - INFO - Running simulation for D=375 nm and Msat=300 kA/m
2025/11/21 03:21:30 AM - __main__ - INFO - 	 Simulation time=8.57 s
2025/11/21 03:21:44 AM - __main__ - INFO - 	Finished converting image for hysteresis at D=375 nm and Ms=300 kA/m
2025/11/21 03:21:44 AM - __main__ - INFO - Running simulation for D=375 nm and Msat=320 kA/m
2025/11/21 03:21:57 AM - __main__ - INFO - 	 Simulation time=12.92 s
2025/11/21 03:22:09 AM - __main__ - INFO - 	Finished converting image for hysteresis at D=375 nm and Ms=320 kA/m
2025/11/21 03:22:09 AM - __main__ - INFO - Running simulation for D=375 nm and Msat=340 kA/m
2025/11/21 03:22:17 AM - __main__ - INFO - 	 Simulation time=8.07 s
2025/11/21 03:22:29 AM - __main__ - INFO - 	Finished converting image for hysteresis at D=375 nm and Ms=340 kA/m
2025/11/21 03:22:29 AM - __main__ - INFO - Running simulation for D=375 nm and Msat=360 kA/m
2025/11/21 03:23:28 AM - __main__ - INFO - 	 Simulation time=59.46 s
2025/11/21 03:23:40 AM - __main__ - INFO - 	Finished converting image for hysteresis at D=375 nm and Ms=360 kA/m
2025/11/21 03:23:40 AM - __main__ - INFO - Running simulation for D=375 nm and Msat=380 kA/m
2025/11/21 03:23:52 AM - __main__ - INFO - 	 Simulation time=12.00 s
2025/11/21 03:24:05 AM - __main__ - INFO - 	Finished converting image for hysteresis at D=375 nm and Ms=380 kA/m
2025/11/21 03:24:05 AM - __main__ - INFO - Running simulation for D=375 nm and Msat=400 kA/m
2025/11/21 03:24:57 AM - __main__ - INFO - 	 Simulation time=52.06 s
2025/11/21 03:25:09 AM - __main__ - INFO - 	Finished converting image for hysteresis at D=375 nm and Ms=400 kA/m
2025/11/21 03:25:09 AM - __main__ - INFO - Running simulation for D=375 nm and Msat=420 kA/m
2025/11/21 03:25:50 AM - __main__ - INFO - 	 Simulation time=40.11 s
2025/11/21 03:26:02 AM - __main__ - INFO - 	Finished converting image for hysteresis at D=375 nm and Ms=420 kA/m
2025/11/21 03:26:02 AM - __main__ - INFO - Running simulation for D=375 nm and Msat=440 kA/m
2025/11/21 03:27:45 AM - __main__ - INFO - 	 Simulation time=103.31 s
2025/11/21 03:27:58 AM - __main__ - INFO - 	Finished converting image for hysteresis at D=375 nm and Ms=440 kA/m
2025/11/21 03:27:58 AM - __main__ - INFO - Running simulation for D=450 nm and Msat=260 kA/m
2025/11/21 03:28:53 AM - __main__ - INFO - 	 Simulation time=55.15 s
2025/11/21 03:29:08 AM - __main__ - INFO - 	Finished converting image for hysteresis at D=450 nm and Ms=260 kA/m
2025/11/21 03:29:08 AM - __main__ - INFO - Running simulation for D=450 nm and Msat=280 kA/m
2025/11/21 03:29:15 AM - __main__ - INFO - 	 Simulation time=7.35 s
2025/11/21 03:29:31 AM - __main__ - INFO - 	Finished converting image for hysteresis at D=450 nm and Ms=280 kA/m
2025/11/21 03:29:31 AM - __main__ - INFO - Running simulation for D=450 nm and Msat=300 kA/m
2025/11/21 03:29:40 AM - __main__ - INFO - 	 Simulation time=8.97 s
2025/11/21 03:29:55 AM - __main__ - INFO - 	Finished converting image for hysteresis at D=450 nm and Ms=300 kA/m
2025/11/21 03:29:55 AM - __main__ - INFO - Running simulation for D=450 nm and Msat=320 kA/m
2025/11/21 03:30:04 AM - __main__ - INFO - 	 Simulation time=9.28 s
2025/11/21 03:30:19 AM - __main__ - INFO - 	Finished converting image for hysteresis at D=450 nm and Ms=320 kA/m
2025/11/21 03:30:19 AM - __main__ - INFO - Running simulation for D=450 nm and Msat=340 kA/m
2025/11/21 03:30:28 AM - __main__ - INFO - 	 Simulation time=9.51 s
2025/11/21 03:30:43 AM - __main__ - INFO - 	Finished converting image for hysteresis at D=450 nm and Ms=340 kA/m
2025/11/21 03:30:43 AM - __main__ - INFO - Running simulation for D=450 nm and Msat=360 kA/m
2025/11/21 03:30:56 AM - __main__ - INFO - 	 Simulation time=13.25 s
2025/11/21 03:31:11 AM - __main__ - INFO - 	Finished converting image for hysteresis at D=450 nm and Ms=360 kA/m
2025/11/21 03:31:11 AM - __main__ - INFO - Running simulation for D=450 nm and Msat=380 kA/m
2025/11/21 03:31:23 AM - __main__ - INFO - 	 Simulation time=11.96 s
2025/11/21 03:31:37 AM - __main__ - INFO - 	Finished converting image for hysteresis at D=450 nm and Ms=380 kA/m
2025/11/21 03:31:37 AM - __main__ - INFO - Running simulation for D=450 nm and Msat=400 kA/m
2025/11/21 03:32:43 AM - __main__ - INFO - 	 Simulation time=66.13 s
2025/11/21 03:32:58 AM - __main__ - INFO - 	Finished converting image for hysteresis at D=450 nm and Ms=400 kA/m
2025/11/21 03:32:58 AM - __main__ - INFO - Running simulation for D=450 nm and Msat=420 kA/m
2025/11/21 03:33:49 AM - __main__ - INFO - 	 Simulation time=50.52 s
2025/11/21 03:34:04 AM - __main__ - INFO - 	Finished converting image for hysteresis at D=450 nm and Ms=420 kA/m
2025/11/21 03:34:04 AM - __main__ - INFO - Running simulation for D=450 nm and Msat=440 kA/m
2025/11/21 03:36:18 AM - __main__ - INFO - 	 Simulation time=134.20 s
2025/11/21 03:36:34 AM - __main__ - INFO - 	Finished converting image for hysteresis at D=450 nm and Ms=440 kA/m
2025/11/21 03:36:34 AM - __main__ - INFO - Running simulation for D=525 nm and Msat=260 kA/m
2025/11/21 03:36:42 AM - __main__ - INFO - 	 Simulation time=8.34 s
2025/11/21 03:36:58 AM - __main__ - INFO - 	Finished converting image for hysteresis at D=525 nm and Ms=260 kA/m
2025/11/21 03:36:58 AM - __main__ - INFO - Running simulation for D=525 nm and Msat=280 kA/m
2025/11/21 03:37:07 AM - __main__ - INFO - 	 Simulation time=9.37 s
2025/11/21 03:37:22 AM - __main__ - INFO - 	Finished converting image for hysteresis at D=525 nm and Ms=280 kA/m
2025/11/21 03:37:22 AM - __main__ - INFO - Running simulation for D=525 nm and Msat=300 kA/m
2025/11/21 03:37:30 AM - __main__ - INFO - 	 Simulation time=8.12 s
2025/11/21 03:37:45 AM - __main__ - INFO - 	Finished converting image for hysteresis at D=525 nm and Ms=300 kA/m
2025/11/21 03:37:45 AM - __main__ - INFO - Running simulation for D=525 nm and Msat=320 kA/m
2025/11/21 03:37:55 AM - __main__ - INFO - 	 Simulation time=9.65 s
2025/11/21 03:38:10 AM - __main__ - INFO - 	Finished converting image for hysteresis at D=525 nm and Ms=320 kA/m
2025/11/21 03:38:10 AM - __main__ - INFO - Running simulation for D=525 nm and Msat=340 kA/m
2025/11/21 03:38:20 AM - __main__ - INFO - 	 Simulation time=9.95 s
2025/11/21 03:38:35 AM - __main__ - INFO - 	Finished converting image for hysteresis at D=525 nm and Ms=340 kA/m
2025/11/21 03:38:35 AM - __main__ - INFO - Running simulation for D=525 nm and Msat=360 kA/m
2025/11/21 03:38:48 AM - __main__ - INFO - 	 Simulation time=12.37 s
2025/11/21 03:39:03 AM - __main__ - INFO - 	Finished converting image for hysteresis at D=525 nm and Ms=360 kA/m
2025/11/21 03:39:03 AM - __main__ - INFO - Running simulation for D=525 nm and Msat=380 kA/m
2025/11/21 03:39:20 AM - __main__ - INFO - 	 Simulation time=16.67 s
2025/11/21 03:39:34 AM - __main__ - INFO - 	Finished converting image for hysteresis at D=525 nm and Ms=380 kA/m
2025/11/21 03:39:34 AM - __main__ - INFO - Running simulation for D=525 nm and Msat=400 kA/m
2025/11/21 03:40:26 AM - __main__ - INFO - 	 Simulation time=52.88 s
2025/11/21 03:40:43 AM - __main__ - INFO - 	Finished converting image for hysteresis at D=525 nm and Ms=400 kA/m
2025/11/21 03:40:43 AM - __main__ - INFO - Running simulation for D=525 nm and Msat=420 kA/m
2025/11/21 03:41:37 AM - __main__ - INFO - 	 Simulation time=53.20 s
2025/11/21 03:41:52 AM - __main__ - INFO - 	Finished converting image for hysteresis at D=525 nm and Ms=420 kA/m
2025/11/21 03:41:52 AM - __main__ - INFO - Running simulation for D=525 nm and Msat=440 kA/m
2025/11/21 03:44:31 AM - __main__ - INFO - 	 Simulation time=158.41 s
2025/11/21 03:44:46 AM - __main__ - INFO - 	Finished converting image for hysteresis at D=525 nm and Ms=440 kA/m
2025/11/21 03:44:46 AM - __main__ - INFO - Running simulation for D=600 nm and Msat=260 kA/m
2025/11/21 03:44:58 AM - __main__ - INFO - 	 Simulation time=12.52 s
2025/11/21 03:45:14 AM - __main__ - INFO - 	Finished converting image for hysteresis at D=600 nm and Ms=260 kA/m
2025/11/21 03:45:14 AM - __main__ - INFO - Running simulation for D=600 nm and Msat=280 kA/m
2025/11/21 03:45:24 AM - __main__ - INFO - 	 Simulation time=9.89 s
2025/11/21 03:45:41 AM - __main__ - INFO - 	Finished converting image for hysteresis at D=600 nm and Ms=280 kA/m
2025/11/21 03:45:41 AM - __main__ - INFO - Running simulation for D=600 nm and Msat=300 kA/m
2025/11/21 03:45:51 AM - __main__ - INFO - 	 Simulation time=10.50 s
2025/11/21 03:46:08 AM - __main__ - INFO - 	Finished converting image for hysteresis at D=600 nm and Ms=300 kA/m
2025/11/21 03:46:08 AM - __main__ - INFO - Running simulation for D=600 nm and Msat=320 kA/m
2025/11/21 03:46:21 AM - __main__ - INFO - 	 Simulation time=12.70 s
2025/11/21 03:46:36 AM - __main__ - INFO - 	Finished converting image for hysteresis at D=600 nm and Ms=320 kA/m
2025/11/21 03:46:36 AM - __main__ - INFO - Running simulation for D=600 nm and Msat=340 kA/m
2025/11/21 03:46:49 AM - __main__ - INFO - 	 Simulation time=13.79 s
2025/11/21 03:47:05 AM - __main__ - INFO - 	Finished converting image for hysteresis at D=600 nm and Ms=340 kA/m
2025/11/21 03:47:05 AM - __main__ - INFO - Running simulation for D=600 nm and Msat=360 kA/m
2025/11/21 03:47:17 AM - __main__ - INFO - 	 Simulation time=12.59 s
2025/11/21 03:47:33 AM - __main__ - INFO - 	Finished converting image for hysteresis at D=600 nm and Ms=360 kA/m
2025/11/21 03:47:33 AM - __main__ - INFO - Running simulation for D=600 nm and Msat=380 kA/m
2025/11/21 03:47:46 AM - __main__ - INFO - 	 Simulation time=13.38 s
2025/11/21 03:48:03 AM - __main__ - INFO - 	Finished converting image for hysteresis at D=600 nm and Ms=380 kA/m
2025/11/21 03:48:03 AM - __main__ - INFO - Running simulation for D=600 nm and Msat=400 kA/m
2025/11/21 03:49:01 AM - __main__ - INFO - 	 Simulation time=58.00 s
2025/11/21 03:49:17 AM - __main__ - INFO - 	Finished converting image for hysteresis at D=600 nm and Ms=400 kA/m
2025/11/21 03:49:17 AM - __main__ - INFO - Running simulation for D=600 nm and Msat=420 kA/m
2025/11/21 03:50:13 AM - __main__ - INFO - 	 Simulation time=55.62 s
2025/11/21 03:50:29 AM - __main__ - INFO - 	Finished converting image for hysteresis at D=600 nm and Ms=420 kA/m
2025/11/21 03:50:29 AM - __main__ - INFO - Running simulation for D=600 nm and Msat=440 kA/m
2025/11/21 04:21:58 AM - __main__ - INFO - 	 Simulation time=1888.57 s
2025/11/21 04:22:14 AM - __main__ - INFO - 	Finished converting image for hysteresis at D=600 nm and Ms=440 kA/m
2025/11/21 04:22:14 AM - __main__ - INFO - Running simulation for D=675 nm and Msat=260 kA/m
2025/11/21 04:22:28 AM - __main__ - INFO - 	 Simulation time=14.11 s
2025/11/21 04:22:45 AM - __main__ - INFO - 	Finished converting image for hysteresis at D=675 nm and Ms=260 kA/m
2025/11/21 04:22:45 AM - __main__ - INFO - Running simulation for D=675 nm and Msat=280 kA/m
2025/11/21 04:23:01 AM - __main__ - INFO - 	 Simulation time=15.92 s
2025/11/21 04:23:21 AM - __main__ - INFO - 	Finished converting image for hysteresis at D=675 nm and Ms=280 kA/m
2025/11/21 04:23:21 AM - __main__ - INFO - Running simulation for D=675 nm and Msat=300 kA/m
2025/11/21 04:23:33 AM - __main__ - INFO - 	 Simulation time=11.77 s
2025/11/21 04:23:51 AM - __main__ - INFO - 	Finished converting image for hysteresis at D=675 nm and Ms=300 kA/m
2025/11/21 04:23:51 AM - __main__ - INFO - Running simulation for D=675 nm and Msat=320 kA/m
2025/11/21 04:24:02 AM - __main__ - INFO - 	 Simulation time=11.84 s
2025/11/21 04:24:21 AM - __main__ - INFO - 	Finished converting image for hysteresis at D=675 nm and Ms=320 kA/m
2025/11/21 04:24:21 AM - __main__ - INFO - Running simulation for D=675 nm and Msat=340 kA/m
2025/11/21 04:24:34 AM - __main__ - INFO - 	 Simulation time=12.73 s
2025/11/21 04:24:51 AM - __main__ - INFO - 	Finished converting image for hysteresis at D=675 nm and Ms=340 kA/m
2025/11/21 04:24:51 AM - __main__ - INFO - Running simulation for D=675 nm and Msat=360 kA/m
2025/11/21 04:25:08 AM - __main__ - INFO - 	 Simulation time=17.72 s
2025/11/21 04:25:26 AM - __main__ - INFO - 	Finished converting image for hysteresis at D=675 nm and Ms=360 kA/m
2025/11/21 04:25:26 AM - __main__ - INFO - Running simulation for D=675 nm and Msat=380 kA/m
2025/11/21 04:26:22 AM - __main__ - INFO - 	 Simulation time=56.40 s
2025/11/21 04:26:40 AM - __main__ - INFO - 	Finished converting image for hysteresis at D=675 nm and Ms=380 kA/m
2025/11/21 04:26:40 AM - __main__ - INFO - Running simulation for D=675 nm and Msat=400 kA/m
2025/11/21 04:27:42 AM - __main__ - INFO - 	 Simulation time=61.80 s
2025/11/21 04:27:59 AM - __main__ - INFO - 	Finished converting image for hysteresis at D=675 nm and Ms=400 kA/m
2025/11/21 04:27:59 AM - __main__ - INFO - Running simulation for D=675 nm and Msat=420 kA/m
2025/11/21 04:28:58 AM - __main__ - INFO - 	 Simulation time=59.31 s
2025/11/21 04:29:15 AM - __main__ - INFO - 	Finished converting image for hysteresis at D=675 nm and Ms=420 kA/m
2025/11/21 04:29:15 AM - __main__ - INFO - Running simulation for D=675 nm and Msat=440 kA/m
2025/11/21 04:45:28 AM - __main__ - INFO - 	 Simulation time=973.50 s
2025/11/21 04:45:46 AM - __main__ - INFO - 	Finished converting image for hysteresis at D=675 nm and Ms=440 kA/m
2025/11/21 04:45:46 AM - __main__ - INFO - Running simulation for D=750 nm and Msat=260 kA/m
2025/11/21 04:46:01 AM - __main__ - INFO - 	 Simulation time=14.74 s
2025/11/21 04:46:19 AM - __main__ - INFO - 	Finished converting image for hysteresis at D=750 nm and Ms=260 kA/m
2025/11/21 04:46:19 AM - __main__ - INFO - Running simulation for D=750 nm and Msat=280 kA/m
2025/11/21 04:46:36 AM - __main__ - INFO - 	 Simulation time=16.28 s
2025/11/21 04:46:55 AM - __main__ - INFO - 	Finished converting image for hysteresis at D=750 nm and Ms=280 kA/m
2025/11/21 04:46:55 AM - __main__ - INFO - Running simulation for D=750 nm and Msat=300 kA/m
2025/11/21 04:47:10 AM - __main__ - INFO - 	 Simulation time=15.11 s
2025/11/21 04:47:29 AM - __main__ - INFO - 	Finished converting image for hysteresis at D=750 nm and Ms=300 kA/m
2025/11/21 04:47:29 AM - __main__ - INFO - Running simulation for D=750 nm and Msat=320 kA/m
2025/11/21 04:47:48 AM - __main__ - INFO - 	 Simulation time=19.21 s
2025/11/21 04:48:07 AM - __main__ - INFO - 	Finished converting image for hysteresis at D=750 nm and Ms=320 kA/m
2025/11/21 04:48:07 AM - __main__ - INFO - Running simulation for D=750 nm and Msat=340 kA/m
2025/11/21 04:48:18 AM - __main__ - INFO - 	 Simulation time=10.75 s
2025/11/21 04:48:38 AM - __main__ - INFO - 	Finished converting image for hysteresis at D=750 nm and Ms=340 kA/m
2025/11/21 04:48:38 AM - __main__ - INFO - Running simulation for D=750 nm and Msat=360 kA/m
2025/11/21 04:48:59 AM - __main__ - INFO - 	 Simulation time=20.95 s
2025/11/21 04:49:18 AM - __main__ - INFO - 	Finished converting image for hysteresis at D=750 nm and Ms=360 kA/m
2025/11/21 04:49:18 AM - __main__ - INFO - Running simulation for D=750 nm and Msat=380 kA/m
2025/11/21 04:49:36 AM - __main__ - INFO - 	 Simulation time=18.05 s
2025/11/21 04:49:54 AM - __main__ - INFO - 	Finished converting image for hysteresis at D=750 nm and Ms=380 kA/m
2025/11/21 04:49:54 AM - __main__ - INFO - Running simulation for D=750 nm and Msat=400 kA/m
2025/11/21 04:51:01 AM - __main__ - INFO - 	 Simulation time=67.45 s
2025/11/21 04:51:20 AM - __main__ - INFO - 	Finished converting image for hysteresis at D=750 nm and Ms=400 kA/m
2025/11/21 04:51:20 AM - __main__ - INFO - Running simulation for D=750 nm and Msat=420 kA/m
2025/11/21 04:52:32 AM - __main__ - INFO - 	 Simulation time=72.60 s
2025/11/21 04:52:50 AM - __main__ - INFO - 	Finished converting image for hysteresis at D=750 nm and Ms=420 kA/m
2025/11/21 04:52:50 AM - __main__ - INFO - Running simulation for D=750 nm and Msat=440 kA/m
2025/11/21 05:00:35 AM - __main__ - INFO - 	 Simulation time=464.24 s
2025/11/21 05:00:53 AM - __main__ - INFO - 	Finished converting image for hysteresis at D=750 nm and Ms=440 kA/m
2025/11/21 05:00:53 AM - __main__ - INFO - ---FOR Ku = 0.16 MJ/m3---
2025/11/21 05:00:53 AM - __main__ - INFO - Running simulation for D=150 nm and Msat=260 kA/m
2025/11/21 05:00:58 AM - __main__ - INFO - 	 Simulation time=5.10 s
2025/11/21 05:01:10 AM - __main__ - INFO - 	Finished converting image for hysteresis at D=150 nm and Ms=260 kA/m
2025/11/21 05:01:10 AM - __main__ - INFO - Running simulation for D=150 nm and Msat=280 kA/m
2025/11/21 05:01:15 AM - __main__ - INFO - 	 Simulation time=4.76 s
2025/11/21 05:01:26 AM - __main__ - INFO - 	Finished converting image for hysteresis at D=150 nm and Ms=280 kA/m
2025/11/21 05:01:26 AM - __main__ - INFO - Running simulation for D=150 nm and Msat=300 kA/m
2025/11/21 05:01:32 AM - __main__ - INFO - 	 Simulation time=5.53 s
2025/11/21 05:01:43 AM - __main__ - INFO - 	Finished converting image for hysteresis at D=150 nm and Ms=300 kA/m
2025/11/21 05:01:43 AM - __main__ - INFO - Running simulation for D=150 nm and Msat=320 kA/m
2025/11/21 05:01:49 AM - __main__ - INFO - 	 Simulation time=5.70 s
2025/11/21 05:02:00 AM - __main__ - INFO - 	Finished converting image for hysteresis at D=150 nm and Ms=320 kA/m
2025/11/21 05:02:00 AM - __main__ - INFO - Running simulation for D=150 nm and Msat=340 kA/m
2025/11/21 05:02:06 AM - __main__ - INFO - 	 Simulation time=6.00 s
2025/11/21 05:02:18 AM - __main__ - INFO - 	Finished converting image for hysteresis at D=150 nm and Ms=340 kA/m
2025/11/21 05:02:18 AM - __main__ - INFO - Running simulation for D=150 nm and Msat=360 kA/m
2025/11/21 05:02:25 AM - __main__ - INFO - 	 Simulation time=7.35 s
2025/11/21 05:02:37 AM - __main__ - INFO - 	Finished converting image for hysteresis at D=150 nm and Ms=360 kA/m
2025/11/21 05:02:37 AM - __main__ - INFO - Running simulation for D=150 nm and Msat=380 kA/m
2025/11/21 05:02:46 AM - __main__ - INFO - 	 Simulation time=8.34 s
2025/11/21 05:02:57 AM - __main__ - INFO - 	Finished converting image for hysteresis at D=150 nm and Ms=380 kA/m
2025/11/21 05:02:57 AM - __main__ - INFO - Running simulation for D=150 nm and Msat=400 kA/m
2025/11/21 05:03:04 AM - __main__ - INFO - 	 Simulation time=6.90 s
2025/11/21 05:03:16 AM - __main__ - INFO - 	Finished converting image for hysteresis at D=150 nm and Ms=400 kA/m
2025/11/21 05:03:16 AM - __main__ - INFO - Running simulation for D=150 nm and Msat=420 kA/m
2025/11/21 05:03:27 AM - __main__ - INFO - 	 Simulation time=10.98 s
2025/11/21 05:03:39 AM - __main__ - INFO - 	Finished converting image for hysteresis at D=150 nm and Ms=420 kA/m
2025/11/21 05:03:39 AM - __main__ - INFO - Running simulation for D=150 nm and Msat=440 kA/m
2025/11/21 05:04:02 AM - __main__ - INFO - 	 Simulation time=22.63 s
2025/11/21 05:04:13 AM - __main__ - INFO - 	Finished converting image for hysteresis at D=150 nm and Ms=440 kA/m
2025/11/21 05:04:13 AM - __main__ - INFO - Running simulation for D=225 nm and Msat=260 kA/m
2025/11/21 05:04:19 AM - __main__ - INFO - 	 Simulation time=5.41 s
2025/11/21 05:04:30 AM - __main__ - INFO - 	Finished converting image for hysteresis at D=225 nm and Ms=260 kA/m
2025/11/21 05:04:30 AM - __main__ - INFO - Running simulation for D=225 nm and Msat=280 kA/m
2025/11/21 05:04:36 AM - __main__ - INFO - 	 Simulation time=5.94 s
2025/11/21 05:04:47 AM - __main__ - INFO - 	Finished converting image for hysteresis at D=225 nm and Ms=280 kA/m
2025/11/21 05:04:47 AM - __main__ - INFO - Running simulation for D=225 nm and Msat=300 kA/m
2025/11/21 05:04:57 AM - __main__ - INFO - 	 Simulation time=10.32 s
2025/11/21 05:05:09 AM - __main__ - INFO - 	Finished converting image for hysteresis at D=225 nm and Ms=300 kA/m
2025/11/21 05:05:09 AM - __main__ - INFO - Running simulation for D=225 nm and Msat=320 kA/m
2025/11/21 05:05:16 AM - __main__ - INFO - 	 Simulation time=6.98 s
2025/11/21 05:05:29 AM - __main__ - INFO - 	Finished converting image for hysteresis at D=225 nm and Ms=320 kA/m
2025/11/21 05:05:29 AM - __main__ - INFO - Running simulation for D=225 nm and Msat=340 kA/m
2025/11/21 05:05:36 AM - __main__ - INFO - 	 Simulation time=7.18 s
2025/11/21 05:05:48 AM - __main__ - INFO - 	Finished converting image for hysteresis at D=225 nm and Ms=340 kA/m
2025/11/21 05:05:48 AM - __main__ - INFO - Running simulation for D=225 nm and Msat=360 kA/m
2025/11/21 05:05:56 AM - __main__ - INFO - 	 Simulation time=7.90 s
2025/11/21 05:06:09 AM - __main__ - INFO - 	Finished converting image for hysteresis at D=225 nm and Ms=360 kA/m
2025/11/21 05:06:09 AM - __main__ - INFO - Running simulation for D=225 nm and Msat=380 kA/m
2025/11/21 05:06:16 AM - __main__ - INFO - 	 Simulation time=7.25 s
2025/11/21 05:06:28 AM - __main__ - INFO - 	Finished converting image for hysteresis at D=225 nm and Ms=380 kA/m
2025/11/21 05:06:28 AM - __main__ - INFO - Running simulation for D=225 nm and Msat=400 kA/m
2025/11/21 05:06:35 AM - __main__ - INFO - 	 Simulation time=7.45 s
2025/11/21 05:06:47 AM - __main__ - INFO - 	Finished converting image for hysteresis at D=225 nm and Ms=400 kA/m
2025/11/21 05:06:47 AM - __main__ - INFO - Running simulation for D=225 nm and Msat=420 kA/m
2025/11/21 05:07:00 AM - __main__ - INFO - 	 Simulation time=12.96 s
2025/11/21 05:07:12 AM - __main__ - INFO - 	Finished converting image for hysteresis at D=225 nm and Ms=420 kA/m
2025/11/21 05:07:12 AM - __main__ - INFO - Running simulation for D=225 nm and Msat=440 kA/m
2025/11/21 05:07:40 AM - __main__ - INFO - 	 Simulation time=27.91 s
2025/11/21 05:07:51 AM - __main__ - INFO - 	Finished converting image for hysteresis at D=225 nm and Ms=440 kA/m
2025/11/21 05:07:51 AM - __main__ - INFO - Running simulation for D=300 nm and Msat=260 kA/m
2025/11/21 05:07:56 AM - __main__ - INFO - 	 Simulation time=4.63 s
2025/11/21 05:08:08 AM - __main__ - INFO - 	Finished converting image for hysteresis at D=300 nm and Ms=260 kA/m
2025/11/21 05:08:08 AM - __main__ - INFO - Running simulation for D=300 nm and Msat=280 kA/m
2025/11/21 05:08:13 AM - __main__ - INFO - 	 Simulation time=4.99 s
2025/11/21 05:08:25 AM - __main__ - INFO - 	Finished converting image for hysteresis at D=300 nm and Ms=280 kA/m
2025/11/21 05:08:25 AM - __main__ - INFO - Running simulation for D=300 nm and Msat=300 kA/m
2025/11/21 05:08:33 AM - __main__ - INFO - 	 Simulation time=7.47 s
2025/11/21 05:08:45 AM - __main__ - INFO - 	Finished converting image for hysteresis at D=300 nm and Ms=300 kA/m
2025/11/21 05:08:45 AM - __main__ - INFO - Running simulation for D=300 nm and Msat=320 kA/m
2025/11/21 05:08:55 AM - __main__ - INFO - 	 Simulation time=9.94 s
2025/11/21 05:09:08 AM - __main__ - INFO - 	Finished converting image for hysteresis at D=300 nm and Ms=320 kA/m
2025/11/21 05:09:08 AM - __main__ - INFO - Running simulation for D=300 nm and Msat=340 kA/m
2025/11/21 05:09:16 AM - __main__ - INFO - 	 Simulation time=8.03 s
2025/11/21 05:09:28 AM - __main__ - INFO - 	Finished converting image for hysteresis at D=300 nm and Ms=340 kA/m
2025/11/21 05:09:28 AM - __main__ - INFO - Running simulation for D=300 nm and Msat=360 kA/m
2025/11/21 05:09:38 AM - __main__ - INFO - 	 Simulation time=10.63 s
2025/11/21 05:09:50 AM - __main__ - INFO - 	Finished converting image for hysteresis at D=300 nm and Ms=360 kA/m
2025/11/21 05:09:50 AM - __main__ - INFO - Running simulation for D=300 nm and Msat=380 kA/m
2025/11/21 05:09:58 AM - __main__ - INFO - 	 Simulation time=7.64 s
2025/11/21 05:10:10 AM - __main__ - INFO - 	Finished converting image for hysteresis at D=300 nm and Ms=380 kA/m
2025/11/21 05:10:10 AM - __main__ - INFO - Running simulation for D=300 nm and Msat=400 kA/m
2025/11/21 05:10:19 AM - __main__ - INFO - 	 Simulation time=8.92 s
2025/11/21 05:10:32 AM - __main__ - INFO - 	Finished converting image for hysteresis at D=300 nm and Ms=400 kA/m
2025/11/21 05:10:32 AM - __main__ - INFO - Running simulation for D=300 nm and Msat=420 kA/m
2025/11/21 05:10:47 AM - __main__ - INFO - 	 Simulation time=15.36 s
2025/11/21 05:11:00 AM - __main__ - INFO - 	Finished converting image for hysteresis at D=300 nm and Ms=420 kA/m
2025/11/21 05:11:00 AM - __main__ - INFO - Running simulation for D=300 nm and Msat=440 kA/m
2025/11/21 05:11:30 AM - __main__ - INFO - 	 Simulation time=29.89 s
2025/11/21 05:11:42 AM - __main__ - INFO - 	Finished converting image for hysteresis at D=300 nm and Ms=440 kA/m
2025/11/21 05:11:42 AM - __main__ - INFO - Running simulation for D=375 nm and Msat=260 kA/m
2025/11/21 05:11:47 AM - __main__ - INFO - 	 Simulation time=4.80 s
2025/11/21 05:12:00 AM - __main__ - INFO - 	Finished converting image for hysteresis at D=375 nm and Ms=260 kA/m
2025/11/21 05:12:00 AM - __main__ - INFO - Running simulation for D=375 nm and Msat=280 kA/m
2025/11/21 05:12:06 AM - __main__ - INFO - 	 Simulation time=5.26 s
2025/11/21 05:12:19 AM - __main__ - INFO - 	Finished converting image for hysteresis at D=375 nm and Ms=280 kA/m
2025/11/21 05:12:19 AM - __main__ - INFO - Running simulation for D=375 nm and Msat=300 kA/m
2025/11/21 05:12:44 AM - __main__ - INFO - 	 Simulation time=24.89 s
2025/11/21 05:12:57 AM - __main__ - INFO - 	Finished converting image for hysteresis at D=375 nm and Ms=300 kA/m
2025/11/21 05:12:57 AM - __main__ - INFO - Running simulation for D=375 nm and Msat=320 kA/m
2025/11/21 05:13:03 AM - __main__ - INFO - 	 Simulation time=6.98 s
2025/11/21 05:13:18 AM - __main__ - INFO - 	Finished converting image for hysteresis at D=375 nm and Ms=320 kA/m
2025/11/21 05:13:18 AM - __main__ - INFO - Running simulation for D=375 nm and Msat=340 kA/m
2025/11/21 05:13:26 AM - __main__ - INFO - 	 Simulation time=8.12 s
2025/11/21 05:13:39 AM - __main__ - INFO - 	Finished converting image for hysteresis at D=375 nm and Ms=340 kA/m
2025/11/21 05:13:39 AM - __main__ - INFO - Running simulation for D=375 nm and Msat=360 kA/m
2025/11/21 05:13:47 AM - __main__ - INFO - 	 Simulation time=7.73 s
2025/11/21 05:14:00 AM - __main__ - INFO - 	Finished converting image for hysteresis at D=375 nm and Ms=360 kA/m
2025/11/21 05:14:00 AM - __main__ - INFO - Running simulation for D=375 nm and Msat=380 kA/m
2025/11/21 05:14:08 AM - __main__ - INFO - 	 Simulation time=7.99 s
2025/11/21 05:14:21 AM - __main__ - INFO - 	Finished converting image for hysteresis at D=375 nm and Ms=380 kA/m
2025/11/21 05:14:21 AM - __main__ - INFO - Running simulation for D=375 nm and Msat=400 kA/m
2025/11/21 05:14:30 AM - __main__ - INFO - 	 Simulation time=9.21 s
2025/11/21 05:14:43 AM - __main__ - INFO - 	Finished converting image for hysteresis at D=375 nm and Ms=400 kA/m
2025/11/21 05:14:43 AM - __main__ - INFO - Running simulation for D=375 nm and Msat=420 kA/m
2025/11/21 05:14:59 AM - __main__ - INFO - 	 Simulation time=15.76 s
2025/11/21 05:15:11 AM - __main__ - INFO - 	Finished converting image for hysteresis at D=375 nm and Ms=420 kA/m
2025/11/21 05:15:11 AM - __main__ - INFO - Running simulation for D=375 nm and Msat=440 kA/m
2025/11/21 05:15:48 AM - __main__ - INFO - 	 Simulation time=36.68 s
2025/11/21 05:16:01 AM - __main__ - INFO - 	Finished converting image for hysteresis at D=375 nm and Ms=440 kA/m
2025/11/21 05:16:01 AM - __main__ - INFO - Running simulation for D=450 nm and Msat=260 kA/m
2025/11/21 05:16:06 AM - __main__ - INFO - 	 Simulation time=4.60 s
2025/11/21 05:16:20 AM - __main__ - INFO - 	Finished converting image for hysteresis at D=450 nm and Ms=260 kA/m
2025/11/21 05:16:20 AM - __main__ - INFO - Running simulation for D=450 nm and Msat=280 kA/m
2025/11/21 05:16:25 AM - __main__ - INFO - 	 Simulation time=5.12 s
2025/11/21 05:16:40 AM - __main__ - INFO - 	Finished converting image for hysteresis at D=450 nm and Ms=280 kA/m
2025/11/21 05:16:40 AM - __main__ - INFO - Running simulation for D=450 nm and Msat=300 kA/m
2025/11/21 05:16:52 AM - __main__ - INFO - 	 Simulation time=12.82 s
2025/11/21 05:17:07 AM - __main__ - INFO - 	Finished converting image for hysteresis at D=450 nm and Ms=300 kA/m
2025/11/21 05:17:07 AM - __main__ - INFO - Running simulation for D=450 nm and Msat=320 kA/m
2025/11/21 05:17:14 AM - __main__ - INFO - 	 Simulation time=7.84 s
2025/11/21 05:17:30 AM - __main__ - INFO - 	Finished converting image for hysteresis at D=450 nm and Ms=320 kA/m
2025/11/21 05:17:30 AM - __main__ - INFO - Running simulation for D=450 nm and Msat=340 kA/m
2025/11/21 05:17:37 AM - __main__ - INFO - 	 Simulation time=7.26 s
2025/11/21 05:17:53 AM - __main__ - INFO - 	Finished converting image for hysteresis at D=450 nm and Ms=340 kA/m
2025/11/21 05:17:53 AM - __main__ - INFO - Running simulation for D=450 nm and Msat=360 kA/m
2025/11/21 05:18:02 AM - __main__ - INFO - 	 Simulation time=9.21 s
2025/11/21 05:18:18 AM - __main__ - INFO - 	Finished converting image for hysteresis at D=450 nm and Ms=360 kA/m
2025/11/21 05:18:18 AM - __main__ - INFO - Running simulation for D=450 nm and Msat=380 kA/m
2025/11/21 05:18:27 AM - __main__ - INFO - 	 Simulation time=8.92 s
2025/11/21 05:18:42 AM - __main__ - INFO - 	Finished converting image for hysteresis at D=450 nm and Ms=380 kA/m
2025/11/21 05:18:42 AM - __main__ - INFO - Running simulation for D=450 nm and Msat=400 kA/m
2025/11/21 05:18:53 AM - __main__ - INFO - 	 Simulation time=10.20 s
2025/11/21 05:19:07 AM - __main__ - INFO - 	Finished converting image for hysteresis at D=450 nm and Ms=400 kA/m
2025/11/21 05:19:07 AM - __main__ - INFO - Running simulation for D=450 nm and Msat=420 kA/m
2025/11/21 05:19:19 AM - __main__ - INFO - 	 Simulation time=12.34 s
2025/11/21 05:19:34 AM - __main__ - INFO - 	Finished converting image for hysteresis at D=450 nm and Ms=420 kA/m
2025/11/21 05:19:34 AM - __main__ - INFO - Running simulation for D=450 nm and Msat=440 kA/m
2025/11/21 05:20:07 AM - __main__ - INFO - 	 Simulation time=32.61 s
2025/11/21 05:20:22 AM - __main__ - INFO - 	Finished converting image for hysteresis at D=450 nm and Ms=440 kA/m
2025/11/21 05:20:22 AM - __main__ - INFO - Running simulation for D=525 nm and Msat=260 kA/m
2025/11/21 05:20:27 AM - __main__ - INFO - 	 Simulation time=5.01 s
2025/11/21 05:20:43 AM - __main__ - INFO - 	Finished converting image for hysteresis at D=525 nm and Ms=260 kA/m
2025/11/21 05:20:43 AM - __main__ - INFO - Running simulation for D=525 nm and Msat=280 kA/m
2025/11/21 05:20:49 AM - __main__ - INFO - 	 Simulation time=6.56 s
2025/11/21 05:21:06 AM - __main__ - INFO - 	Finished converting image for hysteresis at D=525 nm and Ms=280 kA/m
2025/11/21 05:21:06 AM - __main__ - INFO - Running simulation for D=525 nm and Msat=300 kA/m
2025/11/21 05:21:14 AM - __main__ - INFO - 	 Simulation time=8.19 s
2025/11/21 05:21:30 AM - __main__ - INFO - 	Finished converting image for hysteresis at D=525 nm and Ms=300 kA/m
2025/11/21 05:21:30 AM - __main__ - INFO - Running simulation for D=525 nm and Msat=320 kA/m
2025/11/21 05:21:41 AM - __main__ - INFO - 	 Simulation time=10.22 s
2025/11/21 05:21:55 AM - __main__ - INFO - 	Finished converting image for hysteresis at D=525 nm and Ms=320 kA/m
2025/11/21 05:21:55 AM - __main__ - INFO - Running simulation for D=525 nm and Msat=340 kA/m
2025/11/21 05:22:06 AM - __main__ - INFO - 	 Simulation time=10.82 s
2025/11/21 05:22:22 AM - __main__ - INFO - 	Finished converting image for hysteresis at D=525 nm and Ms=340 kA/m
2025/11/21 05:22:22 AM - __main__ - INFO - Running simulation for D=525 nm and Msat=360 kA/m
2025/11/21 05:22:34 AM - __main__ - INFO - 	 Simulation time=11.66 s
2025/11/21 05:22:49 AM - __main__ - INFO - 	Finished converting image for hysteresis at D=525 nm and Ms=360 kA/m
2025/11/21 05:22:49 AM - __main__ - INFO - Running simulation for D=525 nm and Msat=380 kA/m
2025/11/21 05:23:00 AM - __main__ - INFO - 	 Simulation time=10.42 s
2025/11/21 05:23:16 AM - __main__ - INFO - 	Finished converting image for hysteresis at D=525 nm and Ms=380 kA/m
2025/11/21 05:23:16 AM - __main__ - INFO - Running simulation for D=525 nm and Msat=400 kA/m
2025/11/21 05:23:26 AM - __main__ - INFO - 	 Simulation time=10.54 s
2025/11/21 05:23:40 AM - __main__ - INFO - 	Finished converting image for hysteresis at D=525 nm and Ms=400 kA/m
2025/11/21 05:23:40 AM - __main__ - INFO - Running simulation for D=525 nm and Msat=420 kA/m
2025/11/21 05:23:55 AM - __main__ - INFO - 	 Simulation time=14.55 s
2025/11/21 05:24:09 AM - __main__ - INFO - 	Finished converting image for hysteresis at D=525 nm and Ms=420 kA/m
2025/11/21 05:24:09 AM - __main__ - INFO - Running simulation for D=525 nm and Msat=440 kA/m
2025/11/21 05:24:45 AM - __main__ - INFO - 	 Simulation time=35.71 s
2025/11/21 05:25:00 AM - __main__ - INFO - 	Finished converting image for hysteresis at D=525 nm and Ms=440 kA/m
2025/11/21 05:25:00 AM - __main__ - INFO - Running simulation for D=600 nm and Msat=260 kA/m
2025/11/21 05:25:05 AM - __main__ - INFO - 	 Simulation time=5.17 s
2025/11/21 05:25:23 AM - __main__ - INFO - 	Finished converting image for hysteresis at D=600 nm and Ms=260 kA/m
2025/11/21 05:25:23 AM - __main__ - INFO - Running simulation for D=600 nm and Msat=280 kA/m
2025/11/21 05:25:28 AM - __main__ - INFO - 	 Simulation time=5.75 s
2025/11/21 05:25:45 AM - __main__ - INFO - 	Finished converting image for hysteresis at D=600 nm and Ms=280 kA/m
2025/11/21 05:25:45 AM - __main__ - INFO - Running simulation for D=600 nm and Msat=300 kA/m
2025/11/21 05:25:52 AM - __main__ - INFO - 	 Simulation time=7.23 s
2025/11/21 05:26:09 AM - __main__ - INFO - 	Finished converting image for hysteresis at D=600 nm and Ms=300 kA/m
2025/11/21 05:26:09 AM - __main__ - INFO - Running simulation for D=600 nm and Msat=320 kA/m
2025/11/21 05:26:19 AM - __main__ - INFO - 	 Simulation time=10.11 s
2025/11/21 05:26:35 AM - __main__ - INFO - 	Finished converting image for hysteresis at D=600 nm and Ms=320 kA/m
2025/11/21 05:26:35 AM - __main__ - INFO - Running simulation for D=600 nm and Msat=340 kA/m
2025/11/21 05:26:45 AM - __main__ - INFO - 	 Simulation time=10.51 s
2025/11/21 05:27:02 AM - __main__ - INFO - 	Finished converting image for hysteresis at D=600 nm and Ms=340 kA/m
2025/11/21 05:27:02 AM - __main__ - INFO - Running simulation for D=600 nm and Msat=360 kA/m
2025/11/21 05:27:13 AM - __main__ - INFO - 	 Simulation time=11.39 s
2025/11/21 05:27:31 AM - __main__ - INFO - 	Finished converting image for hysteresis at D=600 nm and Ms=360 kA/m
2025/11/21 05:27:31 AM - __main__ - INFO - Running simulation for D=600 nm and Msat=380 kA/m
2025/11/21 05:27:43 AM - __main__ - INFO - 	 Simulation time=12.41 s
2025/11/21 05:28:00 AM - __main__ - INFO - 	Finished converting image for hysteresis at D=600 nm and Ms=380 kA/m
2025/11/21 05:28:00 AM - __main__ - INFO - Running simulation for D=600 nm and Msat=400 kA/m
2025/11/21 05:28:11 AM - __main__ - INFO - 	 Simulation time=11.02 s
2025/11/21 05:28:28 AM - __main__ - INFO - 	Finished converting image for hysteresis at D=600 nm and Ms=400 kA/m
2025/11/21 05:28:28 AM - __main__ - INFO - Running simulation for D=600 nm and Msat=420 kA/m
2025/11/21 05:28:48 AM - __main__ - INFO - 	 Simulation time=19.76 s
2025/11/21 05:29:04 AM - __main__ - INFO - 	Finished converting image for hysteresis at D=600 nm and Ms=420 kA/m
2025/11/21 05:29:04 AM - __main__ - INFO - Running simulation for D=600 nm and Msat=440 kA/m
2025/11/21 05:29:44 AM - __main__ - INFO - 	 Simulation time=40.00 s
2025/11/21 05:30:00 AM - __main__ - INFO - 	Finished converting image for hysteresis at D=600 nm and Ms=440 kA/m
2025/11/21 05:30:00 AM - __main__ - INFO - Running simulation for D=675 nm and Msat=260 kA/m
2025/11/21 05:30:05 AM - __main__ - INFO - 	 Simulation time=5.29 s
2025/11/21 05:30:24 AM - __main__ - INFO - 	Finished converting image for hysteresis at D=675 nm and Ms=260 kA/m
2025/11/21 05:30:24 AM - __main__ - INFO - Running simulation for D=675 nm and Msat=280 kA/m
2025/11/21 05:30:29 AM - __main__ - INFO - 	 Simulation time=5.74 s
2025/11/21 05:30:47 AM - __main__ - INFO - 	Finished converting image for hysteresis at D=675 nm and Ms=280 kA/m
2025/11/21 05:30:47 AM - __main__ - INFO - Running simulation for D=675 nm and Msat=300 kA/m
2025/11/21 05:31:09 AM - __main__ - INFO - 	 Simulation time=21.65 s
2025/11/21 05:31:26 AM - __main__ - INFO - 	Finished converting image for hysteresis at D=675 nm and Ms=300 kA/m
2025/11/21 05:31:26 AM - __main__ - INFO - Running simulation for D=675 nm and Msat=320 kA/m
2025/11/21 05:31:37 AM - __main__ - INFO - 	 Simulation time=10.08 s
2025/11/21 05:31:54 AM - __main__ - INFO - 	Finished converting image for hysteresis at D=675 nm and Ms=320 kA/m
2025/11/21 05:31:54 AM - __main__ - INFO - Running simulation for D=675 nm and Msat=340 kA/m
2025/11/21 05:32:04 AM - __main__ - INFO - 	 Simulation time=9.89 s
2025/11/21 05:32:22 AM - __main__ - INFO - 	Finished converting image for hysteresis at D=675 nm and Ms=340 kA/m
2025/11/21 05:32:22 AM - __main__ - INFO - Running simulation for D=675 nm and Msat=360 kA/m
2025/11/21 05:32:37 AM - __main__ - INFO - 	 Simulation time=14.28 s
2025/11/21 05:32:53 AM - __main__ - INFO - 	Finished converting image for hysteresis at D=675 nm and Ms=360 kA/m
2025/11/21 05:32:53 AM - __main__ - INFO - Running simulation for D=675 nm and Msat=380 kA/m
2025/11/21 05:33:07 AM - __main__ - INFO - 	 Simulation time=13.21 s
2025/11/21 05:33:26 AM - __main__ - INFO - 	Finished converting image for hysteresis at D=675 nm and Ms=380 kA/m
2025/11/21 05:33:26 AM - __main__ - INFO - Running simulation for D=675 nm and Msat=400 kA/m
2025/11/21 05:33:42 AM - __main__ - INFO - 	 Simulation time=15.41 s
2025/11/21 05:34:00 AM - __main__ - INFO - 	Finished converting image for hysteresis at D=675 nm and Ms=400 kA/m
2025/11/21 05:34:00 AM - __main__ - INFO - Running simulation for D=675 nm and Msat=420 kA/m
2025/11/21 05:34:19 AM - __main__ - INFO - 	 Simulation time=19.76 s
2025/11/21 05:34:38 AM - __main__ - INFO - 	Finished converting image for hysteresis at D=675 nm and Ms=420 kA/m
2025/11/21 05:34:38 AM - __main__ - INFO - Running simulation for D=675 nm and Msat=440 kA/m
2025/11/21 05:35:24 AM - __main__ - INFO - 	 Simulation time=46.51 s
2025/11/21 05:35:43 AM - __main__ - INFO - 	Finished converting image for hysteresis at D=675 nm and Ms=440 kA/m
2025/11/21 05:35:43 AM - __main__ - INFO - Running simulation for D=750 nm and Msat=260 kA/m
2025/11/21 05:35:49 AM - __main__ - INFO - 	 Simulation time=5.79 s
2025/11/21 05:36:07 AM - __main__ - INFO - 	Finished converting image for hysteresis at D=750 nm and Ms=260 kA/m
2025/11/21 05:36:07 AM - __main__ - INFO - Running simulation for D=750 nm and Msat=280 kA/m
2025/11/21 05:36:15 AM - __main__ - INFO - 	 Simulation time=8.14 s
2025/11/21 05:36:34 AM - __main__ - INFO - 	Finished converting image for hysteresis at D=750 nm and Ms=280 kA/m
2025/11/21 05:36:34 AM - __main__ - INFO - Running simulation for D=750 nm and Msat=300 kA/m
2025/11/21 05:36:49 AM - __main__ - INFO - 	 Simulation time=14.28 s
2025/11/21 05:37:06 AM - __main__ - INFO - 	Finished converting image for hysteresis at D=750 nm and Ms=300 kA/m
2025/11/21 05:37:06 AM - __main__ - INFO - Running simulation for D=750 nm and Msat=320 kA/m
2025/11/21 05:37:21 AM - __main__ - INFO - 	 Simulation time=14.96 s
2025/11/21 05:37:40 AM - __main__ - INFO - 	Finished converting image for hysteresis at D=750 nm and Ms=320 kA/m
2025/11/21 05:37:40 AM - __main__ - INFO - Running simulation for D=750 nm and Msat=340 kA/m
2025/11/21 05:37:54 AM - __main__ - INFO - 	 Simulation time=14.54 s
2025/11/21 05:38:14 AM - __main__ - INFO - 	Finished converting image for hysteresis at D=750 nm and Ms=340 kA/m
2025/11/21 05:38:14 AM - __main__ - INFO - Running simulation for D=750 nm and Msat=360 kA/m
2025/11/21 05:38:28 AM - __main__ - INFO - 	 Simulation time=14.25 s
2025/11/21 05:38:48 AM - __main__ - INFO - 	Finished converting image for hysteresis at D=750 nm and Ms=360 kA/m
2025/11/21 05:38:48 AM - __main__ - INFO - Running simulation for D=750 nm and Msat=380 kA/m
2025/11/21 05:39:56 AM - __main__ - INFO - 	 Simulation time=68.52 s
2025/11/21 05:40:15 AM - __main__ - INFO - 	Finished converting image for hysteresis at D=750 nm and Ms=380 kA/m
2025/11/21 05:40:15 AM - __main__ - INFO - Running simulation for D=750 nm and Msat=400 kA/m
2025/11/21 05:40:31 AM - __main__ - INFO - 	 Simulation time=16.80 s
2025/11/21 05:40:50 AM - __main__ - INFO - 	Finished converting image for hysteresis at D=750 nm and Ms=400 kA/m
2025/11/21 05:40:50 AM - __main__ - INFO - Running simulation for D=750 nm and Msat=420 kA/m
2025/11/21 05:41:17 AM - __main__ - INFO - 	 Simulation time=27.60 s
2025/11/21 05:41:37 AM - __main__ - INFO - 	Finished converting image for hysteresis at D=750 nm and Ms=420 kA/m
2025/11/21 05:41:37 AM - __main__ - INFO - Running simulation for D=750 nm and Msat=440 kA/m
2025/11/21 05:42:23 AM - __main__ - INFO - 	 Simulation time=45.21 s
2025/11/21 05:42:42 AM - __main__ - INFO - 	Finished converting image for hysteresis at D=750 nm and Ms=440 kA/m
2025/11/21 05:42:42 AM - __main__ - INFO - ---FOR Ku = 0.18 MJ/m3---
2025/11/21 05:42:42 AM - __main__ - INFO - Running simulation for D=150 nm and Msat=260 kA/m
2025/11/21 05:42:46 AM - __main__ - INFO - 	 Simulation time=4.70 s
2025/11/21 05:42:58 AM - __main__ - INFO - 	Finished converting image for hysteresis at D=150 nm and Ms=260 kA/m
2025/11/21 05:42:58 AM - __main__ - INFO - Running simulation for D=150 nm and Msat=280 kA/m
2025/11/21 05:43:02 AM - __main__ - INFO - 	 Simulation time=4.30 s
2025/11/21 05:43:15 AM - __main__ - INFO - 	Finished converting image for hysteresis at D=150 nm and Ms=280 kA/m
2025/11/21 05:43:15 AM - __main__ - INFO - Running simulation for D=150 nm and Msat=300 kA/m
2025/11/21 05:43:19 AM - __main__ - INFO - 	 Simulation time=4.48 s
2025/11/21 05:43:31 AM - __main__ - INFO - 	Finished converting image for hysteresis at D=150 nm and Ms=300 kA/m
2025/11/21 05:43:31 AM - __main__ - INFO - Running simulation for D=150 nm and Msat=320 kA/m
2025/11/21 05:43:38 AM - __main__ - INFO - 	 Simulation time=6.84 s
2025/11/21 05:43:49 AM - __main__ - INFO - 	Finished converting image for hysteresis at D=150 nm and Ms=320 kA/m
2025/11/21 05:43:49 AM - __main__ - INFO - Running simulation for D=150 nm and Msat=340 kA/m
2025/11/21 05:43:55 AM - __main__ - INFO - 	 Simulation time=5.69 s
2025/11/21 05:44:07 AM - __main__ - INFO - 	Finished converting image for hysteresis at D=150 nm and Ms=340 kA/m
2025/11/21 05:44:07 AM - __main__ - INFO - Running simulation for D=150 nm and Msat=360 kA/m
2025/11/21 05:44:14 AM - __main__ - INFO - 	 Simulation time=7.08 s
2025/11/21 05:44:25 AM - __main__ - INFO - 	Finished converting image for hysteresis at D=150 nm and Ms=360 kA/m
2025/11/21 05:44:25 AM - __main__ - INFO - Running simulation for D=150 nm and Msat=380 kA/m
2025/11/21 05:44:32 AM - __main__ - INFO - 	 Simulation time=6.46 s
2025/11/21 05:44:43 AM - __main__ - INFO - 	Finished converting image for hysteresis at D=150 nm and Ms=380 kA/m
2025/11/21 05:44:43 AM - __main__ - INFO - Running simulation for D=150 nm and Msat=400 kA/m
2025/11/21 05:44:51 AM - __main__ - INFO - 	 Simulation time=7.76 s
2025/11/21 05:45:02 AM - __main__ - INFO - 	Finished converting image for hysteresis at D=150 nm and Ms=400 kA/m
2025/11/21 05:45:02 AM - __main__ - INFO - Running simulation for D=150 nm and Msat=420 kA/m
2025/11/21 05:45:09 AM - __main__ - INFO - 	 Simulation time=7.69 s
2025/11/21 05:45:22 AM - __main__ - INFO - 	Finished converting image for hysteresis at D=150 nm and Ms=420 kA/m
2025/11/21 05:45:22 AM - __main__ - INFO - Running simulation for D=150 nm and Msat=440 kA/m
2025/11/21 05:45:32 AM - __main__ - INFO - 	 Simulation time=9.50 s
2025/11/21 05:45:43 AM - __main__ - INFO - 	Finished converting image for hysteresis at D=150 nm and Ms=440 kA/m
2025/11/21 05:45:43 AM - __main__ - INFO - Running simulation for D=225 nm and Msat=260 kA/m
2025/11/21 05:45:48 AM - __main__ - INFO - 	 Simulation time=5.16 s
2025/11/21 05:46:01 AM - __main__ - INFO - 	Finished converting image for hysteresis at D=225 nm and Ms=260 kA/m
2025/11/21 05:46:01 AM - __main__ - INFO - Running simulation for D=225 nm and Msat=280 kA/m
2025/11/21 05:46:05 AM - __main__ - INFO - 	 Simulation time=4.37 s
2025/11/21 05:46:16 AM - __main__ - INFO - 	Finished converting image for hysteresis at D=225 nm and Ms=280 kA/m
2025/11/21 05:46:16 AM - __main__ - INFO - Running simulation for D=225 nm and Msat=300 kA/m
2025/11/21 05:46:21 AM - __main__ - INFO - 	 Simulation time=4.59 s
2025/11/21 05:46:34 AM - __main__ - INFO - 	Finished converting image for hysteresis at D=225 nm and Ms=300 kA/m
2025/11/21 05:46:34 AM - __main__ - INFO - Running simulation for D=225 nm and Msat=320 kA/m
2025/11/21 05:46:41 AM - __main__ - INFO - 	 Simulation time=7.07 s
2025/11/21 05:46:54 AM - __main__ - INFO - 	Finished converting image for hysteresis at D=225 nm and Ms=320 kA/m
2025/11/21 05:46:54 AM - __main__ - INFO - Running simulation for D=225 nm and Msat=340 kA/m
2025/11/21 05:47:02 AM - __main__ - INFO - 	 Simulation time=7.93 s
2025/11/21 05:47:15 AM - __main__ - INFO - 	Finished converting image for hysteresis at D=225 nm and Ms=340 kA/m
2025/11/21 05:47:15 AM - __main__ - INFO - Running simulation for D=225 nm and Msat=360 kA/m
2025/11/21 05:47:22 AM - __main__ - INFO - 	 Simulation time=7.38 s
2025/11/21 05:47:34 AM - __main__ - INFO - 	Finished converting image for hysteresis at D=225 nm and Ms=360 kA/m
2025/11/21 05:47:34 AM - __main__ - INFO - Running simulation for D=225 nm and Msat=380 kA/m
2025/11/21 05:47:41 AM - __main__ - INFO - 	 Simulation time=6.98 s
2025/11/21 05:47:53 AM - __main__ - INFO - 	Finished converting image for hysteresis at D=225 nm and Ms=380 kA/m
2025/11/21 05:47:53 AM - __main__ - INFO - Running simulation for D=225 nm and Msat=400 kA/m
2025/11/21 05:48:00 AM - __main__ - INFO - 	 Simulation time=7.17 s
2025/11/21 05:48:13 AM - __main__ - INFO - 	Finished converting image for hysteresis at D=225 nm and Ms=400 kA/m
2025/11/21 05:48:13 AM - __main__ - INFO - Running simulation for D=225 nm and Msat=420 kA/m
2025/11/21 05:48:20 AM - __main__ - INFO - 	 Simulation time=7.26 s
2025/11/21 05:48:33 AM - __main__ - INFO - 	Finished converting image for hysteresis at D=225 nm and Ms=420 kA/m
2025/11/21 05:48:33 AM - __main__ - INFO - Running simulation for D=225 nm and Msat=440 kA/m
2025/11/21 05:48:43 AM - __main__ - INFO - 	 Simulation time=9.48 s
2025/11/21 05:48:56 AM - __main__ - INFO - 	Finished converting image for hysteresis at D=225 nm and Ms=440 kA/m
2025/11/21 05:48:56 AM - __main__ - INFO - Running simulation for D=300 nm and Msat=260 kA/m
2025/11/21 05:49:00 AM - __main__ - INFO - 	 Simulation time=4.57 s
2025/11/21 05:49:12 AM - __main__ - INFO - 	Finished converting image for hysteresis at D=300 nm and Ms=260 kA/m
2025/11/21 05:49:12 AM - __main__ - INFO - Running simulation for D=300 nm and Msat=280 kA/m
2025/11/21 05:49:17 AM - __main__ - INFO - 	 Simulation time=4.34 s
2025/11/21 05:49:29 AM - __main__ - INFO - 	Finished converting image for hysteresis at D=300 nm and Ms=280 kA/m
2025/11/21 05:49:29 AM - __main__ - INFO - Running simulation for D=300 nm and Msat=300 kA/m
2025/11/21 05:49:33 AM - __main__ - INFO - 	 Simulation time=4.66 s
2025/11/21 05:49:45 AM - __main__ - INFO - 	Finished converting image for hysteresis at D=300 nm and Ms=300 kA/m
2025/11/21 05:49:45 AM - __main__ - INFO - Running simulation for D=300 nm and Msat=320 kA/m
2025/11/21 05:49:52 AM - __main__ - INFO - 	 Simulation time=6.76 s
2025/11/21 05:50:04 AM - __main__ - INFO - 	Finished converting image for hysteresis at D=300 nm and Ms=320 kA/m
2025/11/21 05:50:04 AM - __main__ - INFO - Running simulation for D=300 nm and Msat=340 kA/m
2025/11/21 05:50:11 AM - __main__ - INFO - 	 Simulation time=6.80 s
2025/11/21 05:50:24 AM - __main__ - INFO - 	Finished converting image for hysteresis at D=300 nm and Ms=340 kA/m
2025/11/21 05:50:24 AM - __main__ - INFO - Running simulation for D=300 nm and Msat=360 kA/m
2025/11/21 05:50:29 AM - __main__ - INFO - 	 Simulation time=5.53 s
2025/11/21 05:50:41 AM - __main__ - INFO - 	Finished converting image for hysteresis at D=300 nm and Ms=360 kA/m
2025/11/21 05:50:41 AM - __main__ - INFO - Running simulation for D=300 nm and Msat=380 kA/m
2025/11/21 05:50:51 AM - __main__ - INFO - 	 Simulation time=9.42 s
2025/11/21 05:51:03 AM - __main__ - INFO - 	Finished converting image for hysteresis at D=300 nm and Ms=380 kA/m
2025/11/21 05:51:03 AM - __main__ - INFO - Running simulation for D=300 nm and Msat=400 kA/m
2025/11/21 05:51:11 AM - __main__ - INFO - 	 Simulation time=8.65 s
2025/11/21 05:51:24 AM - __main__ - INFO - 	Finished converting image for hysteresis at D=300 nm and Ms=400 kA/m
2025/11/21 05:51:24 AM - __main__ - INFO - Running simulation for D=300 nm and Msat=420 kA/m
2025/11/21 05:51:33 AM - __main__ - INFO - 	 Simulation time=9.23 s
2025/11/21 05:51:46 AM - __main__ - INFO - 	Finished converting image for hysteresis at D=300 nm and Ms=420 kA/m
2025/11/21 05:51:46 AM - __main__ - INFO - Running simulation for D=300 nm and Msat=440 kA/m
2025/11/21 05:51:56 AM - __main__ - INFO - 	 Simulation time=10.01 s
2025/11/21 05:52:08 AM - __main__ - INFO - 	Finished converting image for hysteresis at D=300 nm and Ms=440 kA/m
2025/11/21 05:52:08 AM - __main__ - INFO - Running simulation for D=375 nm and Msat=260 kA/m
2025/11/21 05:52:12 AM - __main__ - INFO - 	 Simulation time=4.31 s
2025/11/21 05:52:24 AM - __main__ - INFO - 	Finished converting image for hysteresis at D=375 nm and Ms=260 kA/m
2025/11/21 05:52:24 AM - __main__ - INFO - Running simulation for D=375 nm and Msat=280 kA/m
2025/11/21 05:52:29 AM - __main__ - INFO - 	 Simulation time=4.64 s
2025/11/21 05:52:42 AM - __main__ - INFO - 	Finished converting image for hysteresis at D=375 nm and Ms=280 kA/m
2025/11/21 05:52:42 AM - __main__ - INFO - Running simulation for D=375 nm and Msat=300 kA/m
2025/11/21 05:52:47 AM - __main__ - INFO - 	 Simulation time=5.67 s
2025/11/21 05:52:59 AM - __main__ - INFO - 	Finished converting image for hysteresis at D=375 nm and Ms=300 kA/m
2025/11/21 05:52:59 AM - __main__ - INFO - Running simulation for D=375 nm and Msat=320 kA/m
2025/11/21 05:53:05 AM - __main__ - INFO - 	 Simulation time=5.98 s
2025/11/21 05:53:18 AM - __main__ - INFO - 	Finished converting image for hysteresis at D=375 nm and Ms=320 kA/m
2025/11/21 05:53:18 AM - __main__ - INFO - Running simulation for D=375 nm and Msat=340 kA/m
2025/11/21 05:53:25 AM - __main__ - INFO - 	 Simulation time=7.02 s
2025/11/21 05:53:38 AM - __main__ - INFO - 	Finished converting image for hysteresis at D=375 nm and Ms=340 kA/m
2025/11/21 05:53:38 AM - __main__ - INFO - Running simulation for D=375 nm and Msat=360 kA/m
2025/11/21 05:53:45 AM - __main__ - INFO - 	 Simulation time=6.89 s
2025/11/21 05:53:57 AM - __main__ - INFO - 	Finished converting image for hysteresis at D=375 nm and Ms=360 kA/m
2025/11/21 05:53:57 AM - __main__ - INFO - Running simulation for D=375 nm and Msat=380 kA/m
2025/11/21 05:54:04 AM - __main__ - INFO - 	 Simulation time=6.65 s
2025/11/21 05:54:18 AM - __main__ - INFO - 	Finished converting image for hysteresis at D=375 nm and Ms=380 kA/m
2025/11/21 05:54:18 AM - __main__ - INFO - Running simulation for D=375 nm and Msat=400 kA/m
2025/11/21 05:54:26 AM - __main__ - INFO - 	 Simulation time=7.87 s
2025/11/21 05:54:38 AM - __main__ - INFO - 	Finished converting image for hysteresis at D=375 nm and Ms=400 kA/m
2025/11/21 05:54:38 AM - __main__ - INFO - Running simulation for D=375 nm and Msat=420 kA/m
2025/11/21 05:54:51 AM - __main__ - INFO - 	 Simulation time=13.64 s
2025/11/21 05:55:05 AM - __main__ - INFO - 	Finished converting image for hysteresis at D=375 nm and Ms=420 kA/m
2025/11/21 05:55:05 AM - __main__ - INFO - Running simulation for D=375 nm and Msat=440 kA/m
2025/11/21 05:55:15 AM - __main__ - INFO - 	 Simulation time=9.31 s
2025/11/21 05:55:28 AM - __main__ - INFO - 	Finished converting image for hysteresis at D=375 nm and Ms=440 kA/m
2025/11/21 05:55:28 AM - __main__ - INFO - Running simulation for D=450 nm and Msat=260 kA/m
2025/11/21 05:55:32 AM - __main__ - INFO - 	 Simulation time=4.21 s
2025/11/21 05:55:48 AM - __main__ - INFO - 	Finished converting image for hysteresis at D=450 nm and Ms=260 kA/m
2025/11/21 05:55:48 AM - __main__ - INFO - Running simulation for D=450 nm and Msat=280 kA/m
2025/11/21 05:55:52 AM - __main__ - INFO - 	 Simulation time=4.57 s
2025/11/21 05:56:07 AM - __main__ - INFO - 	Finished converting image for hysteresis at D=450 nm and Ms=280 kA/m
2025/11/21 05:56:07 AM - __main__ - INFO - Running simulation for D=450 nm and Msat=300 kA/m
2025/11/21 05:56:11 AM - __main__ - INFO - 	 Simulation time=4.83 s
2025/11/21 05:56:27 AM - __main__ - INFO - 	Finished converting image for hysteresis at D=450 nm and Ms=300 kA/m
2025/11/21 05:56:27 AM - __main__ - INFO - Running simulation for D=450 nm and Msat=320 kA/m
2025/11/21 05:56:33 AM - __main__ - INFO - 	 Simulation time=5.78 s
2025/11/21 05:56:48 AM - __main__ - INFO - 	Finished converting image for hysteresis at D=450 nm and Ms=320 kA/m
2025/11/21 05:56:48 AM - __main__ - INFO - Running simulation for D=450 nm and Msat=340 kA/m
2025/11/21 05:56:58 AM - __main__ - INFO - 	 Simulation time=10.15 s
2025/11/21 05:57:13 AM - __main__ - INFO - 	Finished converting image for hysteresis at D=450 nm and Ms=340 kA/m
2025/11/21 05:57:13 AM - __main__ - INFO - Running simulation for D=450 nm and Msat=360 kA/m
2025/11/21 05:57:22 AM - __main__ - INFO - 	 Simulation time=8.54 s
2025/11/21 05:57:37 AM - __main__ - INFO - 	Finished converting image for hysteresis at D=450 nm and Ms=360 kA/m
2025/11/21 05:57:37 AM - __main__ - INFO - Running simulation for D=450 nm and Msat=380 kA/m
2025/11/21 05:57:45 AM - __main__ - INFO - 	 Simulation time=7.89 s
2025/11/21 05:58:00 AM - __main__ - INFO - 	Finished converting image for hysteresis at D=450 nm and Ms=380 kA/m
2025/11/21 05:58:00 AM - __main__ - INFO - Running simulation for D=450 nm and Msat=400 kA/m
2025/11/21 05:58:08 AM - __main__ - INFO - 	 Simulation time=7.76 s
2025/11/21 05:58:25 AM - __main__ - INFO - 	Finished converting image for hysteresis at D=450 nm and Ms=400 kA/m
2025/11/21 05:58:25 AM - __main__ - INFO - Running simulation for D=450 nm and Msat=420 kA/m
2025/11/21 05:58:33 AM - __main__ - INFO - 	 Simulation time=8.32 s
2025/11/21 05:58:48 AM - __main__ - INFO - 	Finished converting image for hysteresis at D=450 nm and Ms=420 kA/m
2025/11/21 05:58:48 AM - __main__ - INFO - Running simulation for D=450 nm and Msat=440 kA/m
2025/11/21 05:59:00 AM - __main__ - INFO - 	 Simulation time=12.47 s
2025/11/21 05:59:16 AM - __main__ - INFO - 	Finished converting image for hysteresis at D=450 nm and Ms=440 kA/m
2025/11/21 05:59:16 AM - __main__ - INFO - Running simulation for D=525 nm and Msat=260 kA/m
2025/11/21 05:59:22 AM - __main__ - INFO - 	 Simulation time=5.66 s
2025/11/21 05:59:38 AM - __main__ - INFO - 	Finished converting image for hysteresis at D=525 nm and Ms=260 kA/m
2025/11/21 05:59:38 AM - __main__ - INFO - Running simulation for D=525 nm and Msat=280 kA/m
2025/11/21 05:59:43 AM - __main__ - INFO - 	 Simulation time=4.85 s
2025/11/21 05:59:59 AM - __main__ - INFO - 	Finished converting image for hysteresis at D=525 nm and Ms=280 kA/m
2025/11/21 05:59:59 AM - __main__ - INFO - Running simulation for D=525 nm and Msat=300 kA/m
2025/11/21 06:00:04 AM - __main__ - INFO - 	 Simulation time=5.17 s
2025/11/21 06:00:22 AM - __main__ - INFO - 	Finished converting image for hysteresis at D=525 nm and Ms=300 kA/m
2025/11/21 06:00:22 AM - __main__ - INFO - Running simulation for D=525 nm and Msat=320 kA/m
2025/11/21 06:00:28 AM - __main__ - INFO - 	 Simulation time=6.58 s
2025/11/21 06:00:43 AM - __main__ - INFO - 	Finished converting image for hysteresis at D=525 nm and Ms=320 kA/m
2025/11/21 06:00:43 AM - __main__ - INFO - Running simulation for D=525 nm and Msat=340 kA/m
2025/11/21 06:00:53 AM - __main__ - INFO - 	 Simulation time=10.04 s
2025/11/21 06:01:08 AM - __main__ - INFO - 	Finished converting image for hysteresis at D=525 nm and Ms=340 kA/m
2025/11/21 06:01:08 AM - __main__ - INFO - Running simulation for D=525 nm and Msat=360 kA/m
2025/11/21 06:02:06 AM - __main__ - INFO - 	 Simulation time=58.35 s
2025/11/21 06:02:22 AM - __main__ - INFO - 	Finished converting image for hysteresis at D=525 nm and Ms=360 kA/m
2025/11/21 06:02:22 AM - __main__ - INFO - Running simulation for D=525 nm and Msat=380 kA/m
2025/11/21 06:02:30 AM - __main__ - INFO - 	 Simulation time=7.31 s
2025/11/21 06:02:44 AM - __main__ - INFO - 	Finished converting image for hysteresis at D=525 nm and Ms=380 kA/m
2025/11/21 06:02:44 AM - __main__ - INFO - Running simulation for D=525 nm and Msat=400 kA/m
2025/11/21 06:02:56 AM - __main__ - INFO - 	 Simulation time=12.10 s
2025/11/21 06:03:11 AM - __main__ - INFO - 	Finished converting image for hysteresis at D=525 nm and Ms=400 kA/m
2025/11/21 06:03:11 AM - __main__ - INFO - Running simulation for D=525 nm and Msat=420 kA/m
2025/11/21 06:03:22 AM - __main__ - INFO - 	 Simulation time=11.03 s
2025/11/21 06:03:37 AM - __main__ - INFO - 	Finished converting image for hysteresis at D=525 nm and Ms=420 kA/m
2025/11/21 06:03:37 AM - __main__ - INFO - Running simulation for D=525 nm and Msat=440 kA/m
2025/11/21 06:03:52 AM - __main__ - INFO - 	 Simulation time=14.52 s
2025/11/21 06:04:06 AM - __main__ - INFO - 	Finished converting image for hysteresis at D=525 nm and Ms=440 kA/m
2025/11/21 06:04:06 AM - __main__ - INFO - Running simulation for D=600 nm and Msat=260 kA/m
2025/11/21 06:04:11 AM - __main__ - INFO - 	 Simulation time=4.50 s
2025/11/21 06:04:26 AM - __main__ - INFO - 	Finished converting image for hysteresis at D=600 nm and Ms=260 kA/m
2025/11/21 06:04:26 AM - __main__ - INFO - Running simulation for D=600 nm and Msat=280 kA/m
2025/11/21 06:04:31 AM - __main__ - INFO - 	 Simulation time=4.80 s
2025/11/21 06:04:47 AM - __main__ - INFO - 	Finished converting image for hysteresis at D=600 nm and Ms=280 kA/m
2025/11/21 06:04:47 AM - __main__ - INFO - Running simulation for D=600 nm and Msat=300 kA/m
2025/11/21 06:04:54 AM - __main__ - INFO - 	 Simulation time=7.13 s
2025/11/21 06:05:10 AM - __main__ - INFO - 	Finished converting image for hysteresis at D=600 nm and Ms=300 kA/m
2025/11/21 06:05:10 AM - __main__ - INFO - Running simulation for D=600 nm and Msat=320 kA/m
2025/11/21 06:05:16 AM - __main__ - INFO - 	 Simulation time=6.61 s
2025/11/21 06:05:33 AM - __main__ - INFO - 	Finished converting image for hysteresis at D=600 nm and Ms=320 kA/m
2025/11/21 06:05:33 AM - __main__ - INFO - Running simulation for D=600 nm and Msat=340 kA/m
2025/11/21 06:05:43 AM - __main__ - INFO - 	 Simulation time=9.94 s
2025/11/21 06:05:58 AM - __main__ - INFO - 	Finished converting image for hysteresis at D=600 nm and Ms=340 kA/m
2025/11/21 06:05:58 AM - __main__ - INFO - Running simulation for D=600 nm and Msat=360 kA/m
2025/11/21 06:06:45 AM - __main__ - INFO - 	 Simulation time=47.45 s
2025/11/21 06:07:01 AM - __main__ - INFO - 	Finished converting image for hysteresis at D=600 nm and Ms=360 kA/m
2025/11/21 06:07:01 AM - __main__ - INFO - Running simulation for D=600 nm and Msat=380 kA/m
2025/11/21 06:07:12 AM - __main__ - INFO - 	 Simulation time=10.75 s
2025/11/21 06:07:29 AM - __main__ - INFO - 	Finished converting image for hysteresis at D=600 nm and Ms=380 kA/m
2025/11/21 06:07:29 AM - __main__ - INFO - Running simulation for D=600 nm and Msat=400 kA/m
2025/11/21 06:07:39 AM - __main__ - INFO - 	 Simulation time=10.22 s
2025/11/21 06:07:54 AM - __main__ - INFO - 	Finished converting image for hysteresis at D=600 nm and Ms=400 kA/m
2025/11/21 06:07:54 AM - __main__ - INFO - Running simulation for D=600 nm and Msat=420 kA/m
2025/11/21 06:08:06 AM - __main__ - INFO - 	 Simulation time=11.56 s
2025/11/21 06:08:23 AM - __main__ - INFO - 	Finished converting image for hysteresis at D=600 nm and Ms=420 kA/m
2025/11/21 06:08:23 AM - __main__ - INFO - Running simulation for D=600 nm and Msat=440 kA/m
2025/11/21 06:08:34 AM - __main__ - INFO - 	 Simulation time=11.03 s
2025/11/21 06:08:50 AM - __main__ - INFO - 	Finished converting image for hysteresis at D=600 nm and Ms=440 kA/m
2025/11/21 06:08:50 AM - __main__ - INFO - Running simulation for D=675 nm and Msat=260 kA/m
2025/11/21 06:08:55 AM - __main__ - INFO - 	 Simulation time=5.39 s
2025/11/21 06:09:12 AM - __main__ - INFO - 	Finished converting image for hysteresis at D=675 nm and Ms=260 kA/m
2025/11/21 06:09:12 AM - __main__ - INFO - Running simulation for D=675 nm and Msat=280 kA/m
2025/11/21 06:09:18 AM - __main__ - INFO - 	 Simulation time=5.96 s
2025/11/21 06:09:36 AM - __main__ - INFO - 	Finished converting image for hysteresis at D=675 nm and Ms=280 kA/m
2025/11/21 06:09:36 AM - __main__ - INFO - Running simulation for D=675 nm and Msat=300 kA/m
2025/11/21 06:09:43 AM - __main__ - INFO - 	 Simulation time=6.34 s
2025/11/21 06:10:01 AM - __main__ - INFO - 	Finished converting image for hysteresis at D=675 nm and Ms=300 kA/m
2025/11/21 06:10:01 AM - __main__ - INFO - Running simulation for D=675 nm and Msat=320 kA/m
2025/11/21 06:10:10 AM - __main__ - INFO - 	 Simulation time=9.20 s
2025/11/21 06:10:27 AM - __main__ - INFO - 	Finished converting image for hysteresis at D=675 nm and Ms=320 kA/m
2025/11/21 06:10:27 AM - __main__ - INFO - Running simulation for D=675 nm and Msat=340 kA/m
2025/11/21 06:11:43 AM - __main__ - INFO - 	 Simulation time=76.25 s
2025/11/21 06:12:02 AM - __main__ - INFO - 	Finished converting image for hysteresis at D=675 nm and Ms=340 kA/m
2025/11/21 06:12:02 AM - __main__ - INFO - Running simulation for D=675 nm and Msat=360 kA/m
2025/11/21 06:12:14 AM - __main__ - INFO - 	 Simulation time=11.86 s
2025/11/21 06:12:32 AM - __main__ - INFO - 	Finished converting image for hysteresis at D=675 nm and Ms=360 kA/m
2025/11/21 06:12:32 AM - __main__ - INFO - Running simulation for D=675 nm and Msat=380 kA/m
2025/11/21 06:12:44 AM - __main__ - INFO - 	 Simulation time=11.80 s
2025/11/21 06:13:01 AM - __main__ - INFO - 	Finished converting image for hysteresis at D=675 nm and Ms=380 kA/m
2025/11/21 06:13:01 AM - __main__ - INFO - Running simulation for D=675 nm and Msat=400 kA/m
2025/11/21 06:13:11 AM - __main__ - INFO - 	 Simulation time=10.02 s
2025/11/21 06:13:30 AM - __main__ - INFO - 	Finished converting image for hysteresis at D=675 nm and Ms=400 kA/m
2025/11/21 06:13:30 AM - __main__ - INFO - Running simulation for D=675 nm and Msat=420 kA/m
2025/11/21 06:13:41 AM - __main__ - INFO - 	 Simulation time=11.04 s
2025/11/21 06:13:58 AM - __main__ - INFO - 	Finished converting image for hysteresis at D=675 nm and Ms=420 kA/m
2025/11/21 06:13:58 AM - __main__ - INFO - Running simulation for D=675 nm and Msat=440 kA/m
2025/11/21 06:14:14 AM - __main__ - INFO - 	 Simulation time=15.74 s
2025/11/21 06:14:32 AM - __main__ - INFO - 	Finished converting image for hysteresis at D=675 nm and Ms=440 kA/m
2025/11/21 06:14:32 AM - __main__ - INFO - Running simulation for D=750 nm and Msat=260 kA/m
2025/11/21 06:14:38 AM - __main__ - INFO - 	 Simulation time=5.83 s
2025/11/21 06:14:56 AM - __main__ - INFO - 	Finished converting image for hysteresis at D=750 nm and Ms=260 kA/m
2025/11/21 06:14:56 AM - __main__ - INFO - Running simulation for D=750 nm and Msat=280 kA/m
2025/11/21 06:15:02 AM - __main__ - INFO - 	 Simulation time=6.28 s
2025/11/21 06:15:21 AM - __main__ - INFO - 	Finished converting image for hysteresis at D=750 nm and Ms=280 kA/m
2025/11/21 06:15:21 AM - __main__ - INFO - Running simulation for D=750 nm and Msat=300 kA/m
2025/11/21 06:15:27 AM - __main__ - INFO - 	 Simulation time=6.64 s
2025/11/21 06:15:45 AM - __main__ - INFO - 	Finished converting image for hysteresis at D=750 nm and Ms=300 kA/m
2025/11/21 06:15:45 AM - __main__ - INFO - Running simulation for D=750 nm and Msat=320 kA/m
2025/11/21 06:15:55 AM - __main__ - INFO - 	 Simulation time=9.44 s
2025/11/21 06:16:15 AM - __main__ - INFO - 	Finished converting image for hysteresis at D=750 nm and Ms=320 kA/m
2025/11/21 06:16:15 AM - __main__ - INFO - Running simulation for D=750 nm and Msat=340 kA/m
2025/11/21 06:16:24 AM - __main__ - INFO - 	 Simulation time=9.27 s
2025/11/21 06:16:44 AM - __main__ - INFO - 	Finished converting image for hysteresis at D=750 nm and Ms=340 kA/m
2025/11/21 06:16:44 AM - __main__ - INFO - Running simulation for D=750 nm and Msat=360 kA/m
2025/11/21 06:17:00 AM - __main__ - INFO - 	 Simulation time=15.95 s
2025/11/21 06:17:25 AM - __main__ - INFO - 	Finished converting image for hysteresis at D=750 nm and Ms=360 kA/m
2025/11/21 06:17:25 AM - __main__ - INFO - Running simulation for D=750 nm and Msat=380 kA/m
2025/11/21 06:17:38 AM - __main__ - INFO - 	 Simulation time=13.56 s
2025/11/21 06:17:59 AM - __main__ - INFO - 	Finished converting image for hysteresis at D=750 nm and Ms=380 kA/m
2025/11/21 06:17:59 AM - __main__ - INFO - Running simulation for D=750 nm and Msat=400 kA/m
2025/11/21 06:18:10 AM - __main__ - INFO - 	 Simulation time=11.04 s
2025/11/21 06:18:31 AM - __main__ - INFO - 	Finished converting image for hysteresis at D=750 nm and Ms=400 kA/m
2025/11/21 06:18:31 AM - __main__ - INFO - Running simulation for D=750 nm and Msat=420 kA/m
2025/11/21 06:18:47 AM - __main__ - INFO - 	 Simulation time=15.79 s
2025/11/21 06:19:07 AM - __main__ - INFO - 	Finished converting image for hysteresis at D=750 nm and Ms=420 kA/m
2025/11/21 06:19:07 AM - __main__ - INFO - Running simulation for D=750 nm and Msat=440 kA/m
2025/11/21 06:19:23 AM - __main__ - INFO - 	 Simulation time=16.30 s
2025/11/21 06:19:42 AM - __main__ - INFO - 	Finished converting image for hysteresis at D=750 nm and Ms=440 kA/m
2025/11/21 06:19:42 AM - __main__ - INFO - ---FOR Ku = 0.2 MJ/m3---
2025/11/21 06:19:42 AM - __main__ - INFO - Running simulation for D=150 nm and Msat=260 kA/m
2025/11/21 06:19:46 AM - __main__ - INFO - 	 Simulation time=3.71 s
2025/11/21 06:19:57 AM - __main__ - INFO - 	Finished converting image for hysteresis at D=150 nm and Ms=260 kA/m
2025/11/21 06:19:57 AM - __main__ - INFO - Running simulation for D=150 nm and Msat=280 kA/m
2025/11/21 06:20:01 AM - __main__ - INFO - 	 Simulation time=3.89 s
2025/11/21 06:20:12 AM - __main__ - INFO - 	Finished converting image for hysteresis at D=150 nm and Ms=280 kA/m
2025/11/21 06:20:12 AM - __main__ - INFO - Running simulation for D=150 nm and Msat=300 kA/m
2025/11/21 06:20:16 AM - __main__ - INFO - 	 Simulation time=4.06 s
2025/11/21 06:20:28 AM - __main__ - INFO - 	Finished converting image for hysteresis at D=150 nm and Ms=300 kA/m
2025/11/21 06:20:28 AM - __main__ - INFO - Running simulation for D=150 nm and Msat=320 kA/m
2025/11/21 06:20:32 AM - __main__ - INFO - 	 Simulation time=4.22 s
2025/11/21 06:20:43 AM - __main__ - INFO - 	Finished converting image for hysteresis at D=150 nm and Ms=320 kA/m
2025/11/21 06:20:43 AM - __main__ - INFO - Running simulation for D=150 nm and Msat=340 kA/m
2025/11/21 06:20:51 AM - __main__ - INFO - 	 Simulation time=8.20 s
2025/11/21 06:21:04 AM - __main__ - INFO - 	Finished converting image for hysteresis at D=150 nm and Ms=340 kA/m
2025/11/21 06:21:04 AM - __main__ - INFO - Running simulation for D=150 nm and Msat=360 kA/m
2025/11/21 06:21:11 AM - __main__ - INFO - 	 Simulation time=7.80 s
2025/11/21 06:21:23 AM - __main__ - INFO - 	Finished converting image for hysteresis at D=150 nm and Ms=360 kA/m
2025/11/21 06:21:23 AM - __main__ - INFO - Running simulation for D=150 nm and Msat=380 kA/m
2025/11/21 06:21:40 AM - __main__ - INFO - 	 Simulation time=16.53 s
2025/11/21 06:21:51 AM - __main__ - INFO - 	Finished converting image for hysteresis at D=150 nm and Ms=380 kA/m
2025/11/21 06:21:51 AM - __main__ - INFO - Running simulation for D=150 nm and Msat=400 kA/m
2025/11/21 06:21:57 AM - __main__ - INFO - 	 Simulation time=6.12 s
2025/11/21 06:22:09 AM - __main__ - INFO - 	Finished converting image for hysteresis at D=150 nm and Ms=400 kA/m
2025/11/21 06:22:09 AM - __main__ - INFO - Running simulation for D=150 nm and Msat=420 kA/m
2025/11/21 06:22:16 AM - __main__ - INFO - 	 Simulation time=7.19 s
2025/11/21 06:22:27 AM - __main__ - INFO - 	Finished converting image for hysteresis at D=150 nm and Ms=420 kA/m
2025/11/21 06:22:27 AM - __main__ - INFO - Running simulation for D=150 nm and Msat=440 kA/m
2025/11/21 06:22:34 AM - __main__ - INFO - 	 Simulation time=6.73 s
2025/11/21 06:22:45 AM - __main__ - INFO - 	Finished converting image for hysteresis at D=150 nm and Ms=440 kA/m
2025/11/21 06:22:45 AM - __main__ - INFO - Running simulation for D=225 nm and Msat=260 kA/m
2025/11/21 06:22:50 AM - __main__ - INFO - 	 Simulation time=4.86 s
2025/11/21 06:23:03 AM - __main__ - INFO - 	Finished converting image for hysteresis at D=225 nm and Ms=260 kA/m
2025/11/21 06:23:03 AM - __main__ - INFO - Running simulation for D=225 nm and Msat=280 kA/m
2025/11/21 06:23:07 AM - __main__ - INFO - 	 Simulation time=4.01 s
2025/11/21 06:23:20 AM - __main__ - INFO - 	Finished converting image for hysteresis at D=225 nm and Ms=280 kA/m
2025/11/21 06:23:20 AM - __main__ - INFO - Running simulation for D=225 nm and Msat=300 kA/m
2025/11/21 06:23:24 AM - __main__ - INFO - 	 Simulation time=4.24 s
2025/11/21 06:23:36 AM - __main__ - INFO - 	Finished converting image for hysteresis at D=225 nm and Ms=300 kA/m
2025/11/21 06:23:36 AM - __main__ - INFO - Running simulation for D=225 nm and Msat=320 kA/m
2025/11/21 06:23:41 AM - __main__ - INFO - 	 Simulation time=4.63 s
2025/11/21 06:23:53 AM - __main__ - INFO - 	Finished converting image for hysteresis at D=225 nm and Ms=320 kA/m
2025/11/21 06:23:53 AM - __main__ - INFO - Running simulation for D=225 nm and Msat=340 kA/m
2025/11/21 06:23:58 AM - __main__ - INFO - 	 Simulation time=5.58 s
2025/11/21 06:24:12 AM - __main__ - INFO - 	Finished converting image for hysteresis at D=225 nm and Ms=340 kA/m
2025/11/21 06:24:12 AM - __main__ - INFO - Running simulation for D=225 nm and Msat=360 kA/m
2025/11/21 06:24:17 AM - __main__ - INFO - 	 Simulation time=5.76 s
2025/11/21 06:24:29 AM - __main__ - INFO - 	Finished converting image for hysteresis at D=225 nm and Ms=360 kA/m
2025/11/21 06:24:29 AM - __main__ - INFO - Running simulation for D=225 nm and Msat=380 kA/m
2025/11/21 06:24:58 AM - __main__ - INFO - 	 Simulation time=28.76 s
2025/11/21 06:25:10 AM - __main__ - INFO - 	Finished converting image for hysteresis at D=225 nm and Ms=380 kA/m
2025/11/21 06:25:10 AM - __main__ - INFO - Running simulation for D=225 nm and Msat=400 kA/m
2025/11/21 06:25:16 AM - __main__ - INFO - 	 Simulation time=5.66 s
2025/11/21 06:25:28 AM - __main__ - INFO - 	Finished converting image for hysteresis at D=225 nm and Ms=400 kA/m
2025/11/21 06:25:28 AM - __main__ - INFO - Running simulation for D=225 nm and Msat=420 kA/m
2025/11/21 06:25:34 AM - __main__ - INFO - 	 Simulation time=5.96 s
2025/11/21 06:25:45 AM - __main__ - INFO - 	Finished converting image for hysteresis at D=225 nm and Ms=420 kA/m
2025/11/21 06:25:45 AM - __main__ - INFO - Running simulation for D=225 nm and Msat=440 kA/m
2025/11/21 06:26:12 AM - __main__ - INFO - 	 Simulation time=26.34 s
2025/11/21 06:26:24 AM - __main__ - INFO - 	Finished converting image for hysteresis at D=225 nm and Ms=440 kA/m
2025/11/21 06:26:24 AM - __main__ - INFO - Running simulation for D=300 nm and Msat=260 kA/m
2025/11/21 06:26:27 AM - __main__ - INFO - 	 Simulation time=3.78 s
2025/11/21 06:26:40 AM - __main__ - INFO - 	Finished converting image for hysteresis at D=300 nm and Ms=260 kA/m
2025/11/21 06:26:40 AM - __main__ - INFO - Running simulation for D=300 nm and Msat=280 kA/m
2025/11/21 06:26:45 AM - __main__ - INFO - 	 Simulation time=4.87 s
2025/11/21 06:26:58 AM - __main__ - INFO - 	Finished converting image for hysteresis at D=300 nm and Ms=280 kA/m
2025/11/21 06:26:58 AM - __main__ - INFO - Running simulation for D=300 nm and Msat=300 kA/m
2025/11/21 06:27:03 AM - __main__ - INFO - 	 Simulation time=5.04 s
2025/11/21 06:27:14 AM - __main__ - INFO - 	Finished converting image for hysteresis at D=300 nm and Ms=300 kA/m
2025/11/21 06:27:14 AM - __main__ - INFO - Running simulation for D=300 nm and Msat=320 kA/m
2025/11/21 06:27:19 AM - __main__ - INFO - 	 Simulation time=5.14 s
2025/11/21 06:27:32 AM - __main__ - INFO - 	Finished converting image for hysteresis at D=300 nm and Ms=320 kA/m
2025/11/21 06:27:32 AM - __main__ - INFO - Running simulation for D=300 nm and Msat=340 kA/m
2025/11/21 06:27:38 AM - __main__ - INFO - 	 Simulation time=6.61 s
2025/11/21 06:27:52 AM - __main__ - INFO - 	Finished converting image for hysteresis at D=300 nm and Ms=340 kA/m
2025/11/21 06:27:52 AM - __main__ - INFO - Running simulation for D=300 nm and Msat=360 kA/m
2025/11/21 06:28:00 AM - __main__ - INFO - 	 Simulation time=8.68 s
2025/11/21 06:28:12 AM - __main__ - INFO - 	Finished converting image for hysteresis at D=300 nm and Ms=360 kA/m
2025/11/21 06:28:12 AM - __main__ - INFO - Running simulation for D=300 nm and Msat=380 kA/m
2025/11/21 06:28:20 AM - __main__ - INFO - 	 Simulation time=8.24 s
2025/11/21 06:28:33 AM - __main__ - INFO - 	Finished converting image for hysteresis at D=300 nm and Ms=380 kA/m
2025/11/21 06:28:33 AM - __main__ - INFO - Running simulation for D=300 nm and Msat=400 kA/m
2025/11/21 06:28:40 AM - __main__ - INFO - 	 Simulation time=7.44 s
2025/11/21 06:28:53 AM - __main__ - INFO - 	Finished converting image for hysteresis at D=300 nm and Ms=400 kA/m
2025/11/21 06:28:53 AM - __main__ - INFO - Running simulation for D=300 nm and Msat=420 kA/m
2025/11/21 06:29:03 AM - __main__ - INFO - 	 Simulation time=9.77 s
2025/11/21 06:29:16 AM - __main__ - INFO - 	Finished converting image for hysteresis at D=300 nm and Ms=420 kA/m
2025/11/21 06:29:16 AM - __main__ - INFO - Running simulation for D=300 nm and Msat=440 kA/m
2025/11/21 06:29:26 AM - __main__ - INFO - 	 Simulation time=9.98 s
2025/11/21 06:29:38 AM - __main__ - INFO - 	Finished converting image for hysteresis at D=300 nm and Ms=440 kA/m
2025/11/21 06:29:38 AM - __main__ - INFO - Running simulation for D=375 nm and Msat=260 kA/m
2025/11/21 06:29:42 AM - __main__ - INFO - 	 Simulation time=4.04 s
2025/11/21 06:29:56 AM - __main__ - INFO - 	Finished converting image for hysteresis at D=375 nm and Ms=260 kA/m
2025/11/21 06:29:56 AM - __main__ - INFO - Running simulation for D=375 nm and Msat=280 kA/m
2025/11/21 06:30:01 AM - __main__ - INFO - 	 Simulation time=4.16 s
2025/11/21 06:30:13 AM - __main__ - INFO - 	Finished converting image for hysteresis at D=375 nm and Ms=280 kA/m
2025/11/21 06:30:13 AM - __main__ - INFO - Running simulation for D=375 nm and Msat=300 kA/m
2025/11/21 06:30:17 AM - __main__ - INFO - 	 Simulation time=4.35 s
2025/11/21 06:30:30 AM - __main__ - INFO - 	Finished converting image for hysteresis at D=375 nm and Ms=300 kA/m
2025/11/21 06:30:30 AM - __main__ - INFO - Running simulation for D=375 nm and Msat=320 kA/m
2025/11/21 06:30:36 AM - __main__ - INFO - 	 Simulation time=5.17 s
2025/11/21 06:30:49 AM - __main__ - INFO - 	Finished converting image for hysteresis at D=375 nm and Ms=320 kA/m
2025/11/21 06:30:49 AM - __main__ - INFO - Running simulation for D=375 nm and Msat=340 kA/m
2025/11/21 06:30:56 AM - __main__ - INFO - 	 Simulation time=6.89 s
2025/11/21 06:31:09 AM - __main__ - INFO - 	Finished converting image for hysteresis at D=375 nm and Ms=340 kA/m
2025/11/21 06:31:09 AM - __main__ - INFO - Running simulation for D=375 nm and Msat=360 kA/m
2025/11/21 06:31:15 AM - __main__ - INFO - 	 Simulation time=6.12 s
2025/11/21 06:31:29 AM - __main__ - INFO - 	Finished converting image for hysteresis at D=375 nm and Ms=360 kA/m
2025/11/21 06:31:29 AM - __main__ - INFO - Running simulation for D=375 nm and Msat=380 kA/m
2025/11/21 06:31:36 AM - __main__ - INFO - 	 Simulation time=6.42 s
2025/11/21 06:31:49 AM - __main__ - INFO - 	Finished converting image for hysteresis at D=375 nm and Ms=380 kA/m
2025/11/21 06:31:49 AM - __main__ - INFO - Running simulation for D=375 nm and Msat=400 kA/m
2025/11/21 06:31:56 AM - __main__ - INFO - 	 Simulation time=7.12 s
2025/11/21 06:32:08 AM - __main__ - INFO - 	Finished converting image for hysteresis at D=375 nm and Ms=400 kA/m
2025/11/21 06:32:08 AM - __main__ - INFO - Running simulation for D=375 nm and Msat=420 kA/m
2025/11/21 06:32:15 AM - __main__ - INFO - 	 Simulation time=6.55 s
2025/11/21 06:32:28 AM - __main__ - INFO - 	Finished converting image for hysteresis at D=375 nm and Ms=420 kA/m
2025/11/21 06:32:28 AM - __main__ - INFO - Running simulation for D=375 nm and Msat=440 kA/m
2025/11/21 06:32:36 AM - __main__ - INFO - 	 Simulation time=7.49 s
2025/11/21 06:32:48 AM - __main__ - INFO - 	Finished converting image for hysteresis at D=375 nm and Ms=440 kA/m
2025/11/21 06:32:48 AM - __main__ - INFO - Running simulation for D=450 nm and Msat=260 kA/m
2025/11/21 06:32:53 AM - __main__ - INFO - 	 Simulation time=4.97 s
2025/11/21 06:33:08 AM - __main__ - INFO - 	Finished converting image for hysteresis at D=450 nm and Ms=260 kA/m
2025/11/21 06:33:08 AM - __main__ - INFO - Running simulation for D=450 nm and Msat=280 kA/m
2025/11/21 06:33:13 AM - __main__ - INFO - 	 Simulation time=4.62 s
2025/11/21 06:33:28 AM - __main__ - INFO - 	Finished converting image for hysteresis at D=450 nm and Ms=280 kA/m
2025/11/21 06:33:28 AM - __main__ - INFO - Running simulation for D=450 nm and Msat=300 kA/m
2025/11/21 06:33:33 AM - __main__ - INFO - 	 Simulation time=5.09 s
2025/11/21 06:33:49 AM - __main__ - INFO - 	Finished converting image for hysteresis at D=450 nm and Ms=300 kA/m
2025/11/21 06:33:49 AM - __main__ - INFO - Running simulation for D=450 nm and Msat=320 kA/m
2025/11/21 06:33:54 AM - __main__ - INFO - 	 Simulation time=5.24 s
2025/11/21 06:34:09 AM - __main__ - INFO - 	Finished converting image for hysteresis at D=450 nm and Ms=320 kA/m
2025/11/21 06:34:09 AM - __main__ - INFO - Running simulation for D=450 nm and Msat=340 kA/m
2025/11/21 06:34:15 AM - __main__ - INFO - 	 Simulation time=5.95 s
2025/11/21 06:34:29 AM - __main__ - INFO - 	Finished converting image for hysteresis at D=450 nm and Ms=340 kA/m
2025/11/21 06:34:29 AM - __main__ - INFO - Running simulation for D=450 nm and Msat=360 kA/m
2025/11/21 06:35:36 AM - __main__ - INFO - 	 Simulation time=67.16 s
2025/11/21 06:35:51 AM - __main__ - INFO - 	Finished converting image for hysteresis at D=450 nm and Ms=360 kA/m
2025/11/21 06:35:51 AM - __main__ - INFO - Running simulation for D=450 nm and Msat=380 kA/m
2025/11/21 06:36:08 AM - __main__ - INFO - 	 Simulation time=17.54 s
2025/11/21 06:36:23 AM - __main__ - INFO - 	Finished converting image for hysteresis at D=450 nm and Ms=380 kA/m
2025/11/21 06:36:23 AM - __main__ - INFO - Running simulation for D=450 nm and Msat=400 kA/m
2025/11/21 06:36:30 AM - __main__ - INFO - 	 Simulation time=6.35 s
2025/11/21 06:36:45 AM - __main__ - INFO - 	Finished converting image for hysteresis at D=450 nm and Ms=400 kA/m
2025/11/21 06:36:45 AM - __main__ - INFO - Running simulation for D=450 nm and Msat=420 kA/m
2025/11/21 06:36:55 AM - __main__ - INFO - 	 Simulation time=9.88 s
2025/11/21 06:37:10 AM - __main__ - INFO - 	Finished converting image for hysteresis at D=450 nm and Ms=420 kA/m
2025/11/21 06:37:10 AM - __main__ - INFO - Running simulation for D=450 nm and Msat=440 kA/m
2025/11/21 06:37:18 AM - __main__ - INFO - 	 Simulation time=7.45 s
2025/11/21 06:37:33 AM - __main__ - INFO - 	Finished converting image for hysteresis at D=450 nm and Ms=440 kA/m
2025/11/21 06:37:33 AM - __main__ - INFO - Running simulation for D=525 nm and Msat=260 kA/m
2025/11/21 06:37:37 AM - __main__ - INFO - 	 Simulation time=4.21 s
2025/11/21 06:37:52 AM - __main__ - INFO - 	Finished converting image for hysteresis at D=525 nm and Ms=260 kA/m
2025/11/21 06:37:52 AM - __main__ - INFO - Running simulation for D=525 nm and Msat=280 kA/m
2025/11/21 06:37:56 AM - __main__ - INFO - 	 Simulation time=4.31 s
2025/11/21 06:38:12 AM - __main__ - INFO - 	Finished converting image for hysteresis at D=525 nm and Ms=280 kA/m
2025/11/21 06:38:12 AM - __main__ - INFO - Running simulation for D=525 nm and Msat=300 kA/m
2025/11/21 06:38:16 AM - __main__ - INFO - 	 Simulation time=4.52 s
2025/11/21 06:38:31 AM - __main__ - INFO - 	Finished converting image for hysteresis at D=525 nm and Ms=300 kA/m
2025/11/21 06:38:31 AM - __main__ - INFO - Running simulation for D=525 nm and Msat=320 kA/m
2025/11/21 06:38:37 AM - __main__ - INFO - 	 Simulation time=5.62 s
2025/11/21 06:38:52 AM - __main__ - INFO - 	Finished converting image for hysteresis at D=525 nm and Ms=320 kA/m
2025/11/21 06:38:52 AM - __main__ - INFO - Running simulation for D=525 nm and Msat=340 kA/m
2025/11/21 06:39:37 AM - __main__ - INFO - 	 Simulation time=44.76 s
2025/11/21 06:39:53 AM - __main__ - INFO - 	Finished converting image for hysteresis at D=525 nm and Ms=340 kA/m
2025/11/21 06:39:53 AM - __main__ - INFO - Running simulation for D=525 nm and Msat=360 kA/m
2025/11/21 06:40:00 AM - __main__ - INFO - 	 Simulation time=6.95 s
2025/11/21 06:40:15 AM - __main__ - INFO - 	Finished converting image for hysteresis at D=525 nm and Ms=360 kA/m
2025/11/21 06:40:15 AM - __main__ - INFO - Running simulation for D=525 nm and Msat=380 kA/m
2025/11/21 06:40:28 AM - __main__ - INFO - 	 Simulation time=12.68 s
2025/11/21 06:40:43 AM - __main__ - INFO - 	Finished converting image for hysteresis at D=525 nm and Ms=380 kA/m
2025/11/21 06:40:43 AM - __main__ - INFO - Running simulation for D=525 nm and Msat=400 kA/m
2025/11/21 06:40:51 AM - __main__ - INFO - 	 Simulation time=8.29 s
2025/11/21 06:41:06 AM - __main__ - INFO - 	Finished converting image for hysteresis at D=525 nm and Ms=400 kA/m
2025/11/21 06:41:06 AM - __main__ - INFO - Running simulation for D=525 nm and Msat=420 kA/m
2025/11/21 06:41:15 AM - __main__ - INFO - 	 Simulation time=8.65 s
2025/11/21 06:41:32 AM - __main__ - INFO - 	Finished converting image for hysteresis at D=525 nm and Ms=420 kA/m
2025/11/21 06:41:32 AM - __main__ - INFO - Running simulation for D=525 nm and Msat=440 kA/m
2025/11/21 06:41:43 AM - __main__ - INFO - 	 Simulation time=11.35 s
2025/11/21 06:41:58 AM - __main__ - INFO - 	Finished converting image for hysteresis at D=525 nm and Ms=440 kA/m
2025/11/21 06:41:58 AM - __main__ - INFO - Running simulation for D=600 nm and Msat=260 kA/m
2025/11/21 06:42:02 AM - __main__ - INFO - 	 Simulation time=4.24 s
2025/11/21 06:42:18 AM - __main__ - INFO - 	Finished converting image for hysteresis at D=600 nm and Ms=260 kA/m
2025/11/21 06:42:18 AM - __main__ - INFO - Running simulation for D=600 nm and Msat=280 kA/m
2025/11/21 06:42:22 AM - __main__ - INFO - 	 Simulation time=4.39 s
2025/11/21 06:42:38 AM - __main__ - INFO - 	Finished converting image for hysteresis at D=600 nm and Ms=280 kA/m
2025/11/21 06:42:38 AM - __main__ - INFO - Running simulation for D=600 nm and Msat=300 kA/m
2025/11/21 06:42:43 AM - __main__ - INFO - 	 Simulation time=5.31 s
2025/11/21 06:42:58 AM - __main__ - INFO - 	Finished converting image for hysteresis at D=600 nm and Ms=300 kA/m
2025/11/21 06:42:58 AM - __main__ - INFO - Running simulation for D=600 nm and Msat=320 kA/m
2025/11/21 06:43:04 AM - __main__ - INFO - 	 Simulation time=5.17 s
2025/11/21 06:43:23 AM - __main__ - INFO - 	Finished converting image for hysteresis at D=600 nm and Ms=320 kA/m
2025/11/21 06:43:23 AM - __main__ - INFO - Running simulation for D=600 nm and Msat=340 kA/m
2025/11/21 06:43:29 AM - __main__ - INFO - 	 Simulation time=6.20 s
2025/11/21 06:43:45 AM - __main__ - INFO - 	Finished converting image for hysteresis at D=600 nm and Ms=340 kA/m
2025/11/21 06:43:45 AM - __main__ - INFO - Running simulation for D=600 nm and Msat=360 kA/m
2025/11/21 06:43:52 AM - __main__ - INFO - 	 Simulation time=6.88 s
2025/11/21 06:44:09 AM - __main__ - INFO - 	Finished converting image for hysteresis at D=600 nm and Ms=360 kA/m
2025/11/21 06:44:09 AM - __main__ - INFO - Running simulation for D=600 nm and Msat=380 kA/m
2025/11/21 06:44:16 AM - __main__ - INFO - 	 Simulation time=7.38 s
2025/11/21 06:44:33 AM - __main__ - INFO - 	Finished converting image for hysteresis at D=600 nm and Ms=380 kA/m
2025/11/21 06:44:33 AM - __main__ - INFO - Running simulation for D=600 nm and Msat=400 kA/m
2025/11/21 06:44:46 AM - __main__ - INFO - 	 Simulation time=13.77 s
2025/11/21 06:45:03 AM - __main__ - INFO - 	Finished converting image for hysteresis at D=600 nm and Ms=400 kA/m
2025/11/21 06:45:03 AM - __main__ - INFO - Running simulation for D=600 nm and Msat=420 kA/m
2025/11/21 06:48:00 AM - __main__ - INFO - 	 Simulation time=177.13 s
2025/11/21 06:48:18 AM - __main__ - INFO - 	Finished converting image for hysteresis at D=600 nm and Ms=420 kA/m
2025/11/21 06:48:18 AM - __main__ - INFO - Running simulation for D=600 nm and Msat=440 kA/m
2025/11/21 06:48:31 AM - __main__ - INFO - 	 Simulation time=12.57 s
2025/11/21 06:48:47 AM - __main__ - INFO - 	Finished converting image for hysteresis at D=600 nm and Ms=440 kA/m
2025/11/21 06:48:47 AM - __main__ - INFO - Running simulation for D=675 nm and Msat=260 kA/m
2025/11/21 06:48:52 AM - __main__ - INFO - 	 Simulation time=5.04 s
2025/11/21 06:49:09 AM - __main__ - INFO - 	Finished converting image for hysteresis at D=675 nm and Ms=260 kA/m
2025/11/21 06:49:09 AM - __main__ - INFO - Running simulation for D=675 nm and Msat=280 kA/m
2025/11/21 06:49:14 AM - __main__ - INFO - 	 Simulation time=4.77 s
2025/11/21 06:49:33 AM - __main__ - INFO - 	Finished converting image for hysteresis at D=675 nm and Ms=280 kA/m
2025/11/21 06:49:33 AM - __main__ - INFO - Running simulation for D=675 nm and Msat=300 kA/m
2025/11/21 06:49:38 AM - __main__ - INFO - 	 Simulation time=5.06 s
2025/11/21 06:49:55 AM - __main__ - INFO - 	Finished converting image for hysteresis at D=675 nm and Ms=300 kA/m
2025/11/21 06:49:55 AM - __main__ - INFO - Running simulation for D=675 nm and Msat=320 kA/m
2025/11/21 06:50:01 AM - __main__ - INFO - 	 Simulation time=5.32 s
2025/11/21 06:50:17 AM - __main__ - INFO - 	Finished converting image for hysteresis at D=675 nm and Ms=320 kA/m
2025/11/21 06:50:17 AM - __main__ - INFO - Running simulation for D=675 nm and Msat=340 kA/m
2025/11/21 06:50:24 AM - __main__ - INFO - 	 Simulation time=6.50 s
2025/11/21 06:50:41 AM - __main__ - INFO - 	Finished converting image for hysteresis at D=675 nm and Ms=340 kA/m
2025/11/21 06:50:41 AM - __main__ - INFO - Running simulation for D=675 nm and Msat=360 kA/m
2025/11/21 06:50:49 AM - __main__ - INFO - 	 Simulation time=8.02 s
2025/11/21 06:51:06 AM - __main__ - INFO - 	Finished converting image for hysteresis at D=675 nm and Ms=360 kA/m
2025/11/21 06:51:06 AM - __main__ - INFO - Running simulation for D=675 nm and Msat=380 kA/m
2025/11/21 06:51:19 AM - __main__ - INFO - 	 Simulation time=12.13 s
2025/11/21 06:51:37 AM - __main__ - INFO - 	Finished converting image for hysteresis at D=675 nm and Ms=380 kA/m
2025/11/21 06:51:37 AM - __main__ - INFO - Running simulation for D=675 nm and Msat=400 kA/m
2025/11/21 06:51:46 AM - __main__ - INFO - 	 Simulation time=8.72 s
2025/11/21 06:52:04 AM - __main__ - INFO - 	Finished converting image for hysteresis at D=675 nm and Ms=400 kA/m
2025/11/21 06:52:04 AM - __main__ - INFO - Running simulation for D=675 nm and Msat=420 kA/m
2025/11/21 06:52:15 AM - __main__ - INFO - 	 Simulation time=11.40 s
2025/11/21 06:52:34 AM - __main__ - INFO - 	Finished converting image for hysteresis at D=675 nm and Ms=420 kA/m
2025/11/21 06:52:34 AM - __main__ - INFO - Running simulation for D=675 nm and Msat=440 kA/m
2025/11/21 06:52:47 AM - __main__ - INFO - 	 Simulation time=13.54 s
2025/11/21 06:53:04 AM - __main__ - INFO - 	Finished converting image for hysteresis at D=675 nm and Ms=440 kA/m
2025/11/21 06:53:04 AM - __main__ - INFO - Running simulation for D=750 nm and Msat=260 kA/m
2025/11/21 06:53:09 AM - __main__ - INFO - 	 Simulation time=4.73 s
2025/11/21 06:53:30 AM - __main__ - INFO - 	Finished converting image for hysteresis at D=750 nm and Ms=260 kA/m
2025/11/21 06:53:30 AM - __main__ - INFO - Running simulation for D=750 nm and Msat=280 kA/m
2025/11/21 06:53:35 AM - __main__ - INFO - 	 Simulation time=4.97 s
2025/11/21 06:53:53 AM - __main__ - INFO - 	Finished converting image for hysteresis at D=750 nm and Ms=280 kA/m
2025/11/21 06:53:53 AM - __main__ - INFO - Running simulation for D=750 nm and Msat=300 kA/m
2025/11/21 06:53:58 AM - __main__ - INFO - 	 Simulation time=5.20 s
2025/11/21 06:54:16 AM - __main__ - INFO - 	Finished converting image for hysteresis at D=750 nm and Ms=300 kA/m
2025/11/21 06:54:16 AM - __main__ - INFO - Running simulation for D=750 nm and Msat=320 kA/m
2025/11/21 06:54:22 AM - __main__ - INFO - 	 Simulation time=5.30 s
2025/11/21 06:54:38 AM - __main__ - INFO - 	Finished converting image for hysteresis at D=750 nm and Ms=320 kA/m
2025/11/21 06:54:38 AM - __main__ - INFO - Running simulation for D=750 nm and Msat=340 kA/m
2025/11/21 06:54:48 AM - __main__ - INFO - 	 Simulation time=9.35 s
2025/11/21 06:55:06 AM - __main__ - INFO - 	Finished converting image for hysteresis at D=750 nm and Ms=340 kA/m
2025/11/21 06:55:06 AM - __main__ - INFO - Running simulation for D=750 nm and Msat=360 kA/m
2025/11/21 06:55:14 AM - __main__ - INFO - 	 Simulation time=7.63 s
2025/11/21 06:55:32 AM - __main__ - INFO - 	Finished converting image for hysteresis at D=750 nm and Ms=360 kA/m
2025/11/21 06:55:32 AM - __main__ - INFO - Running simulation for D=750 nm and Msat=380 kA/m
2025/11/21 06:55:45 AM - __main__ - INFO - 	 Simulation time=12.56 s
2025/11/21 06:56:02 AM - __main__ - INFO - 	Finished converting image for hysteresis at D=750 nm and Ms=380 kA/m
2025/11/21 06:56:02 AM - __main__ - INFO - Running simulation for D=750 nm and Msat=400 kA/m
2025/11/21 06:56:10 AM - __main__ - INFO - 	 Simulation time=7.91 s
2025/11/21 06:56:29 AM - __main__ - INFO - 	Finished converting image for hysteresis at D=750 nm and Ms=400 kA/m
2025/11/21 06:56:29 AM - __main__ - INFO - Running simulation for D=750 nm and Msat=420 kA/m
2025/11/21 06:56:45 AM - __main__ - INFO - 	 Simulation time=15.72 s
2025/11/21 06:57:05 AM - __main__ - INFO - 	Finished converting image for hysteresis at D=750 nm and Ms=420 kA/m
2025/11/21 06:57:05 AM - __main__ - INFO - Running simulation for D=750 nm and Msat=440 kA/m
2025/11/21 06:57:27 AM - __main__ - INFO - 	 Simulation time=21.83 s
2025/11/21 06:57:46 AM - __main__ - INFO - 	Finished converting image for hysteresis at D=750 nm and Ms=440 kA/m
2025/11/21 06:57:46 AM - __main__ - INFO - ---FOR DMI = 1.0 J/m2---
2025/11/21 06:57:46 AM - __main__ - INFO - ---FOR Ku = 0.02 MJ/m3---
2025/11/21 06:57:46 AM - __main__ - INFO - Running simulation for D=150 nm and Msat=260 kA/m
2025/11/21 06:58:28 AM - __main__ - INFO - 	 Simulation time=42.14 s
2025/11/21 06:58:40 AM - __main__ - INFO - 	Finished converting image for hysteresis at D=150 nm and Ms=260 kA/m
2025/11/21 06:58:40 AM - __main__ - INFO - Running simulation for D=150 nm and Msat=280 kA/m
2025/11/21 06:59:21 AM - __main__ - INFO - 	 Simulation time=41.75 s
2025/11/21 06:59:34 AM - __main__ - INFO - 	Finished converting image for hysteresis at D=150 nm and Ms=280 kA/m
2025/11/21 06:59:34 AM - __main__ - INFO - Running simulation for D=150 nm and Msat=300 kA/m
2025/11/21 07:00:13 AM - __main__ - INFO - 	 Simulation time=38.64 s
2025/11/21 07:00:25 AM - __main__ - INFO - 	Finished converting image for hysteresis at D=150 nm and Ms=300 kA/m
2025/11/21 07:00:25 AM - __main__ - INFO - Running simulation for D=150 nm and Msat=320 kA/m
2025/11/21 07:01:00 AM - __main__ - INFO - 	 Simulation time=35.21 s
2025/11/21 07:01:11 AM - __main__ - INFO - 	Finished converting image for hysteresis at D=150 nm and Ms=320 kA/m
2025/11/21 07:01:11 AM - __main__ - INFO - Running simulation for D=150 nm and Msat=340 kA/m
2025/11/21 07:02:19 AM - __main__ - INFO - 	 Simulation time=68.61 s
2025/11/21 07:02:31 AM - __main__ - INFO - 	Finished converting image for hysteresis at D=150 nm and Ms=340 kA/m
2025/11/21 07:02:31 AM - __main__ - INFO - Running simulation for D=150 nm and Msat=360 kA/m
2025/11/21 07:03:31 AM - __main__ - INFO - 	 Simulation time=59.70 s
2025/11/21 07:03:42 AM - __main__ - INFO - 	Finished converting image for hysteresis at D=150 nm and Ms=360 kA/m
2025/11/21 07:03:42 AM - __main__ - INFO - Running simulation for D=150 nm and Msat=380 kA/m
2025/11/21 07:05:43 AM - __main__ - INFO - 	 Simulation time=120.84 s
2025/11/21 07:05:55 AM - __main__ - INFO - 	Finished converting image for hysteresis at D=150 nm and Ms=380 kA/m
2025/11/21 07:05:55 AM - __main__ - INFO - Running simulation for D=150 nm and Msat=400 kA/m
2025/11/21 07:07:23 AM - __main__ - INFO - 	 Simulation time=87.26 s
2025/11/21 07:07:34 AM - __main__ - INFO - 	Finished converting image for hysteresis at D=150 nm and Ms=400 kA/m
2025/11/21 07:07:34 AM - __main__ - INFO - Running simulation for D=150 nm and Msat=420 kA/m
2025/11/21 07:09:36 AM - __main__ - INFO - 	 Simulation time=121.75 s
2025/11/21 07:09:47 AM - __main__ - INFO - 	Finished converting image for hysteresis at D=150 nm and Ms=420 kA/m
2025/11/21 07:09:47 AM - __main__ - INFO - Running simulation for D=150 nm and Msat=440 kA/m
2025/11/21 07:12:11 AM - __main__ - INFO - 	 Simulation time=144.00 s
2025/11/21 07:12:23 AM - __main__ - INFO - 	Finished converting image for hysteresis at D=150 nm and Ms=440 kA/m
2025/11/21 07:12:23 AM - __main__ - INFO - Running simulation for D=225 nm and Msat=260 kA/m
2025/11/21 07:17:27 AM - __main__ - INFO - 	 Simulation time=303.97 s
2025/11/21 07:17:39 AM - __main__ - INFO - 	Finished converting image for hysteresis at D=225 nm and Ms=260 kA/m
2025/11/21 07:17:39 AM - __main__ - INFO - Running simulation for D=225 nm and Msat=280 kA/m
2025/11/21 07:19:47 AM - __main__ - INFO - 	 Simulation time=127.57 s
2025/11/21 07:20:00 AM - __main__ - INFO - 	Finished converting image for hysteresis at D=225 nm and Ms=280 kA/m
2025/11/21 07:20:00 AM - __main__ - INFO - Running simulation for D=225 nm and Msat=300 kA/m
2025/11/21 07:21:04 AM - __main__ - INFO - 	 Simulation time=64.23 s
2025/11/21 07:21:16 AM - __main__ - INFO - 	Finished converting image for hysteresis at D=225 nm and Ms=300 kA/m
2025/11/21 07:21:16 AM - __main__ - INFO - Running simulation for D=225 nm and Msat=320 kA/m
2025/11/21 07:22:14 AM - __main__ - INFO - 	 Simulation time=57.38 s
2025/11/21 07:22:26 AM - __main__ - INFO - 	Finished converting image for hysteresis at D=225 nm and Ms=320 kA/m
2025/11/21 07:22:26 AM - __main__ - INFO - Running simulation for D=225 nm and Msat=340 kA/m
2025/11/21 07:24:13 AM - __main__ - INFO - 	 Simulation time=107.52 s
2025/11/21 07:24:25 AM - __main__ - INFO - 	Finished converting image for hysteresis at D=225 nm and Ms=340 kA/m
2025/11/21 07:24:25 AM - __main__ - INFO - Running simulation for D=225 nm and Msat=360 kA/m
2025/11/21 07:25:28 AM - __main__ - INFO - 	 Simulation time=63.05 s
2025/11/21 07:25:40 AM - __main__ - INFO - 	Finished converting image for hysteresis at D=225 nm and Ms=360 kA/m
2025/11/21 07:25:40 AM - __main__ - INFO - Running simulation for D=225 nm and Msat=380 kA/m
2025/11/21 07:27:58 AM - __main__ - INFO - 	 Simulation time=137.57 s
2025/11/21 07:28:11 AM - __main__ - INFO - 	Finished converting image for hysteresis at D=225 nm and Ms=380 kA/m
2025/11/21 07:28:11 AM - __main__ - INFO - Running simulation for D=225 nm and Msat=400 kA/m
2025/11/21 07:30:42 AM - __main__ - INFO - 	 Simulation time=150.71 s
2025/11/21 07:30:54 AM - __main__ - INFO - 	Finished converting image for hysteresis at D=225 nm and Ms=400 kA/m
2025/11/21 07:30:54 AM - __main__ - INFO - Running simulation for D=225 nm and Msat=420 kA/m
2025/11/21 07:33:35 AM - __main__ - INFO - 	 Simulation time=161.24 s
2025/11/21 07:33:47 AM - __main__ - INFO - 	Finished converting image for hysteresis at D=225 nm and Ms=420 kA/m
2025/11/21 07:33:47 AM - __main__ - INFO - Running simulation for D=225 nm and Msat=440 kA/m
2025/11/21 07:36:43 AM - __main__ - INFO - 	 Simulation time=175.51 s
2025/11/21 07:36:55 AM - __main__ - INFO - 	Finished converting image for hysteresis at D=225 nm and Ms=440 kA/m
2025/11/21 07:36:55 AM - __main__ - INFO - Running simulation for D=300 nm and Msat=260 kA/m
2025/11/21 07:50:58 AM - __main__ - INFO - 	 Simulation time=843.78 s
2025/11/21 07:51:10 AM - __main__ - INFO - 	Finished converting image for hysteresis at D=300 nm and Ms=260 kA/m
2025/11/21 07:51:10 AM - __main__ - INFO - Running simulation for D=300 nm and Msat=280 kA/m
2025/11/21 08:12:28 AM - __main__ - INFO - 	 Simulation time=1278.11 s
2025/11/21 08:12:41 AM - __main__ - INFO - 	Finished converting image for hysteresis at D=300 nm and Ms=280 kA/m
2025/11/21 08:12:41 AM - __main__ - INFO - Running simulation for D=300 nm and Msat=300 kA/m
2025/11/21 08:23:19 AM - __main__ - INFO - 	 Simulation time=638.04 s
2025/11/21 08:23:33 AM - __main__ - INFO - 	Finished converting image for hysteresis at D=300 nm and Ms=300 kA/m
2025/11/21 08:23:33 AM - __main__ - INFO - Running simulation for D=300 nm and Msat=320 kA/m
2025/11/21 08:35:00 AM - __main__ - INFO - 	 Simulation time=686.45 s
2025/11/21 08:35:12 AM - __main__ - INFO - 	Finished converting image for hysteresis at D=300 nm and Ms=320 kA/m
2025/11/21 08:35:12 AM - __main__ - INFO - Running simulation for D=300 nm and Msat=340 kA/m
2025/11/21 08:38:01 AM - __main__ - INFO - 	 Simulation time=168.25 s
2025/11/21 08:38:14 AM - __main__ - INFO - 	Finished converting image for hysteresis at D=300 nm and Ms=340 kA/m
2025/11/21 08:38:14 AM - __main__ - INFO - Running simulation for D=300 nm and Msat=360 kA/m
2025/11/21 08:41:19 AM - __main__ - INFO - 	 Simulation time=185.17 s
2025/11/21 08:41:32 AM - __main__ - INFO - 	Finished converting image for hysteresis at D=300 nm and Ms=360 kA/m
2025/11/21 08:41:32 AM - __main__ - INFO - Running simulation for D=300 nm and Msat=380 kA/m
2025/11/21 08:44:52 AM - __main__ - INFO - 	 Simulation time=200.31 s
2025/11/21 08:45:04 AM - __main__ - INFO - 	Finished converting image for hysteresis at D=300 nm and Ms=380 kA/m
2025/11/21 08:45:04 AM - __main__ - INFO - Running simulation for D=300 nm and Msat=400 kA/m
2025/11/21 08:48:55 AM - __main__ - INFO - 	 Simulation time=231.11 s
2025/11/21 08:49:08 AM - __main__ - INFO - 	Finished converting image for hysteresis at D=300 nm and Ms=400 kA/m
2025/11/21 08:49:08 AM - __main__ - INFO - Running simulation for D=300 nm and Msat=420 kA/m
2025/11/21 08:53:16 AM - __main__ - INFO - 	 Simulation time=248.12 s
2025/11/21 08:53:29 AM - __main__ - INFO - 	Finished converting image for hysteresis at D=300 nm and Ms=420 kA/m
2025/11/21 08:53:29 AM - __main__ - INFO - Running simulation for D=300 nm and Msat=440 kA/m
2025/11/21 08:57:47 AM - __main__ - INFO - 	 Simulation time=257.56 s
2025/11/21 08:57:59 AM - __main__ - INFO - 	Finished converting image for hysteresis at D=300 nm and Ms=440 kA/m
2025/11/21 08:57:59 AM - __main__ - INFO - Running simulation for D=375 nm and Msat=260 kA/m
2025/11/21 09:29:33 AM - __main__ - INFO - 	 Simulation time=1894.19 s
2025/11/21 09:29:47 AM - __main__ - INFO - 	Finished converting image for hysteresis at D=375 nm and Ms=260 kA/m
2025/11/21 09:29:47 AM - __main__ - INFO - Running simulation for D=375 nm and Msat=280 kA/m
2025/11/21 10:19:53 AM - __main__ - INFO - 	 Simulation time=3006.76 s
2025/11/21 10:20:07 AM - __main__ - INFO - 	Finished converting image for hysteresis at D=375 nm and Ms=280 kA/m
2025/11/21 10:20:07 AM - __main__ - INFO - Running simulation for D=375 nm and Msat=300 kA/m
2025/11/21 11:12:35 AM - __main__ - INFO - 	 Simulation time=3147.90 s
2025/11/21 11:12:47 AM - __main__ - INFO - 	Finished converting image for hysteresis at D=375 nm and Ms=300 kA/m
2025/11/21 11:12:47 AM - __main__ - INFO - Running simulation for D=375 nm and Msat=320 kA/m
2025/11/21 11:52:50 AM - __main__ - INFO - 	 Simulation time=2403.00 s
2025/11/21 11:53:04 AM - __main__ - INFO - 	Finished converting image for hysteresis at D=375 nm and Ms=320 kA/m
2025/11/21 11:53:04 AM - __main__ - INFO - Running simulation for D=375 nm and Msat=340 kA/m
2025/11/21 12:11:06 PM - __main__ - INFO - 	 Simulation time=1082.62 s
2025/11/21 12:11:19 PM - __main__ - INFO - 	Finished converting image for hysteresis at D=375 nm and Ms=340 kA/m
2025/11/21 12:11:19 PM - __main__ - INFO - Running simulation for D=375 nm and Msat=360 kA/m
2025/11/21 12:19:19 PM - __main__ - INFO - 	 Simulation time=479.26 s
2025/11/21 12:19:33 PM - __main__ - INFO - 	Finished converting image for hysteresis at D=375 nm and Ms=360 kA/m
2025/11/21 12:19:33 PM - __main__ - INFO - Running simulation for D=375 nm and Msat=380 kA/m
2025/11/21 12:40:04 PM - __main__ - INFO - 	 Simulation time=1230.58 s
2025/11/21 12:40:18 PM - __main__ - INFO - 	Finished converting image for hysteresis at D=375 nm and Ms=380 kA/m
2025/11/21 12:40:18 PM - __main__ - INFO - Running simulation for D=375 nm and Msat=400 kA/m
2025/11/21 12:47:17 PM - __main__ - INFO - 	 Simulation time=419.15 s
2025/11/21 12:47:32 PM - __main__ - INFO - 	Finished converting image for hysteresis at D=375 nm and Ms=400 kA/m
2025/11/21 12:47:32 PM - __main__ - INFO - Running simulation for D=375 nm and Msat=420 kA/m
2025/11/21 12:53:33 PM - __main__ - INFO - 	 Simulation time=360.46 s
2025/11/21 12:53:46 PM - __main__ - INFO - 	Finished converting image for hysteresis at D=375 nm and Ms=420 kA/m
2025/11/21 12:53:46 PM - __main__ - INFO - Running simulation for D=375 nm and Msat=440 kA/m
2025/11/21 13:00:23 PM - __main__ - INFO - 	 Simulation time=396.22 s
2025/11/21 13:00:35 PM - __main__ - INFO - 	Finished converting image for hysteresis at D=375 nm and Ms=440 kA/m
2025/11/21 13:00:35 PM - __main__ - INFO - Running simulation for D=450 nm and Msat=260 kA/m
2025/11/21 14:11:25 PM - __main__ - INFO - 	 Simulation time=4249.81 s
2025/11/21 14:11:41 PM - __main__ - INFO - 	Finished converting image for hysteresis at D=450 nm and Ms=260 kA/m
2025/11/21 14:11:41 PM - __main__ - INFO - Running simulation for D=450 nm and Msat=280 kA/m
2025/11/21 14:57:24 PM - __main__ - INFO - 	 Simulation time=2742.81 s
2025/11/21 14:57:41 PM - __main__ - INFO - 	Finished converting image for hysteresis at D=450 nm and Ms=280 kA/m
2025/11/21 14:57:41 PM - __main__ - INFO - Running simulation for D=450 nm and Msat=300 kA/m
2025/11/21 16:03:54 PM - __main__ - INFO - 	 Simulation time=3973.87 s
2025/11/21 16:04:12 PM - __main__ - INFO - 	Finished converting image for hysteresis at D=450 nm and Ms=300 kA/m
2025/11/21 16:04:12 PM - __main__ - INFO - Running simulation for D=450 nm and Msat=320 kA/m
2025/11/21 17:19:33 PM - __main__ - INFO - 	 Simulation time=4520.59 s
2025/11/21 17:19:50 PM - __main__ - INFO - 	Finished converting image for hysteresis at D=450 nm and Ms=320 kA/m
2025/11/21 17:19:50 PM - __main__ - INFO - Running simulation for D=450 nm and Msat=340 kA/m
2025/11/21 17:32:56 PM - __main__ - INFO - 	 Simulation time=786.38 s
2025/11/21 17:33:12 PM - __main__ - INFO - 	Finished converting image for hysteresis at D=450 nm and Ms=340 kA/m
2025/11/21 17:33:12 PM - __main__ - INFO - Running simulation for D=450 nm and Msat=360 kA/m
2025/11/21 17:40:42 PM - __main__ - INFO - 	 Simulation time=450.00 s
2025/11/21 17:40:58 PM - __main__ - INFO - 	Finished converting image for hysteresis at D=450 nm and Ms=360 kA/m
2025/11/21 17:40:58 PM - __main__ - INFO - Running simulation for D=450 nm and Msat=380 kA/m
2025/11/21 17:51:39 PM - __main__ - INFO - 	 Simulation time=640.55 s
2025/11/21 17:51:53 PM - __main__ - INFO - 	Finished converting image for hysteresis at D=450 nm and Ms=380 kA/m
2025/11/21 17:51:53 PM - __main__ - INFO - Running simulation for D=450 nm and Msat=400 kA/m
2025/11/21 18:39:59 PM - __main__ - INFO - 	 Simulation time=2885.49 s
2025/11/21 18:40:14 PM - __main__ - INFO - 	Finished converting image for hysteresis at D=450 nm and Ms=400 kA/m
2025/11/21 18:40:14 PM - __main__ - INFO - Running simulation for D=450 nm and Msat=420 kA/m
2025/11/21 19:24:52 PM - __main__ - INFO - 	 Simulation time=2678.25 s
2025/11/21 19:25:08 PM - __main__ - INFO - 	Finished converting image for hysteresis at D=450 nm and Ms=420 kA/m
2025/11/21 19:25:08 PM - __main__ - INFO - Running simulation for D=450 nm and Msat=440 kA/m
2025/11/21 19:42:58 PM - __main__ - INFO - 	 Simulation time=1069.63 s
2025/11/21 19:43:15 PM - __main__ - INFO - 	Finished converting image for hysteresis at D=450 nm and Ms=440 kA/m
2025/11/21 19:43:15 PM - __main__ - INFO - Running simulation for D=525 nm and Msat=260 kA/m
2025/11/21 21:34:28 PM - __main__ - INFO - 	 Simulation time=6673.36 s
2025/11/21 21:34:44 PM - __main__ - INFO - 	Finished converting image for hysteresis at D=525 nm and Ms=260 kA/m
2025/11/21 21:34:44 PM - __main__ - INFO - Running simulation for D=525 nm and Msat=280 kA/m
2025/11/21 22:32:14 PM - __main__ - INFO - 	 Simulation time=3450.04 s
2025/11/21 22:32:31 PM - __main__ - INFO - 	Finished converting image for hysteresis at D=525 nm and Ms=280 kA/m
2025/11/21 22:32:31 PM - __main__ - INFO - Running simulation for D=525 nm and Msat=300 kA/m
2025/11/21 23:20:32 PM - __main__ - INFO - 	 Simulation time=2881.09 s
2025/11/21 23:20:48 PM - __main__ - INFO - 	Finished converting image for hysteresis at D=525 nm and Ms=300 kA/m
2025/11/21 23:20:48 PM - __main__ - INFO - Running simulation for D=525 nm and Msat=320 kA/m
2025/11/21 23:50:17 PM - __main__ - INFO - 	 Simulation time=1769.02 s
2025/11/21 23:50:35 PM - __main__ - INFO - 	Finished converting image for hysteresis at D=525 nm and Ms=320 kA/m
2025/11/21 23:50:35 PM - __main__ - INFO - Running simulation for D=525 nm and Msat=340 kA/m
2025/11/21 23:58:52 PM - __main__ - INFO - 	 Simulation time=497.14 s
2025/11/21 23:59:08 PM - __main__ - INFO - 	Finished converting image for hysteresis at D=525 nm and Ms=340 kA/m
2025/11/21 23:59:08 PM - __main__ - INFO - Running simulation for D=525 nm and Msat=360 kA/m
2025/11/22 00:20:07 AM - __main__ - INFO - 	 Simulation time=1258.89 s
2025/11/22 00:20:22 AM - __main__ - INFO - 	Finished converting image for hysteresis at D=525 nm and Ms=360 kA/m
2025/11/22 00:20:22 AM - __main__ - INFO - Running simulation for D=525 nm and Msat=380 kA/m
2025/11/22 01:09:53 AM - __main__ - INFO - 	 Simulation time=2971.25 s
2025/11/22 01:10:09 AM - __main__ - INFO - 	Finished converting image for hysteresis at D=525 nm and Ms=380 kA/m
2025/11/22 01:10:09 AM - __main__ - INFO - Running simulation for D=525 nm and Msat=400 kA/m
2025/11/22 02:24:34 AM - __main__ - INFO - 	 Simulation time=4464.90 s
2025/11/22 02:24:49 AM - __main__ - INFO - 	Finished converting image for hysteresis at D=525 nm and Ms=400 kA/m
2025/11/22 02:24:49 AM - __main__ - INFO - Running simulation for D=525 nm and Msat=420 kA/m
2025/11/22 02:36:14 AM - __main__ - INFO - 	 Simulation time=684.94 s
2025/11/22 02:36:29 AM - __main__ - INFO - 	Finished converting image for hysteresis at D=525 nm and Ms=420 kA/m
2025/11/22 02:36:29 AM - __main__ - INFO - Running simulation for D=525 nm and Msat=440 kA/m
2025/11/22 03:27:04 AM - __main__ - INFO - 	 Simulation time=3035.22 s
2025/11/22 03:27:20 AM - __main__ - INFO - 	Finished converting image for hysteresis at D=525 nm and Ms=440 kA/m
2025/11/22 03:27:20 AM - __main__ - INFO - Running simulation for D=600 nm and Msat=260 kA/m
2025/11/22 05:24:07 AM - __main__ - INFO - 	 Simulation time=7006.88 s
2025/11/22 05:24:24 AM - __main__ - INFO - 	Finished converting image for hysteresis at D=600 nm and Ms=260 kA/m
2025/11/22 05:24:24 AM - __main__ - INFO - Running simulation for D=600 nm and Msat=280 kA/m
2025/11/22 06:46:51 AM - __main__ - INFO - 	 Simulation time=4947.25 s
2025/11/22 06:47:09 AM - __main__ - INFO - 	Finished converting image for hysteresis at D=600 nm and Ms=280 kA/m
2025/11/22 06:47:09 AM - __main__ - INFO - Running simulation for D=600 nm and Msat=300 kA/m
2025/11/22 09:13:38 AM - __main__ - INFO - 	 Simulation time=8788.92 s
2025/11/22 09:13:55 AM - __main__ - INFO - 	Finished converting image for hysteresis at D=600 nm and Ms=300 kA/m
2025/11/22 09:13:55 AM - __main__ - INFO - Running simulation for D=600 nm and Msat=320 kA/m
2025/11/22 10:54:19 AM - __main__ - INFO - 	 Simulation time=6023.54 s
2025/11/22 10:54:35 AM - __main__ - INFO - 	Finished converting image for hysteresis at D=600 nm and Ms=320 kA/m
2025/11/22 10:54:35 AM - __main__ - INFO - Running simulation for D=600 nm and Msat=340 kA/m
2025/11/22 11:32:05 AM - __main__ - INFO - 	 Simulation time=2249.44 s
2025/11/22 11:32:22 AM - __main__ - INFO - 	Finished converting image for hysteresis at D=600 nm and Ms=340 kA/m
2025/11/22 11:32:22 AM - __main__ - INFO - Running simulation for D=600 nm and Msat=360 kA/m
2025/11/22 11:47:50 AM - __main__ - INFO - 	 Simulation time=927.40 s
2025/11/22 11:48:08 AM - __main__ - INFO - 	Finished converting image for hysteresis at D=600 nm and Ms=360 kA/m
2025/11/22 11:48:08 AM - __main__ - INFO - Running simulation for D=600 nm and Msat=380 kA/m
2025/11/22 11:55:28 AM - __main__ - INFO - 	 Simulation time=440.03 s
2025/11/22 11:55:46 AM - __main__ - INFO - 	Finished converting image for hysteresis at D=600 nm and Ms=380 kA/m
2025/11/22 11:55:46 AM - __main__ - INFO - Running simulation for D=600 nm and Msat=400 kA/m
2025/11/22 13:14:58 PM - __main__ - INFO - 	 Simulation time=4751.73 s
2025/11/22 13:15:14 PM - __main__ - INFO - 	Finished converting image for hysteresis at D=600 nm and Ms=400 kA/m
2025/11/22 13:15:14 PM - __main__ - INFO - Running simulation for D=600 nm and Msat=420 kA/m
2025/11/22 14:19:18 PM - __main__ - INFO - 	 Simulation time=3844.52 s
2025/11/22 14:19:35 PM - __main__ - INFO - 	Finished converting image for hysteresis at D=600 nm and Ms=420 kA/m
2025/11/22 14:19:35 PM - __main__ - INFO - Running simulation for D=600 nm and Msat=440 kA/m
2025/11/22 15:30:53 PM - __main__ - INFO - 	 Simulation time=4277.23 s
2025/11/22 15:31:10 PM - __main__ - INFO - 	Finished converting image for hysteresis at D=600 nm and Ms=440 kA/m
2025/11/22 15:31:10 PM - __main__ - INFO - Running simulation for D=675 nm and Msat=260 kA/m
2025/11/22 20:26:07 PM - __main__ - INFO - 	 Simulation time=17697.08 s
2025/11/22 20:26:26 PM - __main__ - INFO - 	Finished converting image for hysteresis at D=675 nm and Ms=260 kA/m
2025/11/22 20:26:26 PM - __main__ - INFO - Running simulation for D=675 nm and Msat=280 kA/m
2025/11/22 23:16:05 PM - __main__ - INFO - 	 Simulation time=10179.37 s
2025/11/22 23:16:24 PM - __main__ - INFO - 	Finished converting image for hysteresis at D=675 nm and Ms=280 kA/m
2025/11/22 23:16:24 PM - __main__ - INFO - Running simulation for D=675 nm and Msat=300 kA/m
2025/11/23 03:51:01 AM - __main__ - INFO - 	 Simulation time=16476.43 s
2025/11/23 03:51:20 AM - __main__ - INFO - 	Finished converting image for hysteresis at D=675 nm and Ms=300 kA/m
2025/11/23 03:51:20 AM - __main__ - INFO - Running simulation for D=675 nm and Msat=320 kA/m
2025/11/23 07:56:18 AM - __main__ - INFO - 	 Simulation time=14698.02 s
2025/11/23 07:56:36 AM - __main__ - INFO - 	Finished converting image for hysteresis at D=675 nm and Ms=320 kA/m
2025/11/23 07:56:36 AM - __main__ - INFO - Running simulation for D=675 nm and Msat=340 kA/m
2025/11/23 10:41:01 AM - __main__ - INFO - 	 Simulation time=9864.71 s
2025/11/23 10:41:20 AM - __main__ - INFO - 	Finished converting image for hysteresis at D=675 nm and Ms=340 kA/m
2025/11/23 10:41:20 AM - __main__ - INFO - Running simulation for D=675 nm and Msat=360 kA/m
2025/11/23 11:17:57 AM - __main__ - INFO - 	 Simulation time=2196.87 s
2025/11/23 11:18:19 AM - __main__ - INFO - 	Finished converting image for hysteresis at D=675 nm and Ms=360 kA/m
2025/11/23 11:18:19 AM - __main__ - INFO - Running simulation for D=675 nm and Msat=380 kA/m
2025/11/23 13:00:44 PM - __main__ - INFO - 	 Simulation time=6144.67 s
2025/11/23 13:01:03 PM - __main__ - INFO - 	Finished converting image for hysteresis at D=675 nm and Ms=380 kA/m
2025/11/23 13:01:03 PM - __main__ - INFO - Running simulation for D=675 nm and Msat=400 kA/m
2025/11/23 14:46:50 PM - __main__ - INFO - 	 Simulation time=6347.58 s
2025/11/23 14:47:08 PM - __main__ - INFO - 	Finished converting image for hysteresis at D=675 nm and Ms=400 kA/m
2025/11/23 14:47:08 PM - __main__ - INFO - Running simulation for D=675 nm and Msat=420 kA/m
2025/11/23 15:52:08 PM - __main__ - INFO - 	 Simulation time=3899.78 s
2025/11/23 15:52:26 PM - __main__ - INFO - 	Finished converting image for hysteresis at D=675 nm and Ms=420 kA/m
2025/11/23 15:52:26 PM - __main__ - INFO - Running simulation for D=675 nm and Msat=440 kA/m
2025/11/23 15:56:51 PM - __main__ - INFO - 	 Simulation time=264.98 s
2025/11/23 15:57:12 PM - __main__ - INFO - 	Finished converting image for hysteresis at D=675 nm and Ms=440 kA/m
2025/11/23 15:57:12 PM - __main__ - INFO - Running simulation for D=750 nm and Msat=260 kA/m
2025/11/23 19:42:41 PM - __main__ - INFO - 	 Simulation time=13529.36 s
2025/11/23 19:43:05 PM - __main__ - INFO - 	Finished converting image for hysteresis at D=750 nm and Ms=260 kA/m
2025/11/23 19:43:05 PM - __main__ - INFO - Running simulation for D=750 nm and Msat=280 kA/m
2025/11/24 02:32:26 AM - __main__ - INFO - 	 Simulation time=24560.64 s
2025/11/24 02:32:46 AM - __main__ - INFO - 	Finished converting image for hysteresis at D=750 nm and Ms=280 kA/m
2025/11/24 02:32:46 AM - __main__ - INFO - Running simulation for D=750 nm and Msat=300 kA/m
2025/11/24 08:04:44 AM - __main__ - INFO - 	 Simulation time=19917.63 s
2025/11/24 08:05:04 AM - __main__ - INFO - 	Finished converting image for hysteresis at D=750 nm and Ms=300 kA/m
2025/11/24 08:05:04 AM - __main__ - INFO - Running simulation for D=750 nm and Msat=320 kA/m
2025/11/24 11:39:26 AM - __main__ - INFO - 	 Simulation time=12862.21 s
2025/11/24 11:39:45 AM - __main__ - INFO - 	Finished converting image for hysteresis at D=750 nm and Ms=320 kA/m
2025/11/24 11:39:45 AM - __main__ - INFO - Running simulation for D=750 nm and Msat=340 kA/m
2025/11/24 12:52:40 PM - __main__ - INFO - 	 Simulation time=4374.52 s
2025/11/24 12:52:59 PM - __main__ - INFO - 	Finished converting image for hysteresis at D=750 nm and Ms=340 kA/m
2025/11/24 12:52:59 PM - __main__ - INFO - Running simulation for D=750 nm and Msat=360 kA/m
2025/11/24 13:51:57 PM - __main__ - INFO - 	 Simulation time=3537.70 s
2025/11/24 13:52:16 PM - __main__ - INFO - 	Finished converting image for hysteresis at D=750 nm and Ms=360 kA/m
2025/11/24 13:52:16 PM - __main__ - INFO - Running simulation for D=750 nm and Msat=380 kA/m
2025/11/24 14:27:40 PM - __main__ - INFO - 	 Simulation time=2124.31 s
2025/11/24 14:27:59 PM - __main__ - INFO - 	Finished converting image for hysteresis at D=750 nm and Ms=380 kA/m
2025/11/24 14:27:59 PM - __main__ - INFO - Running simulation for D=750 nm and Msat=400 kA/m
2025/11/24 17:05:09 PM - __main__ - INFO - 	 Simulation time=9429.72 s
2025/11/24 17:05:30 PM - __main__ - INFO - 	Finished converting image for hysteresis at D=750 nm and Ms=400 kA/m
2025/11/24 17:05:30 PM - __main__ - INFO - Running simulation for D=750 nm and Msat=420 kA/m
2025/11/24 19:28:31 PM - __main__ - INFO - 	 Simulation time=8581.10 s
2025/11/24 19:28:51 PM - __main__ - INFO - 	Finished converting image for hysteresis at D=750 nm and Ms=420 kA/m
2025/11/24 19:28:51 PM - __main__ - INFO - Running simulation for D=750 nm and Msat=440 kA/m
2025/11/24 19:39:45 PM - __main__ - INFO - 	 Simulation time=653.65 s
2025/11/24 19:40:03 PM - __main__ - INFO - 	Finished converting image for hysteresis at D=750 nm and Ms=440 kA/m
2025/11/24 19:40:03 PM - __main__ - INFO - ---FOR Ku = 0.04 MJ/m3---
2025/11/24 19:40:03 PM - __main__ - INFO - Running simulation for D=150 nm and Msat=260 kA/m
2025/11/24 19:45:28 PM - __main__ - INFO - 	 Simulation time=324.54 s
2025/11/24 19:45:39 PM - __main__ - INFO - 	Finished converting image for hysteresis at D=150 nm and Ms=260 kA/m
2025/11/24 19:45:39 PM - __main__ - INFO - Running simulation for D=150 nm and Msat=280 kA/m
2025/11/24 19:47:35 PM - __main__ - INFO - 	 Simulation time=116.45 s
2025/11/24 19:47:46 PM - __main__ - INFO - 	Finished converting image for hysteresis at D=150 nm and Ms=280 kA/m
2025/11/24 19:47:46 PM - __main__ - INFO - Running simulation for D=150 nm and Msat=300 kA/m
2025/11/24 19:48:43 PM - __main__ - INFO - 	 Simulation time=56.71 s
2025/11/24 19:48:55 PM - __main__ - INFO - 	Finished converting image for hysteresis at D=150 nm and Ms=300 kA/m
2025/11/24 19:48:55 PM - __main__ - INFO - Running simulation for D=150 nm and Msat=320 kA/m
2025/11/24 19:49:52 PM - __main__ - INFO - 	 Simulation time=57.21 s
2025/11/24 19:50:04 PM - __main__ - INFO - 	Finished converting image for hysteresis at D=150 nm and Ms=320 kA/m
2025/11/24 19:50:04 PM - __main__ - INFO - Running simulation for D=150 nm and Msat=340 kA/m
2025/11/24 19:51:21 PM - __main__ - INFO - 	 Simulation time=77.55 s
2025/11/24 19:51:33 PM - __main__ - INFO - 	Finished converting image for hysteresis at D=150 nm and Ms=340 kA/m
2025/11/24 19:51:33 PM - __main__ - INFO - Running simulation for D=150 nm and Msat=360 kA/m
2025/11/24 19:52:25 PM - __main__ - INFO - 	 Simulation time=52.37 s
2025/11/24 19:52:37 PM - __main__ - INFO - 	Finished converting image for hysteresis at D=150 nm and Ms=360 kA/m
2025/11/24 19:52:37 PM - __main__ - INFO - Running simulation for D=150 nm and Msat=380 kA/m
2025/11/24 19:53:30 PM - __main__ - INFO - 	 Simulation time=53.25 s
2025/11/24 19:53:41 PM - __main__ - INFO - 	Finished converting image for hysteresis at D=150 nm and Ms=380 kA/m
2025/11/24 19:53:41 PM - __main__ - INFO - Running simulation for D=150 nm and Msat=400 kA/m
2025/11/24 19:54:29 PM - __main__ - INFO - 	 Simulation time=48.08 s
2025/11/24 19:54:40 PM - __main__ - INFO - 	Finished converting image for hysteresis at D=150 nm and Ms=400 kA/m
2025/11/24 19:54:40 PM - __main__ - INFO - Running simulation for D=150 nm and Msat=420 kA/m
2025/11/24 19:56:39 PM - __main__ - INFO - 	 Simulation time=118.65 s
2025/11/24 19:56:50 PM - __main__ - INFO - 	Finished converting image for hysteresis at D=150 nm and Ms=420 kA/m
2025/11/24 19:56:50 PM - __main__ - INFO - Running simulation for D=150 nm and Msat=440 kA/m
2025/11/24 19:58:13 PM - __main__ - INFO - 	 Simulation time=83.13 s
2025/11/24 19:58:26 PM - __main__ - INFO - 	Finished converting image for hysteresis at D=150 nm and Ms=440 kA/m
2025/11/24 19:58:26 PM - __main__ - INFO - Running simulation for D=225 nm and Msat=260 kA/m
2025/11/24 20:03:26 PM - __main__ - INFO - 	 Simulation time=300.25 s
2025/11/24 20:03:38 PM - __main__ - INFO - 	Finished converting image for hysteresis at D=225 nm and Ms=260 kA/m
2025/11/24 20:03:38 PM - __main__ - INFO - Running simulation for D=225 nm and Msat=280 kA/m
2025/11/24 20:07:23 PM - __main__ - INFO - 	 Simulation time=224.54 s
2025/11/24 20:07:35 PM - __main__ - INFO - 	Finished converting image for hysteresis at D=225 nm and Ms=280 kA/m
2025/11/24 20:07:35 PM - __main__ - INFO - Running simulation for D=225 nm and Msat=300 kA/m
2025/11/24 20:13:26 PM - __main__ - INFO - 	 Simulation time=351.19 s
2025/11/24 20:13:39 PM - __main__ - INFO - 	Finished converting image for hysteresis at D=225 nm and Ms=300 kA/m
2025/11/24 20:13:39 PM - __main__ - INFO - Running simulation for D=225 nm and Msat=320 kA/m
2025/11/24 20:14:41 PM - __main__ - INFO - 	 Simulation time=61.55 s
2025/11/24 20:14:52 PM - __main__ - INFO - 	Finished converting image for hysteresis at D=225 nm and Ms=320 kA/m
2025/11/24 20:14:52 PM - __main__ - INFO - Running simulation for D=225 nm and Msat=340 kA/m
2025/11/24 20:17:49 PM - __main__ - INFO - 	 Simulation time=176.39 s
2025/11/24 20:18:01 PM - __main__ - INFO - 	Finished converting image for hysteresis at D=225 nm and Ms=340 kA/m
2025/11/24 20:18:01 PM - __main__ - INFO - Running simulation for D=225 nm and Msat=360 kA/m
2025/11/24 20:20:14 PM - __main__ - INFO - 	 Simulation time=133.55 s
2025/11/24 20:20:26 PM - __main__ - INFO - 	Finished converting image for hysteresis at D=225 nm and Ms=360 kA/m
2025/11/24 20:20:26 PM - __main__ - INFO - Running simulation for D=225 nm and Msat=380 kA/m
2025/11/24 20:21:18 PM - __main__ - INFO - 	 Simulation time=51.75 s
2025/11/24 20:21:30 PM - __main__ - INFO - 	Finished converting image for hysteresis at D=225 nm and Ms=380 kA/m
2025/11/24 20:21:30 PM - __main__ - INFO - Running simulation for D=225 nm and Msat=400 kA/m
2025/11/24 20:22:37 PM - __main__ - INFO - 	 Simulation time=67.15 s
2025/11/24 20:22:49 PM - __main__ - INFO - 	Finished converting image for hysteresis at D=225 nm and Ms=400 kA/m
2025/11/24 20:22:49 PM - __main__ - INFO - Running simulation for D=225 nm and Msat=420 kA/m
2025/11/24 20:25:17 PM - __main__ - INFO - 	 Simulation time=147.86 s
2025/11/24 20:25:28 PM - __main__ - INFO - 	Finished converting image for hysteresis at D=225 nm and Ms=420 kA/m
2025/11/24 20:25:28 PM - __main__ - INFO - Running simulation for D=225 nm and Msat=440 kA/m
2025/11/24 20:27:59 PM - __main__ - INFO - 	 Simulation time=150.61 s
2025/11/24 20:28:11 PM - __main__ - INFO - 	Finished converting image for hysteresis at D=225 nm and Ms=440 kA/m
2025/11/24 20:28:11 PM - __main__ - INFO - Running simulation for D=300 nm and Msat=260 kA/m
2025/11/24 20:48:33 PM - __main__ - INFO - 	 Simulation time=1222.30 s
2025/11/24 20:48:47 PM - __main__ - INFO - 	Finished converting image for hysteresis at D=300 nm and Ms=260 kA/m
2025/11/24 20:48:47 PM - __main__ - INFO - Running simulation for D=300 nm and Msat=280 kA/m
2025/11/24 20:58:11 PM - __main__ - INFO - 	 Simulation time=564.40 s
2025/11/24 20:58:24 PM - __main__ - INFO - 	Finished converting image for hysteresis at D=300 nm and Ms=280 kA/m
2025/11/24 20:58:24 PM - __main__ - INFO - Running simulation for D=300 nm and Msat=300 kA/m
2025/11/24 21:07:49 PM - __main__ - INFO - 	 Simulation time=564.76 s
2025/11/24 21:08:02 PM - __main__ - INFO - 	Finished converting image for hysteresis at D=300 nm and Ms=300 kA/m
2025/11/24 21:08:02 PM - __main__ - INFO - Running simulation for D=300 nm and Msat=320 kA/m
2025/11/24 21:24:20 PM - __main__ - INFO - 	 Simulation time=978.28 s
2025/11/24 21:24:32 PM - __main__ - INFO - 	Finished converting image for hysteresis at D=300 nm and Ms=320 kA/m
2025/11/24 21:24:32 PM - __main__ - INFO - Running simulation for D=300 nm and Msat=340 kA/m
2025/11/24 21:41:49 PM - __main__ - INFO - 	 Simulation time=1036.97 s
2025/11/24 21:42:02 PM - __main__ - INFO - 	Finished converting image for hysteresis at D=300 nm and Ms=340 kA/m
2025/11/24 21:42:02 PM - __main__ - INFO - Running simulation for D=300 nm and Msat=360 kA/m
2025/11/24 22:00:15 PM - __main__ - INFO - 	 Simulation time=1093.17 s
2025/11/24 22:00:28 PM - __main__ - INFO - 	Finished converting image for hysteresis at D=300 nm and Ms=360 kA/m
2025/11/24 22:00:28 PM - __main__ - INFO - Running simulation for D=300 nm and Msat=380 kA/m
2025/11/24 22:22:38 PM - __main__ - INFO - 	 Simulation time=1329.71 s
2025/11/24 22:22:50 PM - __main__ - INFO - 	Finished converting image for hysteresis at D=300 nm and Ms=380 kA/m
2025/11/24 22:22:50 PM - __main__ - INFO - Running simulation for D=300 nm and Msat=400 kA/m
2025/11/24 22:27:09 PM - __main__ - INFO - 	 Simulation time=259.69 s
2025/11/24 22:27:22 PM - __main__ - INFO - 	Finished converting image for hysteresis at D=300 nm and Ms=400 kA/m
2025/11/24 22:27:22 PM - __main__ - INFO - Running simulation for D=300 nm and Msat=420 kA/m
2025/11/24 22:33:17 PM - __main__ - INFO - 	 Simulation time=354.91 s
2025/11/24 22:33:30 PM - __main__ - INFO - 	Finished converting image for hysteresis at D=300 nm and Ms=420 kA/m
2025/11/24 22:33:30 PM - __main__ - INFO - Running simulation for D=300 nm and Msat=440 kA/m
2025/11/24 22:37:24 PM - __main__ - INFO - 	 Simulation time=233.96 s
2025/11/24 22:37:36 PM - __main__ - INFO - 	Finished converting image for hysteresis at D=300 nm and Ms=440 kA/m
2025/11/24 22:37:36 PM - __main__ - INFO - Running simulation for D=375 nm and Msat=260 kA/m
2025/11/24 23:13:24 PM - __main__ - INFO - 	 Simulation time=2147.66 s
2025/11/24 23:13:38 PM - __main__ - INFO - 	Finished converting image for hysteresis at D=375 nm and Ms=260 kA/m
2025/11/24 23:13:38 PM - __main__ - INFO - Running simulation for D=375 nm and Msat=280 kA/m
2025/11/24 23:23:08 PM - __main__ - INFO - 	 Simulation time=569.84 s
2025/11/24 23:23:21 PM - __main__ - INFO - 	Finished converting image for hysteresis at D=375 nm and Ms=280 kA/m
2025/11/24 23:23:21 PM - __main__ - INFO - Running simulation for D=375 nm and Msat=300 kA/m
2025/11/24 23:30:37 PM - __main__ - INFO - 	 Simulation time=436.64 s
2025/11/24 23:30:49 PM - __main__ - INFO - 	Finished converting image for hysteresis at D=375 nm and Ms=300 kA/m
2025/11/24 23:30:49 PM - __main__ - INFO - Running simulation for D=375 nm and Msat=320 kA/m
2025/11/25 00:07:13 AM - __main__ - INFO - 	 Simulation time=2184.14 s
2025/11/25 00:07:27 AM - __main__ - INFO - 	Finished converting image for hysteresis at D=375 nm and Ms=320 kA/m
2025/11/25 00:07:27 AM - __main__ - INFO - Running simulation for D=375 nm and Msat=340 kA/m
2025/11/25 00:28:47 AM - __main__ - INFO - 	 Simulation time=1279.75 s
2025/11/25 00:29:00 AM - __main__ - INFO - 	Finished converting image for hysteresis at D=375 nm and Ms=340 kA/m
2025/11/25 00:29:00 AM - __main__ - INFO - Running simulation for D=375 nm and Msat=360 kA/m
2025/11/25 00:43:11 AM - __main__ - INFO - 	 Simulation time=850.07 s
2025/11/25 00:43:25 AM - __main__ - INFO - 	Finished converting image for hysteresis at D=375 nm and Ms=360 kA/m
2025/11/25 00:43:25 AM - __main__ - INFO - Running simulation for D=375 nm and Msat=380 kA/m
2025/11/25 00:55:01 AM - __main__ - INFO - 	 Simulation time=696.25 s
2025/11/25 00:55:14 AM - __main__ - INFO - 	Finished converting image for hysteresis at D=375 nm and Ms=380 kA/m
2025/11/25 00:55:14 AM - __main__ - INFO - Running simulation for D=375 nm and Msat=400 kA/m
2025/11/25 00:58:20 AM - __main__ - INFO - 	 Simulation time=186.66 s
2025/11/25 00:58:33 AM - __main__ - INFO - 	Finished converting image for hysteresis at D=375 nm and Ms=400 kA/m
2025/11/25 00:58:33 AM - __main__ - INFO - Running simulation for D=375 nm and Msat=420 kA/m
2025/11/25 01:04:29 AM - __main__ - INFO - 	 Simulation time=356.24 s
2025/11/25 01:04:43 AM - __main__ - INFO - 	Finished converting image for hysteresis at D=375 nm and Ms=420 kA/m
2025/11/25 01:04:43 AM - __main__ - INFO - Running simulation for D=375 nm and Msat=440 kA/m
2025/11/25 01:11:12 AM - __main__ - INFO - 	 Simulation time=388.63 s
2025/11/25 01:11:24 AM - __main__ - INFO - 	Finished converting image for hysteresis at D=375 nm and Ms=440 kA/m
2025/11/25 01:11:24 AM - __main__ - INFO - Running simulation for D=450 nm and Msat=260 kA/m
2025/11/25 01:43:20 AM - __main__ - INFO - 	 Simulation time=1915.81 s
2025/11/25 01:43:37 AM - __main__ - INFO - 	Finished converting image for hysteresis at D=450 nm and Ms=260 kA/m
2025/11/25 01:43:37 AM - __main__ - INFO - Running simulation for D=450 nm and Msat=280 kA/m
2025/11/25 02:02:15 AM - __main__ - INFO - 	 Simulation time=1118.11 s
2025/11/25 02:02:32 AM - __main__ - INFO - 	Finished converting image for hysteresis at D=450 nm and Ms=280 kA/m
2025/11/25 02:02:32 AM - __main__ - INFO - Running simulation for D=450 nm and Msat=300 kA/m
2025/11/25 02:27:43 AM - __main__ - INFO - 	 Simulation time=1511.51 s
2025/11/25 02:27:59 AM - __main__ - INFO - 	Finished converting image for hysteresis at D=450 nm and Ms=300 kA/m
2025/11/25 02:27:59 AM - __main__ - INFO - Running simulation for D=450 nm and Msat=320 kA/m
2025/11/25 02:52:17 AM - __main__ - INFO - 	 Simulation time=1457.75 s
2025/11/25 02:52:33 AM - __main__ - INFO - 	Finished converting image for hysteresis at D=450 nm and Ms=320 kA/m
2025/11/25 02:52:33 AM - __main__ - INFO - Running simulation for D=450 nm and Msat=340 kA/m
2025/11/25 03:19:58 AM - __main__ - INFO - 	 Simulation time=1644.16 s
2025/11/25 03:20:14 AM - __main__ - INFO - 	Finished converting image for hysteresis at D=450 nm and Ms=340 kA/m
2025/11/25 03:20:14 AM - __main__ - INFO - Running simulation for D=450 nm and Msat=360 kA/m
2025/11/25 03:35:16 AM - __main__ - INFO - 	 Simulation time=901.65 s
2025/11/25 03:35:31 AM - __main__ - INFO - 	Finished converting image for hysteresis at D=450 nm and Ms=360 kA/m
2025/11/25 03:35:31 AM - __main__ - INFO - Running simulation for D=450 nm and Msat=380 kA/m
2025/11/25 03:47:04 AM - __main__ - INFO - 	 Simulation time=692.86 s
2025/11/25 03:47:19 AM - __main__ - INFO - 	Finished converting image for hysteresis at D=450 nm and Ms=380 kA/m
2025/11/25 03:47:19 AM - __main__ - INFO - Running simulation for D=450 nm and Msat=400 kA/m
2025/11/25 03:52:28 AM - __main__ - INFO - 	 Simulation time=308.72 s
2025/11/25 03:52:43 AM - __main__ - INFO - 	Finished converting image for hysteresis at D=450 nm and Ms=400 kA/m
2025/11/25 03:52:43 AM - __main__ - INFO - Running simulation for D=450 nm and Msat=420 kA/m
2025/11/25 04:01:06 AM - __main__ - INFO - 	 Simulation time=503.29 s
2025/11/25 04:01:23 AM - __main__ - INFO - 	Finished converting image for hysteresis at D=450 nm and Ms=420 kA/m
2025/11/25 04:01:23 AM - __main__ - INFO - Running simulation for D=450 nm and Msat=440 kA/m
2025/11/25 04:31:40 AM - __main__ - INFO - 	 Simulation time=1817.59 s
2025/11/25 04:31:55 AM - __main__ - INFO - 	Finished converting image for hysteresis at D=450 nm and Ms=440 kA/m
2025/11/25 04:31:55 AM - __main__ - INFO - Running simulation for D=525 nm and Msat=260 kA/m
2025/11/25 05:20:52 AM - __main__ - INFO - 	 Simulation time=2936.57 s
2025/11/25 05:21:09 AM - __main__ - INFO - 	Finished converting image for hysteresis at D=525 nm and Ms=260 kA/m
2025/11/25 05:21:09 AM - __main__ - INFO - Running simulation for D=525 nm and Msat=280 kA/m
2025/11/25 05:41:56 AM - __main__ - INFO - 	 Simulation time=1247.46 s
2025/11/25 05:42:11 AM - __main__ - INFO - 	Finished converting image for hysteresis at D=525 nm and Ms=280 kA/m
2025/11/25 05:42:11 AM - __main__ - INFO - Running simulation for D=525 nm and Msat=300 kA/m
2025/11/25 06:42:22 AM - __main__ - INFO - 	 Simulation time=3610.94 s
2025/11/25 06:42:39 AM - __main__ - INFO - 	Finished converting image for hysteresis at D=525 nm and Ms=300 kA/m
2025/11/25 06:42:39 AM - __main__ - INFO - Running simulation for D=525 nm and Msat=320 kA/m
2025/11/25 07:31:30 AM - __main__ - INFO - 	 Simulation time=2930.76 s
2025/11/25 07:31:46 AM - __main__ - INFO - 	Finished converting image for hysteresis at D=525 nm and Ms=320 kA/m
2025/11/25 07:31:46 AM - __main__ - INFO - Running simulation for D=525 nm and Msat=340 kA/m
2025/11/25 08:24:25 AM - __main__ - INFO - 	 Simulation time=3159.19 s
2025/11/25 08:24:42 AM - __main__ - INFO - 	Finished converting image for hysteresis at D=525 nm and Ms=340 kA/m
2025/11/25 08:24:42 AM - __main__ - INFO - Running simulation for D=525 nm and Msat=360 kA/m
2025/11/25 09:06:06 AM - __main__ - INFO - 	 Simulation time=2484.28 s
2025/11/25 09:06:22 AM - __main__ - INFO - 	Finished converting image for hysteresis at D=525 nm and Ms=360 kA/m
2025/11/25 09:06:22 AM - __main__ - INFO - Running simulation for D=525 nm and Msat=380 kA/m
2025/11/25 09:15:57 AM - __main__ - INFO - 	 Simulation time=575.46 s
2025/11/25 09:16:12 AM - __main__ - INFO - 	Finished converting image for hysteresis at D=525 nm and Ms=380 kA/m
2025/11/25 09:16:12 AM - __main__ - INFO - Running simulation for D=525 nm and Msat=400 kA/m
2025/11/25 09:38:24 AM - __main__ - INFO - 	 Simulation time=1331.22 s
2025/11/25 09:38:40 AM - __main__ - INFO - 	Finished converting image for hysteresis at D=525 nm and Ms=400 kA/m
2025/11/25 09:38:40 AM - __main__ - INFO - Running simulation for D=525 nm and Msat=420 kA/m
2025/11/25 10:23:34 AM - __main__ - INFO - 	 Simulation time=2693.73 s
2025/11/25 10:23:49 AM - __main__ - INFO - 	Finished converting image for hysteresis at D=525 nm and Ms=420 kA/m
2025/11/25 10:23:49 AM - __main__ - INFO - Running simulation for D=525 nm and Msat=440 kA/m
2025/11/25 11:05:41 AM - __main__ - INFO - 	 Simulation time=2511.98 s
2025/11/25 11:05:57 AM - __main__ - INFO - 	Finished converting image for hysteresis at D=525 nm and Ms=440 kA/m
2025/11/25 11:05:57 AM - __main__ - INFO - Running simulation for D=600 nm and Msat=260 kA/m
2025/11/25 12:05:14 PM - __main__ - INFO - 	 Simulation time=3557.10 s
2025/11/25 12:05:31 PM - __main__ - INFO - 	Finished converting image for hysteresis at D=600 nm and Ms=260 kA/m
2025/11/25 12:05:31 PM - __main__ - INFO - Running simulation for D=600 nm and Msat=280 kA/m
2025/11/25 12:44:15 PM - __main__ - INFO - 	 Simulation time=2323.54 s
2025/11/25 12:44:33 PM - __main__ - INFO - 	Finished converting image for hysteresis at D=600 nm and Ms=280 kA/m
2025/11/25 12:44:33 PM - __main__ - INFO - Running simulation for D=600 nm and Msat=300 kA/m
2025/11/25 13:08:23 PM - __main__ - INFO - 	 Simulation time=1429.65 s
2025/11/25 13:08:40 PM - __main__ - INFO - 	Finished converting image for hysteresis at D=600 nm and Ms=300 kA/m
2025/11/25 13:08:40 PM - __main__ - INFO - Running simulation for D=600 nm and Msat=320 kA/m
2025/11/25 14:07:23 PM - __main__ - INFO - 	 Simulation time=3523.30 s
2025/11/25 14:07:38 PM - __main__ - INFO - 	Finished converting image for hysteresis at D=600 nm and Ms=320 kA/m
2025/11/25 14:07:38 PM - __main__ - INFO - Running simulation for D=600 nm and Msat=340 kA/m
