# t (s)	mx ()	my ()	mz ()	spinAngle (rad)	E_total (J)	E_anis (J)	E_demag (J)	E_exch (J)	E_therm (J)	E_custom (J)
0	0	0	0	0.0060737464	-6.191541e-17	-1.25712e-16	7.6893406e-17	5.760001e-18	0	-1.8856798e-17
1.0000000000000124e-11	1.3048236e-09	-2.7310262e-10	0.0008560441	0.011864047	-6.897065e-17	-1.2165443e-16	7.4669653e-17	-3.2173901e-18	0	-1.8768487e-17
2.0009999999999403e-11	3.14068e-09	-8.799973e-10	0.00139688	0.01208098	-6.947784e-17	-1.2067304e-16	7.411944e-17	-4.0912217e-18	0	-1.8833015e-17
3.000999999999824e-11	2.7158538e-09	-7.1310124e-10	0.0012663896	0.0114549305	-6.9620206e-17	-1.21164e-16	7.440466e-17	-4.013606e-18	0	-1.8847267e-17
4.000000000000001e-11	-5.7655e-10	4.703434e-10	0.00083599525	0.010674455	-6.969089e-17	-1.2191872e-16	7.482948e-17	-3.7569886e-18	0	-1.8844667e-17
5.0000000000001785e-11	-2.7006815e-09	2.0558557e-09	0.00059221755	0.01039106	-6.973043e-17	-1.2222812e-16	7.500125e-17	-3.6539843e-18	0	-1.8849575e-17
6.00000000000024e-11	-2.14689e-09	1.8434426e-09	0.0006559369	0.01057889	-6.975522e-17	-1.2203167e-16	7.4884555e-17	-3.757481e-18	0	-1.8850624e-17
7.000999999999771e-11	3.793092e-10	7.586184e-10	0.0008248488	0.010790804	-6.9776635e-17	-1.2169555e-16	7.46872e-17	-3.918199e-18	0	-1.8850083e-17
8.000999999999302e-11	2.313786e-09	-1.5172368e-10	0.0009167182	0.010916965	-6.9795204e-17	-1.2147585e-16	7.455587e-17	-4.024534e-18	0	-1.8850693e-17
9.000999999998834e-11	2.1772346e-09	-6.068947e-11	0.0008944369	0.010986052	-6.9811635e-17	-1.2140045e-16	7.450723e-17	-4.0674162e-18	0	-1.8851001e-17
1.0000999999998365e-10	1.0013762e-09	6.979289e-10	0.0008203042	0.011080198	-6.982683e-17	-1.2137062e-16	7.448494e-17	-4.089919e-18	0	-1.8851231e-17
1.1000999999997896e-10	3.641368e-10	1.1531e-09	0.0007621844	0.011229038	-6.984086e-17	-1.2130553e-16	7.444285e-17	-4.1266506e-18	0	-1.8851529e-17
1.2000999999997891e-10	7.7379075e-10	1.2137894e-09	0.00074074144	0.011404607	-6.98539e-17	-1.2119928e-16	7.4377414e-17	-4.180286e-18	0	-1.8851742e-17
1.3000999999998715e-10	1.1834447e-09	1.3048236e-09	0.00074138254	0.011562102	-6.9866156e-17	-1.210834e-16	7.4306594e-17	-4.2374506e-18	0	-1.88519e-17
1.400099999999954e-10	1.6689604e-09	1.0317209e-09	0.0007455835	0.011706032	-6.987769e-17	-1.2098479e-16	7.424591e-17	-4.2867465e-18	0	-1.8852067e-17
1.5000000000000362e-10	1.2593064e-09	1.2744789e-09	0.00074694166	0.011830737	-6.988856e-17	-1.2090638e-16	7.419698e-17	-4.326936e-18	0	-1.8852227e-17
1.6000000000001186e-10	1.6841327e-09	8.1930784e-10	0.000748962	0.011958152	-6.989886e-17	-1.2083473e-16	7.415205e-17	-4.3638132e-18	0	-1.8852371e-17
1.700000000000201e-10	1.2289617e-09	5.7655e-10	0.00075439824	0.012083594	-6.9908653e-17	-1.2076089e-16	7.4106026e-17	-4.4012957e-18	0	-1.88525e-17
1.8000000000002833e-10	1.608271e-09	7.889631e-10	0.0007611056	0.012206231	-6.991804e-17	-1.2068523e-16	7.405909e-17	-4.4392844e-18	0	-1.8852606e-17
1.9000000000003657e-10	1.6689604e-09	1.1531e-09	0.00076525257	0.012326396	-6.9927e-17	-1.2061103e-16	7.401312e-17	-4.4763814e-18	0	-1.8852699e-17
2.000000000000448e-10	2.5489577e-09	1.6993051e-09	0.0007650529	0.012440586	-6.993562e-17	-1.2054012e-16	7.39691e-17	-4.5118186e-18	0	-1.885278e-17
2.1000000000005304e-10	2.1544762e-09	2.0634419e-09	0.00076136336	0.012552628	-6.9943904e-17	-1.2047268e-16	7.392719e-17	-4.545565e-18	0	-1.8852856e-17
2.2000000000006128e-10	1.6689604e-09	9.558592e-10	0.00075646176	0.012662246	-6.995191e-17	-1.2040784e-16	7.388687e-17	-4.5780203e-18	0	-1.8852924e-17
2.3000000000006952e-10	2.4124065e-09	8.799973e-10	0.0007523789	0.01276854	-6.995966e-17	-1.2034444e-16	7.3847456e-17	-4.609701e-18	0	-1.8852983e-17
2.4000000000005925e-10	1.8510288e-09	1.7296499e-09	0.0007498613	0.012873586	-6.996719e-17	-1.2028199e-16	7.380865e-17	-4.6408166e-18	0	-1.8853038e-17
2.5000000000004163e-10	1.2137894e-09	1.8813735e-09	0.0007488501	0.012975825	-6.9974484e-17	-1.2022063e-16	7.377055e-17	-4.6713147e-18	0	-1.8853086e-17
2.60000000000024e-10	1.3958578e-09	1.820684e-09	0.0007488958	0.013075003	-6.998158e-17	-1.2016078e-16	7.3733384e-17	-4.701043e-18	0	-1.885313e-17
2.700000000000064e-10	1.6841327e-09	8.572387e-10	0.00074944604	0.013173914	-6.998849e-17	-1.2010244e-16	7.3697134e-17	-4.7300185e-18	0	-1.8853172e-17
2.800099999999888e-10	1.8737873e-09	1.1379275e-09	0.00075006526	0.013271338	-6.999525e-17	-1.2004527e-16	7.366161e-17	-4.7583883e-18	0	-1.8853206e-17
2.9000999999997117e-10	2.4427511e-09	1.1758584e-09	0.0007504651	0.013365147	-7.000184e-17	-1.1998923e-16	7.36268e-17	-4.786171e-18	0	-1.8853241e-17
3.0000999999995355e-10	1.9724078e-09	1.3218925e-09	0.00075052324	0.013458382	-7.000828e-17	-1.1993417e-16	7.3592605e-17	-4.8134326e-18	0	-1.8853271e-17
3.1000999999993594e-10	1.319996e-09	1.3048236e-09	0.00075017475	0.013549839	-7.0014585e-17	-1.1988011e-16	7.3559015e-17	-4.840188e-18	0	-1.8853302e-17
3.2000999999991833e-10	1.4565472e-09	1.5437883e-09	0.00074953755	0.013639139	-7.002075e-17	-1.1982698e-16	7.352602e-17	-4.8664607e-18	0	-1.8853327e-17
3.300099999999007e-10	2.3365445e-09	1.653788e-09	0.00074877794	0.013727419	-7.002683e-17	-1.1977476e-16	7.349356e-17	-4.8922803e-18	0	-1.8853352e-17
3.400099999998831e-10	2.5489577e-09	1.2213756e-09	0.0007480475	0.01381475	-7.0032783e-17	-1.1972334e-16	7.346161e-17	-4.917675e-18	0	-1.8853373e-17
3.500099999998655e-10	2.6779228e-09	1.5172368e-09	0.0007474449	0.013900676	-7.003861e-17	-1.1967272e-16	7.343017e-17	-4.9426676e-18	0	-1.8853397e-17
3.600099999998479e-10	3.14068e-09	1.0165486e-09	0.0007470104	0.01398358	-7.004436e-17	-1.1962285e-16	7.339919e-17	-4.9672754e-18	0	-1.8853417e-17
3.7000999999983027e-10	2.56413e-09	7.7379075e-10	0.000746735	0.014067402	-7.005e-17	-1.195737e-16	7.336865e-17	-4.9915155e-18	0	-1.8853433e-17
3.8000999999981266e-10	2.3365445e-09	7.7379075e-10	0.0007465545	0.014149686	-7.005555e-17	-1.1952524e-16	7.333854e-17	-5.0154045e-18	0	-1.885345e-17
3.9000999999979505e-10	2.2606828e-09	1.820684e-10	0.0007464135	0.014230683	-7.006101e-17	-1.1947743e-16	7.330885e-17	-5.03896e-18	0	-1.8853466e-17
4.0000999999977743e-10	4.0092982e-09	1.1531e-09	0.00074626924	0.014309652	-7.00664e-17	-1.1943026e-16	7.327953e-17	-5.0621956e-18	0	-1.8853483e-17
4.100099999997598e-10	3.7324024e-09	-4.8551574e-10	0.00074608816	0.014388715	-7.007169e-17	-1.1938367e-16	7.3250595e-17	-5.0851263e-18	0	-1.8853494e-17
4.200099999997422e-10	3.550334e-09	3.0344735e-10	0.0007458665	0.014466524	-7.007692e-17	-1.1933766e-16	7.322202e-17	-5.107762e-18	0	-1.8853507e-17
4.300099999997246e-10	3.2317142e-09	-7.282736e-10	0.0007456087	0.014542772	-7.008207e-17	-1.1929222e-16	7.3193785e-17	-5.130117e-18	0	-1.8853519e-17
4.40009999999707e-10	3.324645e-09	-1.2137893e-10	0.00074533804	0.014617993	-7.008714e-17	-1.1924731e-16	7.31659e-17	-5.1522003e-18	0	-1.8853529e-17
4.5000999999968937e-10	3.5351615e-09	-7.889631e-10	0.0007450742	0.014693135	-7.009217e-17	-1.1920292e-16	7.3138304e-17	-5.174022e-18	0	-1.885354e-17
4.6000999999967176e-10	3.0306804e-09	-1.4565472e-09	0.00074482633	0.014767741	-7.009713e-17	-1.1915903e-16	7.3111047e-17	-5.1955934e-18	0	-1.8853552e-17
4.700099999996541e-10	4.915847e-09	-1.2137893e-10	0.0007446001	0.014840594	-7.010203e-17	-1.1911561e-16	7.308407e-17	-5.2169227e-18	0	-1.885356e-17
4.800099999996365e-10	5.4317075e-09	-1.3351683e-09	0.0007443993	0.014912633	-7.010686e-17	-1.1907265e-16	7.305738e-17	-5.2380182e-18	0	-1.8853569e-17
4.900099999996189e-10	5.4772245e-09	-2.1241313e-09	0.0007442153	0.014984663	-7.011165e-17	-1.1903017e-16	7.3030976e-17	-5.2588876e-18	0	-1.8853579e-17
5.000099999996013e-10	4.946192e-09	-2.1241313e-09	0.0007440456	0.01505551	-7.011637e-17	-1.1898808e-16	7.3004837e-17	-5.2795394e-18	0	-1.8853585e-17
5.100099999995837e-10	6.0992917e-09	-2.852405e-09	0.00074387837	0.015125353	-7.012104e-17	-1.1894641e-16	7.2978956e-17	-5.2999803e-18	0	-1.8853594e-17
5.200099999995661e-10	4.1420565e-09	-2.3062e-09	0.0007437123	0.015194351	-7.012566e-17	-1.1890517e-16	7.295333e-17	-5.3202164e-18	0	-1.8853598e-17
5.300099999995485e-10	6.9641164e-09	-3.884126e-09	0.000743548	0.015262361	-7.0130225e-17	-1.1886432e-16	7.2927955e-17	-5.3402557e-18	0	-1.8853605e-17
5.400099999995309e-10	6.0537744e-09	-2.6703366e-09	0.00074338383	0.015330936	-7.0134745e-17	-1.1882383e-16	7.29028e-17	-5.3601022e-18	0	-1.8853612e-17
5.500099999995133e-10	6.0879124e-09	-2.9130944e-09	0.0007432173	0.015398113	-7.013922e-17	-1.1878372e-16	7.287788e-17	-5.3797643e-18	0	-1.8853618e-17
5.600099999994956e-10	6.1296364e-09	-4.6124e-09	0.0007430566	0.015463898	-7.014366e-17	-1.1874399e-16	7.285319e-17	-5.399245e-18	0	-1.8853622e-17
5.70009999999478e-10	4.946192e-09	-3.884126e-09	0.00074289786	0.015529454	-7.014805e-17	-1.1870459e-16	7.2828713e-17	-5.4185504e-18	0	-1.8853628e-17
5.800099999994604e-10	5.6061897e-09	-3.5199892e-09	0.00074274733	0.015595418	-7.0152394e-17	-1.1866553e-16	7.280445e-17	-5.4376864e-18	0	-1.8853633e-17
5.900099999994428e-10	6.8427375e-09	-3.884126e-09	0.00074260775	0.015660457	-7.0156695e-17	-1.1862679e-16	7.278039e-17	-5.4566557e-18	0	-1.8853637e-17
6.000099999994252e-10	5.70481e-09	-3.884126e-09	0.0007424694	0.015723823	-7.016096e-17	-1.1858838e-16	7.275653e-17	-5.4754646e-18	0	-1.885364e-17
6.100099999994076e-10	7.1310127e-09	-3.1558525e-09	0.00074233237	0.015786804	-7.01652e-17	-1.185503e-16	7.273286e-17	-5.4941187e-18	0	-1.8853646e-17
6.2000999999939e-10	7.2523916e-09	-4.915847e-09	0.00074220164	0.015849909	-7.016936e-17	-1.1851248e-16	7.270939e-17	-5.5126195e-18	0	-1.8853648e-17
6.300099999993724e-10	7.3737705e-09	-1.4565472e-09	0.00074207224	0.01591222	-7.017352e-17	-1.18475e-16	7.2686094e-17	-5.5309713e-18	0	-1.8853653e-17
6.400099999993547e-10	6.311705e-09	-6.068947e-10	0.00074194575	0.01597388	-7.017764e-17	-1.1843778e-16	7.266297e-17	-5.54918e-18	0	-1.8853653e-17
6.500099999993371e-10	7.0172197e-09	-2.9130944e-09	0.0007418207	0.016035082	-7.018173e-17	-1.1840086e-16	7.264004e-17	-5.567247e-18	0	-1.8853656e-17
6.600099999993195e-10	7.988251e-09	-2.3668894e-09	0.0007416987	0.016094863	-7.018579e-17	-1.1836421e-16	7.261725e-17	-5.5851764e-18	0	-1.8853661e-17
6.700099999993019e-10	5.2951563e-09	-8.4965257e-10	0.0007415798	0.01615562	-7.01898e-17	-1.1832782e-16	7.2594654e-17	-5.602973e-18	0	-1.8853663e-17
6.800099999992843e-10	6.5089454e-09	0	0.0007414636	0.016214969	-7.0193786e-17	-1.182917e-16	7.2572215e-17	-5.6206377e-18	0	-1.8853665e-17
6.900099999992667e-10	8.314458e-09	-1.2137894e-09	0.000741352	0.016273934	-7.0197736e-17	-1.1825582e-16	7.254993e-17	-5.6381768e-18	0	-1.8853666e-17
7.000099999992491e-10	8.739284e-09	-1.5779262e-09	0.00074124587	0.016332524	-7.020166e-17	-1.1822022e-16	7.25278e-17	-5.655591e-18	0	-1.885367e-17
7.100099999992315e-10	7.0096338e-09	-1.0317209e-09	0.0007411399	0.016390175	-7.020557e-17	-1.1818483e-16	7.250581e-17	-5.6728832e-18	0	-1.885367e-17
7.200099999992138e-10	6.9185995e-09	-4.8551574e-10	0.0007410366	0.016447764	-7.0209436e-17	-1.1814969e-16	7.2483984e-17	-5.690057e-18	0	-1.8853671e-17
7.300099999991962e-10	5.841361e-09	6.068947e-11	0.00074093277	0.016505323	-7.0213254e-17	-1.1811477e-16	7.2462305e-17	-5.707116e-18	0	-1.8853673e-17
7.400099999991786e-10	6.979289e-09	1.2744789e-09	0.0007408281	0.016562529	-7.021708e-17	-1.180801e-16	7.244075e-17	-5.7240605e-18	0	-1.8853675e-17
7.50009999999161e-10	5.856534e-09	2.1241313e-09	0.0007407183	0.016618093	-7.022084e-17	-1.1804563e-16	7.241935e-17	-5.7408953e-18	0	-1.8853675e-17
7.600099999991434e-10	7.2372193e-09	1.1531e-09	0.0007406164	0.0166738	-7.0224597e-17	-1.1801138e-16	7.2398077e-17	-5.757621e-18	0	-1.8853675e-17
7.700099999991258e-10	7.222047e-09	0	0.0007405188	0.01672901	-7.022835e-17	-1.1797736e-16	7.237693e-17	-5.7742414e-18	0	-1.8853675e-17
7.800099999991082e-10	8.223423e-09	-1.6386157e-09	0.0007404261	0.016784716	-7.0232054e-17	-1.1794353e-16	7.235592e-17	-5.790759e-18	0	-1.8853676e-17
7.900099999990906e-10	7.813769e-09	-1.8813735e-09	0.000740334	0.016839234	-7.023574e-17	-1.1790991e-16	7.2335026e-17	-5.8071743e-18	0	-1.8853676e-17
8.00009999999073e-10	5.7503273e-09	-1.0924105e-09	0.0007402434	0.016892819	-7.023939e-17	-1.1787649e-16	7.2314267e-17	-5.823491e-18	0	-1.8853675e-17
8.100099999990553e-10	5.44688e-09	-1.942063e-09	0.00074015674	0.016945396	-7.024304e-17	-1.1784326e-16	7.2293614e-17	-5.8397107e-18	0	-1.8853676e-17
8.200099999990377e-10	4.491021e-09	-2.4275787e-10	0.00074006896	0.016999029	-7.024664e-17	-1.1781021e-16	7.227309e-17	-5.8558357e-18	0	-1.885368e-17
8.300099999990201e-10	5.7958442e-09	-2.1241314e-10	0.00073998654	0.017052155	-7.025023e-17	-1.1777736e-16	7.225268e-17	-5.871869e-18	0	-1.8853675e-17
8.400099999990025e-10	7.1158404e-09	1.4565472e-09	0.00073990173	0.01710477	-7.0253806e-17	-1.177447e-16	7.223239e-17	-5.887809e-18	0	-1.8853676e-17
8.500099999989849e-10	8.921352e-09	-3.9448156e-10	0.0007398188	0.017156176	-7.025735e-17	-1.1771221e-16	7.221219e-17	-5.9036617e-18	0	-1.8853676e-17
8.600099999989673e-10	8.739284e-09	-3.0344735e-10	0.0007397381	0.017207237	-7.026087e-17	-1.1767989e-16	7.219212e-17	-5.919427e-18	0	-1.8853675e-17
8.700099999989497e-10	7.69239e-09	-7.889631e-10	0.0007396493	0.017258367	-7.0264394e-17	-1.1764774e-16	7.217214e-17	-5.9351065e-18	0	-1.8853675e-17
8.800099999989321e-10	5.583431e-09	-1.8813735e-09	0.0007395661	0.017309733	-7.0267855e-17	-1.1761575e-16	7.215228e-17	-5.9507042e-18	0	-1.8853675e-17
8.900099999989144e-10	5.522742e-09	-1.820684e-09	0.0007394853	0.017360127	-7.0271336e-17	-1.1758395e-16	7.21325e-17	-5.9662193e-18	0	-1.8853673e-17
9.000099999988968e-10	7.267564e-09	-1.2137893e-10	0.0007394064	0.017410183	-7.027478e-17	-1.175523e-16	7.211284e-17	-5.9816536e-18	0	-1.8853671e-17
9.100099999988792e-10	7.616529e-09	-1.820684e-10	0.0007393278	0.01745914	-7.0278205e-17	-1.1752079e-16	7.209327e-17	-5.9970094e-18	0	-1.8853671e-17
9.200099999988616e-10	6.9944615e-09	5.4620525e-10	0.00073925196	0.017508572	-7.02816e-17	-1.1748944e-16	7.207381e-17	-6.012289e-18	0	-1.885367e-17
9.30009999998844e-10	8.7848e-09	-5.3103283e-10	0.0007391778	0.017557908	-7.0284994e-17	-1.1745824e-16	7.205441e-17	-6.0274922e-18	0	-1.8853666e-17
9.400099999989161e-10	8.435836e-09	-6.3723943e-10	0.0007391055	0.017606527	-7.028836e-17	-1.174272e-16	7.203513e-17	-6.042624e-18	0	-1.8853666e-17
9.50009999999002e-10	6.948944e-09	-4.0965392e-10	0.00073903304	0.017654642	-7.029173e-17	-1.173963e-16	7.201593e-17	-6.057682e-18	0	-1.8853666e-17
9.600099999990877e-10	8.602732e-09	8.4965257e-10	0.0007389598	0.017701603	-7.0295066e-17	-1.1736555e-16	7.1996815e-17	-6.0726695e-18	0	-1.8853663e-17
9.700099999991735e-10	7.1310127e-09	-1.5324091e-09	0.00073888776	0.01774882	-7.029837e-17	-1.1733492e-16	7.1977796e-17	-6.0875877e-18	0	-1.8853663e-17
9.800099999992593e-10	7.935148e-09	-6.979289e-10	0.0007388114	0.017796122	-7.030167e-17	-1.1730443e-16	7.195886e-17	-6.1024373e-18	0	-1.8853663e-17
9.90009999999345e-10	6.7061863e-09	-3.2772314e-09	0.00073873927	0.017842952	-7.0304965e-17	-1.1727408e-16	7.194e-17	-6.1172215e-18	0	-1.8853658e-17
1.0000099999994308e-09	6.8427375e-09	-8.1930784e-10	0.0007386734	0.01788951	-7.030825e-17	-1.1724387e-16	7.1921223e-17	-6.1319403e-18	0	-1.8853656e-17
1.0100099999995166e-09	6.190326e-09	-5.7655e-10	0.00073860615	0.017935393	-7.03115e-17	-1.1721377e-16	7.190252e-17	-6.1465963e-18	0	-1.8853655e-17
1.0200099999996024e-09	5.371018e-09	-1.5172368e-10	0.00073853886	0.017980395	-7.031473e-17	-1.1718379e-16	7.18839e-17	-6.161189e-18	0	-1.885365e-17
1.0300099999996882e-09	7.4192874e-09	-6.827565e-10	0.0007384787	0.018025752	-7.0317975e-17	-1.1715396e-16	7.186535e-17	-6.17572e-18	0	-1.885365e-17
1.040009999999774e-09	6.615152e-09	-9.558592e-10	0.0007384148	0.018071145	-7.032118e-17	-1.1712422e-16	7.1846876e-17	-6.1901916e-18	0	-1.8853646e-17
1.0500099999998598e-09	7.677218e-09	-2.230338e-09	0.00073834264	0.018116787	-7.0324374e-17	-1.170946e-16	7.182848e-17	-6.204605e-18	0	-1.8853645e-17
1.0600099999999456e-09	7.798596e-09	-2.9737839e-09	0.0007382723	0.018160744	-7.0327544e-17	-1.1706509e-16	7.1810156e-17	-6.218961e-18	0	-1.885364e-17
1.0700000000000313e-09	8.542043e-09	-3.0724043e-09	0.00073820143	0.018205037	-7.033073e-17	-1.1703576e-16	7.179191e-17	-6.2332476e-18	0	-1.8853638e-17
1.080000000000117e-09	7.2068747e-09	-8.7241114e-10	0.00073813857	0.018248186	-7.0333884e-17	-1.1700647e-16	7.1773714e-17	-6.247492e-18	0	-1.8853637e-17
1.0900000000002028e-09	7.024806e-09	-1.2896512e-10	0.00073807803	0.01829119	-7.033701e-17	-1.1697729e-16	7.1755595e-17	-6.2616853e-18	0	-1.8853632e-17
1.1000000000002886e-09	7.889631e-09	-1.98758e-09	0.000738021	0.01833455	-7.034015e-17	-1.1694822e-16	7.173753e-17	-6.2758243e-18	0	-1.885363e-17
1.1100000000003744e-09	6.2965326e-09	-2.7537848e-09	0.0007379614	0.018377412	-7.034327e-17	-1.1691927e-16	7.171954e-17	-6.2899124e-18	0	-1.8853627e-17
1.1200000000004602e-09	7.677218e-09	-1.2062032e-09	0.000737907	0.018419504	-7.034637e-17	-1.168904e-16	7.1701604e-17	-6.3039505e-18	0	-1.8853622e-17
1.130000000000546e-09	7.783425e-09	-3.71723e-09	0.0007378531	0.01846015	-7.0349455e-17	-1.1686163e-16	7.168373e-17	-6.3179393e-18	0	-1.885362e-17
1.1400000000006318e-09	8.041354e-09	9.10342e-11	0.00073779846	0.018502172	-7.035254e-17	-1.1683295e-16	7.166591e-17	-6.331882e-18	0	-1.8853615e-17
1.1500000000007175e-09	7.4496325e-09	1.5172367e-11	0.0007377368	0.018544005	-7.035563e-17	-1.1680437e-16	7.164814e-17	-6.3457773e-18	0	-1.8853613e-17
1.1600000000008033e-09	7.8592866e-09	5.1586047e-10	0.00073768146	0.018585462	-7.0358666e-17	-1.1677587e-16	7.163044e-17	-6.3596284e-18	0	-1.8853607e-17
1.1700000000008891e-09	7.677218e-09	-5.1775706e-10	0.00073763303	0.018627064	-7.0361703e-17	-1.1674745e-16	7.1612784e-17	-6.3734332e-18	0	-1.8853605e-17
1.1800000000009749e-09	5.0220534e-09	-4.55171e-10	0.0007375827	0.018666683	-7.036475e-17	-1.1671914e-16	7.159518e-17	-6.387197e-18	0	-1.8853602e-17
1.1900000000010607e-09	5.5530864e-09	4.3999865e-10	0.0007375324	0.01870593	-7.036776e-17	-1.1669089e-16	7.157764e-17	-6.4009184e-18	0	-1.8853597e-17
1.2000000000011465e-09	6.7061863e-09	-2.5489577e-09	0.00073747826	0.018746499	-7.037079e-17	-1.1666273e-16	7.1560136e-17	-6.4145995e-18	0	-1.8853595e-17
1.2100000000012322e-09	8.405491e-09	-2.9434393e-09	0.0007374265	0.018786019	-7.0373794e-17	-1.1663465e-16	7.154268e-17	-6.428242e-18	0	-1.8853589e-17
1.220000000001318e-09	6.8730825e-09	-1.6993051e-09	0.00073738105	0.01882565	-7.037679e-17	-1.1660663e-16	7.1525275e-17	-6.4418436e-18	0	-1.8853585e-17
1.2300000000014038e-09	6.1296364e-09	-1.0468933e-09	0.00073733105	0.01886418	-7.037977e-17	-1.1657869e-16	7.150792e-17	-6.4554093e-18	0	-1.8853579e-17
1.2400000000014896e-09	4.096539e-09	8.4965257e-10	0.000737282	0.018901542	-7.038273e-17	-1.1655081e-16	7.14906e-17	-6.4689387e-18	0	-1.8853572e-17
1.2500000000015754e-09	5.902051e-09	1.0620657e-10	0.0007372344	0.018939182	-7.038571e-17	-1.1652303e-16	7.147332e-17	-6.4824337e-18	0	-1.8853569e-17
1.2600000000016612e-09	6.903427e-09	-6.068947e-11	0.0007371894	0.018977724	-7.0388656e-17	-1.164953e-16	7.1456096e-17	-6.4958936e-18	0	-1.8853564e-17
1.270000000001747e-09	8.754456e-09	-6.3723943e-10	0.0007371452	0.019015865	-7.039162e-17	-1.1646763e-16	7.143889e-17	-6.5093216e-18	0	-1.885356e-17
1.2800000000018327e-09	9.725487e-09	-1.8965458e-09	0.0007370975	0.019053373	-7.0394546e-17	-1.1644002e-16	7.142174e-17	-6.522718e-18	0	-1.8853554e-17
1.2900000000019185e-09	8.90618e-09	-4.8551574e-10	0.00073704746	0.019089868	-7.0397484e-17	-1.1641246e-16	7.140462e-17	-6.5360834e-18	0	-1.8853549e-17
1.3000000000020043e-09	7.798596e-09	-4.8551574e-10	0.0007370049	0.019126302	-7.04004e-17	-1.1638496e-16	7.1387527e-17	-6.54942e-18	0	-1.8853546e-17
1.3100000000020901e-09	8.921352e-09	3.641368e-10	0.0007369589	0.019162612	-7.040331e-17	-1.1635752e-16	7.137048e-17	-6.5627277e-18	0	-1.8853537e-17
1.3200000000021759e-09	7.2523916e-09	-8.1930784e-10	0.00073691364	0.019198626	-7.040621e-17	-1.1633014e-16	7.1353467e-17	-6.576008e-18	0	-1.8853534e-17
1.3300000000022617e-09	7.0096338e-09	-9.10342e-11	0.0007368724	0.019234948	-7.0409104e-17	-1.1630279e-16	7.1336466e-17	-6.5892645e-18	0	-1.8853526e-17
1.3400000000023475e-09	7.1613573e-09	-1.1834447e-09	0.000736832	0.019270653	-7.0411996e-17	-1.1627548e-16	7.131951e-17	-6.602494e-18	0	-1.8853524e-17
1.3500000000024332e-09	7.95032e-09	-1.6386157e-09	0.0007367886	0.019305428	-7.041488e-17	-1.1624823e-16	7.130257e-17	-6.6157008e-18	0	-1.8853516e-17
1.360000000002519e-09	8.921352e-09	-3.550334e-09	0.00073674787	0.01933904	-7.0417766e-17	-1.1622103e-16	7.1285664e-17	-6.628885e-18	0	-1.8853509e-17
1.3700000000026048e-09	7.874458e-09	1.5172368e-10	0.0007367082	0.019374045	-7.042064e-17	-1.1619385e-16	7.126877e-17	-6.6420486e-18	0	-1.8853503e-17
1.3800000000026906e-09	8.94411e-09	2.184821e-09	0.000736675	0.019407896	-7.042349e-17	-1.1616672e-16	7.125191e-17	-6.6551912e-18	0	-1.8853498e-17
1.3900000000027764e-09	7.662045e-09	6.068947e-10	0.00073664257	0.019441921	-7.042635e-17	-1.1613961e-16	7.123507e-17	-6.6683153e-18	0	-1.885349e-17
1.4000000000028622e-09	6.569635e-09	-2.6703366e-09	0.0007366107	0.019475497	-7.0429195e-17	-1.1611255e-16	7.121825e-17	-6.6814224e-18	0	-1.8853483e-17
1.410000000002948e-09	7.3358395e-09	-4.2786077e-09	0.00073657266	0.01950874	-7.043205e-17	-1.160855e-16	7.120144e-17	-6.6945117e-18	0	-1.8853474e-17
1.4200000000030337e-09	8.542043e-09	-4.430331e-09	0.0007365336	0.019540982	-7.043489e-17	-1.1605848e-16	7.118465e-17	-6.7075877e-18	0	-1.885347e-17
1.4300000000031195e-09	7.2979085e-09	-6.068947e-10	0.0007364927	0.01957427	-7.0437725e-17	-1.160315e-16	7.116788e-17	-6.7206477e-18	0	-1.885346e-17
1.4400000000032053e-09	7.760666e-09	5.1586047e-10	0.0007364628	0.019606331	-7.044055e-17	-1.1600451e-16	7.1151105e-17	-6.733696e-18	0	-1.8853455e-17
1.450000000003291e-09	8.830318e-09	-1.0317209e-09	0.00073643116	0.019638432	-7.0443376e-17	-1.1597755e-16	7.1134356e-17	-6.7467336e-18	0	-1.8853446e-17
1.4600000000033769e-09	1.05296225e-08	-2.0937867e-09	0.0007363983	0.019669907	-7.0446195e-17	-1.1595062e-16	7.111762e-17	-6.7597597e-18	0	-1.8853438e-17
1.4700000000034627e-09	1.0567554e-08	-2.3668894e-09	0.0007363633	0.019700816	-7.0449014e-17	-1.1592369e-16	7.110087e-17	-6.772778e-18	0	-1.885343e-17
1.4800000000035485e-09	8.215837e-09	-4.491021e-09	0.0007363367	0.019732416	-7.045182e-17	-1.1589677e-16	7.1084156e-17	-6.7857886e-18	0	-1.8853421e-17
1.4900000000036342e-09	5.666879e-09	-4.005505e-09	0.000736306	0.019763304	-7.045463e-17	-1.1586985e-16	7.106743e-17	-6.7987923e-18	0	-1.8853415e-17
1.50000000000372e-09	9.505488e-09	-1.6386157e-09	0.0007362774	0.019794088	-7.045744e-17	-1.1584295e-16	7.1050705e-17	-6.8117914e-18	0	-1.8853407e-17
1.5100000000038058e-09	1.0385485e-08	-3.095163e-09	0.0007362436	0.019824248	-7.046024e-17	-1.1581603e-16	7.1033976e-17	-6.8247876e-18	0	-1.8853397e-17
1.5200000000038916e-09	9.42204e-09	-2.6703366e-09	0.0007362244	0.019853368	-7.0463036e-17	-1.1578913e-16	7.1017254e-17	-6.8377814e-18	0	-1.8853388e-17
1.5300000000039774e-09	7.4496325e-09	-9.10342e-10	0.0007362048	0.0198826	-7.046583e-17	-1.157622e-16	7.1000525e-17	-6.850774e-18	0	-1.8853377e-17
1.5400000000040632e-09	5.7503273e-09	1.8510288e-09	0.0007361851	0.01991164	-7.046862e-17	-1.1573529e-16	7.0983796e-17	-6.8637677e-18	0	-1.8853369e-17
1.550000000004149e-09	6.850324e-09	2.852405e-09	0.0007361603	0.019940915	-7.047142e-17	-1.1570834e-16	7.096705e-17	-6.876764e-18	0	-1.8853357e-17
1.5600000000042347e-09	7.495149e-09	-9.10342e-10	0.0007361356	0.019969923	-7.04742e-17	-1.1568141e-16	7.0950305e-17	-6.8897643e-18	0	-1.8853349e-17
1.5700000000043205e-09	8.860662e-09	-3.4592997e-09	0.000736118	0.019998137	-7.047698e-17	-1.1565442e-16	7.0933543e-17	-6.9027693e-18	0	-1.8853339e-17
1.5800000000044063e-09	9.1641095e-09	-1.0317209e-09	0.00073609385	0.020026196	-7.0479785e-17	-1.1562745e-16	7.091677e-17	-6.9157796e-18	0	-1.885333e-17
1.590000000004492e-09	9.459971e-09	-2.852405e-09	0.0007360693	0.020053487	-7.048256e-17	-1.1560042e-16	7.089998e-17	-6.9288e-18	0	-1.8853317e-17
1.6000000000045779e-09	9.551005e-09	-2.1241313e-09	0.0007360479	0.020080646	-7.048535e-17	-1.1557338e-16	7.088317e-17	-6.941829e-18	0	-1.8853309e-17
1.6100000000046637e-09	7.768252e-09	6.3723943e-10	0.0007360242	0.020107841	-7.048813e-17	-1.155463e-16	7.086634e-17	-6.954869e-18	0	-1.8853297e-17
1.6200000000047495e-09	7.510322e-09	-5.4620525e-10	0.00073600136	0.020134598	-7.04909e-17	-1.1551919e-16	7.08495e-17	-6.967924e-18	0	-1.8853286e-17
1.6300000000048352e-09	8.215837e-09	-9.10342e-10	0.0007359841	0.020161072	-7.049368e-17	-1.1549204e-16	7.083263e-17	-6.980992e-18	0	-1.8853274e-17
1.640000000004921e-09	9.019972e-09	-1.0013762e-09	0.0007359688	0.020186568	-7.049647e-17	-1.1546486e-16	7.081573e-17	-6.994074e-18	0	-1.8853261e-17
1.6500000000050068e-09	8.837904e-09	-3.641368e-10	0.00073595607	0.020212777	-7.049926e-17	-1.1543763e-16	7.0798806e-17	-7.007177e-18	0	-1.8853251e-17
1.6600000000050926e-09	8.10963e-09	-8.4965257e-10	0.0007359438	0.020238768	-7.0502046e-17	-1.1541034e-16	7.0781845e-17	-7.020298e-18	0	-1.885324e-17
1.6700000000051784e-09	8.769629e-09	-1.1834447e-09	0.0007359329	0.02026461	-7.0504806e-17	-1.15383e-16	7.0764865e-17	-7.0334415e-18	0	-1.8853226e-17
1.6800000000052642e-09	6.895841e-09	0	0.00073592534	0.020289494	-7.050759e-17	-1.1535562e-16	7.074784e-17	-7.046608e-18	0	-1.8853211e-17
1.69000000000535e-09	6.9717028e-09	-7.889631e-10	0.0007359091	0.020313041	-7.051038e-17	-1.1532815e-16	7.073078e-17	-7.059799e-18	0	-1.88532e-17
1.7000000000054357e-09	8.860662e-09	-1.2744789e-09	0.00073589623	0.020337487	-7.0513183e-17	-1.1530065e-16	7.071367e-17	-7.073017e-18	0	-1.8853188e-17
1.7100000000055215e-09	7.525494e-09	-4.2482629e-10	0.0007358933	0.020363225	-7.0515956e-17	-1.1527304e-16	7.0696526e-17	-7.086263e-18	0	-1.8853172e-17
1.7200000000056073e-09	6.524118e-09	0	0.0007358863	0.020388154	-7.051877e-17	-1.1524541e-16	7.067934e-17	-7.09954e-18	0	-1.8853158e-17
1.730000000005693e-09	8.122906e-09	1.2137893e-10	0.00073588116	0.02041372	-7.0521535e-17	-1.1521766e-16	7.066211e-17	-7.112849e-18	0	-1.8853145e-17
1.7400000000057789e-09	6.7517036e-09	0	0.0007358741	0.020437516	-7.052435e-17	-1.1518984e-16	7.064482e-17	-7.126193e-18	0	-1.885313e-17
1.7500000000058647e-09	8.824628e-09	-2.4275787e-10	0.0007358655	0.020462262	-7.052716e-17	-1.1516194e-16	7.062747e-17	-7.139573e-18	0	-1.8853114e-17
1.7600000000059504e-09	8.913766e-09	7.586184e-10	0.00073586346	0.02048799	-7.052995e-17	-1.1513395e-16	7.061008e-17	-7.152991e-18	0	-1.8853102e-17
1.7700000000060362e-09	9.558591e-09	-1.1227552e-09	0.0007358574	0.020513406	-7.053278e-17	-1.1510586e-16	7.059262e-17	-7.166452e-18	0	-1.8853086e-17
1.780000000006122e-09	8.883421e-09	-1.0924105e-09	0.00073585595	0.020540344	-7.0535597e-17	-1.1507767e-16	7.05751e-17	-7.179955e-18	0	-1.8853067e-17
1.7900000000062078e-09	8.405491e-09	-1.3958578e-09	0.00073584734	0.020567475	-7.053842e-17	-1.1504939e-16	7.0557514e-17	-7.193502e-18	0	-1.8853051e-17
1.8000000000062936e-09	1.02185895e-08	-7.7379075e-10	0.0007358394	0.020594394	-7.054122e-17	-1.1502097e-16	7.053988e-17	-7.207096e-18	0	-1.8853034e-17
1.8100000000063794e-09	8.032821e-09	-1.6841327e-09	0.0007358352	0.020623576	-7.054409e-17	-1.1499248e-16	7.052215e-17	-7.22074e-18	0	-1.8853016e-17
1.8200000000064652e-09	9.1565235e-09	-1.7144774e-09	0.0007358382	0.020653687	-7.05469e-17	-1.1496382e-16	7.0504356e-17	-7.234434e-18	0	-1.8853e-17
1.830000000006551e-09	1.0013762e-08	-5.3861904e-10	0.0007358467	0.02068428	-7.0549745e-17	-1.1493507e-16	7.048649e-17	-7.248183e-18	0	-1.8852981e-17
1.8400000000066367e-09	8.739284e-09	-1.7106844e-09	0.00073585036	0.020716805	-7.05526e-17	-1.1490619e-16	7.046854e-17	-7.261989e-18	0	-1.8852965e-17
1.8500000000067225e-09	8.936524e-09	-1.8045634e-09	0.00073586445	0.02074975	-7.055546e-17	-1.1487718e-16	7.04505e-17	-7.275853e-18	0	-1.8852943e-17
1.8600000000068083e-09	1.0954449e-08	-2.8220604e-09	0.00073587755	0.020784773	-7.055834e-17	-1.1484802e-16	7.0432384e-17	-7.289777e-18	0	-1.8852925e-17
1.870000000006742e-09	1.1273069e-08	-2.5413716e-09	0.0007358806	0.020820972	-7.056119e-17	-1.1481872e-16	7.0414186e-17	-7.303767e-18	0	-1.8852905e-17
1.880000000006621e-09	1.0886174e-08	-3.9448156e-09	0.00073589233	0.020858316	-7.05641e-17	-1.1478927e-16	7.039588e-17	-7.317823e-18	0	-1.8852887e-17
1.8900000000065e-09	1.0332382e-08	-2.852405e-09	0.00073590095	0.02089693	-7.0566996e-17	-1.1475965e-16	7.037747e-17	-7.331948e-18	0	-1.8852866e-17
1.900000000006379e-09	1.12123795e-08	-2.8675775e-09	0.0007359035	0.02093577	-7.056988e-17	-1.1472987e-16	7.0358984e-17	-7.346143e-18	0	-1.8852846e-17
1.910000000006258e-09	9.801349e-09	-2.473096e-09	0.0007358931	0.020976437	-7.05728e-17	-1.1469995e-16	7.0340375e-17	-7.360413e-18	0	-1.8852823e-17
1.920000000006137e-09	1.02261755e-08	-3.6565404e-09	0.0007358899	0.021018468	-7.057574e-17	-1.1466985e-16	7.032167e-17	-7.37476e-18	0	-1.8852801e-17
1.930000000006016e-09	9.634453e-09	-3.3986103e-09	0.0007358966	0.021061722	-7.057867e-17	-1.1463956e-16	7.030285e-17	-7.389186e-18	0	-1.885278e-17
1.940000000005895e-09	1.0920312e-08	-4.217918e-09	0.00073590677	0.021105982	-7.058161e-17	-1.1460906e-16	7.028392e-17	-7.403696e-18	0	-1.8852755e-17
1.950000000005774e-09	1.0271693e-08	-3.6110235e-09	0.000735915	0.021150883	-7.0584566e-17	-1.1457841e-16	7.0264864e-17	-7.418292e-18	0	-1.8852732e-17
1.960000000005653e-09	1.1015139e-08	-3.095163e-09	0.00073593616	0.02119768	-7.058754e-17	-1.1454753e-16	7.024569e-17	-7.432974e-18	0	-1.885271e-17
1.9700000000055318e-09	9.255144e-09	-2.731026e-09	0.00073596055	0.021246126	-7.0590515e-17	-1.1451649e-16	7.0226397e-17	-7.447749e-18	0	-1.8852684e-17
1.9800000000054108e-09	1.0969622e-08	-2.7917155e-09	0.0007359913	0.021295913	-7.059353e-17	-1.1448521e-16	7.0206954e-17	-7.462618e-18	0	-1.885266e-17
1.9900000000052898e-09	1.02261755e-08	-3.428955e-09	0.00073600607	0.021346284	-7.0596543e-17	-1.1445371e-16	7.018739e-17	-7.4775845e-18	0	-1.8852634e-17
2.0000000000051688e-09	1.1394448e-08	-2.2151656e-09	0.0007360246	0.021397699	-7.059956e-17	-1.1442199e-16	7.016768e-17	-7.492652e-18	0	-1.8852608e-17
2.0100000000050478e-09	1.1121346e-08	-3.5199892e-09	0.0007360367	0.021451099	-7.060261e-17	-1.1439004e-16	7.0147834e-17	-7.507824e-18	0	-1.8852581e-17
2.0200000000049267e-09	1.172824e-08	-2.9130944e-09	0.00073604425	0.021505823	-7.0605675e-17	-1.1435785e-16	7.012783e-17	-7.523102e-18	0	-1.8852556e-17
2.0300000000048057e-09	1.1007552e-08	-3.3682654e-09	0.0007360589	0.02156093	-7.060876e-17	-1.1432541e-16	7.010768e-17	-7.538492e-18	0	-1.8852528e-17
2.0400000000046847e-09	1.0021348e-08	-3.7930916e-09	0.0007360591	0.021617968	-7.0611856e-17	-1.1429272e-16	7.008738e-17	-7.553995e-18	0	-1.88525e-17
2.0500000000045637e-09	1.2949616e-08	-2.2455104e-09	0.00073605933	0.021675572	-7.061496e-17	-1.1425978e-16	7.0066916e-17	-7.569615e-18	0	-1.885247e-17
2.0600000000044427e-09	1.12123795e-08	-2.184821e-09	0.0007360724	0.02173529	-7.061808e-17	-1.1422656e-16	7.0046276e-17	-7.585357e-18	0	-1.8852442e-17
2.0700000000043217e-09	1.1773757e-08	-1.2441341e-09	0.00073609536	0.021796998	-7.062124e-17	-1.1419308e-16	7.002547e-17	-7.601224e-18	0	-1.885241e-17
2.0800000000042007e-09	1.025652e-08	-3.4592997e-09	0.0007361186	0.021859424	-7.0624396e-17	-1.141593e-16	7.00045e-17	-7.617219e-18	0	-1.8852381e-17
2.0900000000040797e-09	1.3063408e-08	-1.9724078e-09	0.00073613715	0.021922031	-7.06276e-17	-1.1412525e-16	6.998334e-17	-7.633344e-18	0	-1.8852348e-17
2.1000000000039587e-09	1.2289617e-08	-4.217918e-09	0.0007361472	0.021986831	-7.063082e-17	-1.1409089e-16	6.996199e-17	-7.649607e-18	0	-1.8852318e-17
2.1100000000038377e-09	1.28813396e-08	-3.914471e-09	0.00073614815	0.02205359	-7.0634044e-17	-1.1405622e-16	6.9940463e-17	-7.666007e-18	0	-1.8852285e-17
2.1200000000037166e-09	1.077238e-08	-2.2151656e-09	0.0007361584	0.02212194	-7.0637294e-17	-1.1402124e-16	6.9918725e-17	-7.682552e-18	0	-1.885225e-17
2.1300000000035956e-09	9.6192805e-09	-1.8813735e-09	0.0007361551	0.022191271	-7.0640576e-17	-1.1398593e-16	6.989681e-17	-7.699242e-18	0	-1.8852217e-17
2.1400000000034746e-09	1.1273069e-08	-1.4565472e-09	0.00073614885	0.022261059	-7.064387e-17	-1.1395028e-16	6.987467e-17	-7.716084e-18	0	-1.8852182e-17
2.1500000000033536e-09	1.2517203e-08	-3.4896446e-09	0.00073614484	0.022333402	-7.06472e-17	-1.1391431e-16	6.9852326e-17	-7.73308e-18	0	-1.8852148e-17
2.1600000000032326e-09	1.2630996e-08	-1.942063e-09	0.00073615875	0.022407282	-7.065055e-17	-1.1387798e-16	6.9829773e-17	-7.750236e-18	0	-1.885211e-17
2.1700000000031116e-09	1.02261755e-08	-2.1241314e-10	0.0007361822	0.022482567	-7.065394e-17	-1.138413e-16	6.980699e-17	-7.7675535e-18	0	-1.8852073e-17
2.1800000000029906e-09	1.03020374e-08	-1.2441341e-09	0.0007361923	0.022558197	-7.0657344e-17	-1.1380426e-16	6.978399e-17	-7.785042e-18	0	-1.8852035e-17
2.1900000000028696e-09	1.0195831e-08	-2.0027524e-09	0.0007362037	0.022636304	-7.066078e-17	-1.1376683e-16	6.9760753e-17	-7.802698e-18	0	-1.8852e-17
2.2000000000027486e-09	1.2213755e-08	-1.5779262e-09	0.00073620345	0.022716234	-7.066424e-17	-1.1372902e-16	6.9737275e-17	-7.820531e-18	0	-1.8851959e-17
2.2100000000026276e-09	1.3093753e-08	-2.0937867e-09	0.0007362064	0.022797288	-7.066775e-17	-1.1369084e-16	6.971355e-17	-7.838543e-18	0	-1.8851918e-17
2.2200000000025065e-09	1.0544795e-08	-2.2910274e-09	0.00073621084	0.022879645	-7.0671274e-17	-1.1365225e-16	6.968959e-17	-7.85674e-18	0	-1.885188e-17
2.2300000000023855e-09	1.0499278e-08	-7.1310124e-10	0.00073619594	0.022963068	-7.0674814e-17	-1.1361323e-16	6.9665376e-17	-7.875127e-18	0	-1.8851838e-17
2.2400000000022645e-09	1.1652378e-08	-3.186197e-09	0.00073617406	0.023048833	-7.067842e-17	-1.135738e-16	6.964088e-17	-7.893704e-18	0	-1.8851797e-17
2.2500000000021435e-09	1.140962e-08	-3.186197e-09	0.00073616515	0.023135873	-7.068204e-17	-1.1353394e-16	6.961614e-17	-7.9124805e-18	0	-1.8851754e-17
2.2600000000020225e-09	1.0514451e-08	-4.339297e-09	0.0007361586	0.023224356	-7.068569e-17	-1.1349364e-16	6.959112e-17	-7.931461e-18	0	-1.8851711e-17
2.2700000000019015e-09	1.2031688e-08	-2.8675775e-09	0.0007361488	0.023314403	-7.0689386e-17	-1.134529e-16	6.9565823e-17	-7.950645e-18	0	-1.8851666e-17
2.2800000000017805e-09	1.2054445e-08	-3.9296433e-09	0.0007361211	0.02340629	-7.069311e-17	-1.134117e-16	6.954025e-17	-7.97004e-18	0	-1.8851622e-17
2.2900000000016595e-09	1.0514451e-08	-3.019301e-09	0.0007361014	0.023499915	-7.069688e-17	-1.1337003e-16	6.951437e-17	-7.989652e-18	0	-1.8851574e-17
2.3000000000015385e-09	1.0063072e-08	-3.1330938e-09	0.0007360659	0.02359544	-7.0700675e-17	-1.1332786e-16	6.948821e-17	-8.009485e-18	0	-1.8851529e-17
2.3100000000014175e-09	1.14399645e-08	-2.4693028e-09	0.000736022	0.02369139	-7.070453e-17	-1.1328524e-16	6.946174e-17	-8.029543e-18	0	-1.8851481e-17
2.3200000000012965e-09	1.1842032e-08	-3.6186096e-09	0.0007359638	0.023789464	-7.07084e-17	-1.132421e-16	6.9434963e-17	-8.0498306e-18	0	-1.8851433e-17
2.3300000000011754e-09	1.0787553e-08	-1.4707714e-09	0.00073590653	0.023889685	-7.071232e-17	-1.1319846e-16	6.940788e-17	-8.070352e-18	0	-1.8851385e-17
2.3400000000010544e-09	9.482729e-09	-3.2525762e-09	0.0007358381	0.023990849	-7.07163e-17	-1.1315432e-16	6.938046e-17	-8.091112e-18	0	-1.8851334e-17
2.3500000000009334e-09	1.07572085e-08	-1.7979255e-09	0.0007357743	0.024093186	-7.072029e-17	-1.1310963e-16	6.935274e-17	-8.112116e-18	0	-1.8851286e-17
2.3600000000008124e-09	1.0381692e-08	-3.019301e-09	0.00073570857	0.024197832	-7.0724346e-17	-1.130644e-16	6.932467e-17	-8.1333675e-18	0	-1.8851234e-17
2.3700000000006914e-09	1.0977208e-08	-1.4944782e-09	0.00073564774	0.024304384	-7.072844e-17	-1.1301865e-16	6.9296275e-17	-8.154873e-18	0	-1.8851183e-17
2.3800000000005704e-09	1.1709274e-08	-1.8965458e-09	0.00073557266	0.024412498	-7.073258e-17	-1.1297234e-16	6.926753e-17	-8.176634e-18	0	-1.8851129e-17
2.3900000000004494e-09	1.0085831e-08	-2.1544762e-09	0.00073549716	0.02452133	-7.0736774e-17	-1.1292548e-16	6.923844e-17	-8.198662e-18	0	-1.8851076e-17
2.4000000000003284e-09	1.1326172e-08	-1.942063e-09	0.00073539966	0.024632655	-7.074101e-17	-1.1287803e-16	6.9209e-17	-8.220951e-18	0	-1.8851023e-17
2.4100000000002074e-09	1.0205314e-08	-1.9572355e-09	0.0007352857	0.024746345	-7.07453e-17	-1.1282999e-16	6.9179186e-17	-8.243514e-18	0	-1.885097e-17
2.4200000000000864e-09	9.824108e-09	-2.0482696e-09	0.0007351477	0.024860946	-7.0749625e-17	-1.1278136e-16	6.914901e-17	-8.2663525e-18	0	-1.8850912e-17
2.4300099999999652e-09	1.1402034e-08	-7.282736e-10	0.0007349866	0.02497669	-7.0754005e-17	-1.1273209e-16	6.911844e-17	-8.2894946e-18	0	-1.8850857e-17
2.4400099999998442e-09	1.2600651e-08	-1.2744789e-09	0.00073481037	0.025094662	-7.075843e-17	-1.1268225e-16	6.908752e-17	-8.312898e-18	0	-1.88508e-17
2.450009999999723e-09	1.3763233e-08	-2.9434393e-09	0.00073464017	0.025214922	-7.076294e-17	-1.1263181e-16	6.90562e-17	-8.33659e-18	0	-1.8850743e-17
2.460009999999602e-09	1.3323235e-08	-2.1241313e-09	0.00073445984	0.025335673	-7.076747e-17	-1.1258072e-16	6.90245e-17	-8.360576e-18	0	-1.8850685e-17
2.470009999999481e-09	1.146462e-08	-4.005505e-09	0.00073426246	0.02545819	-7.077207e-17	-1.1252902e-16	6.899243e-17	-8.384857e-18	0	-1.8850626e-17
2.48000999999936e-09	1.3476855e-08	-3.641368e-09	0.00073405454	0.025583398	-7.077673e-17	-1.1247666e-16	6.895994e-17	-8.409439e-18	0	-1.8850568e-17
2.490009999999239e-09	1.3177201e-08	-3.0041287e-09	0.0007338369	0.025709974	-7.078144e-17	-1.1242365e-16	6.892705e-17	-8.4343264e-18	0	-1.8850508e-17
2.500009999999118e-09	1.25266855e-08	-1.4868919e-09	0.00073359284	0.025837699	-7.078621e-17	-1.1237e-16	6.889374e-17	-8.459522e-18	0	-1.885045e-17
2.510009999998997e-09	1.4766506e-08	-1.5779262e-09	0.00073333306	0.02596697	-7.0791023e-17	-1.1231566e-16	6.886005e-17	-8.485029e-18	0	-1.885039e-17
2.520009999998876e-09	1.2410997e-08	-5.462052e-09	0.000733052	0.026098294	-7.079592e-17	-1.1226066e-16	6.882593e-17	-8.510852e-18	0	-1.8850328e-17
2.530009999998755e-09	1.1656171e-08	-5.2192943e-09	0.0007327452	0.026231958	-7.080086e-17	-1.1220497e-16	6.879138e-17	-8.5369944e-18	0	-1.8850267e-17
2.540009999998634e-09	1.3021684e-08	-4.005505e-09	0.00073240366	0.026365593	-7.0805866e-17	-1.121486e-16	6.8756404e-17	-8.563458e-18	0	-1.8850205e-17
2.550009999998513e-09	1.29572015e-08	-4.491021e-09	0.0007320339	0.026501607	-7.0810935e-17	-1.1209156e-16	6.8721014e-17	-8.590244e-18	0	-1.8850144e-17
2.560009999998392e-09	1.2190997e-08	-4.3089523e-09	0.0007316322	0.026640458	-7.081607e-17	-1.1203382e-16	6.8685194e-17	-8.617357e-18	0	-1.8850085e-17
2.570009999998271e-09	1.34123725e-08	-4.369642e-09	0.0007312085	0.026780274	-7.082128e-17	-1.1197539e-16	6.864893e-17	-8.644801e-18	0	-1.8850023e-17
2.58000999999815e-09	1.2259273e-08	-6.736531e-09	0.0007307563	0.026920388	-7.082653e-17	-1.1191624e-16	6.8612236e-17	-8.6725735e-18	0	-1.8849962e-17
2.590009999998029e-09	1.2024101e-08	-3.762747e-09	0.00073026447	0.02706357	-7.083184e-17	-1.1185638e-16	6.857512e-17	-8.7006794e-18	0	-1.8849898e-17
2.600009999997908e-09	1.2410997e-08	-4.6124e-09	0.0007297353	0.027208643	-7.0837226e-17	-1.1179582e-16	6.853754e-17	-8.729119e-18	0	-1.8849836e-17
2.610009999997787e-09	1.1546171e-08	-5.3406732e-09	0.0007291659	0.027353538	-7.0842686e-17	-1.1173454e-16	6.849953e-17	-8.757893e-18	0	-1.8849777e-17
2.620009999997666e-09	1.3017891e-08	-4.7337787e-09	0.00072855764	0.027501011	-7.084819e-17	-1.1167255e-16	6.8461074e-17	-8.787006e-18	0	-1.8849714e-17
2.630009999997545e-09	1.35072e-08	-6.068947e-09	0.00072791724	0.027650997	-7.085379e-17	-1.1160987e-16	6.842218e-17	-8.816452e-18	0	-1.8849653e-17
2.640009999997424e-09	1.3309959e-08	-5.583431e-09	0.00072723936	0.027801322	-7.0859435e-17	-1.1154644e-16	6.838284e-17	-8.846233e-18	0	-1.8849595e-17
2.650009999997303e-09	1.2395824e-08	-4.8551576e-09	0.0007265095	0.02795202	-7.086515e-17	-1.1148233e-16	6.834307e-17	-8.876353e-18	0	-1.8849535e-17
2.660009999997182e-09	1.28813396e-08	-6.85791e-09	0.0007257315	0.028106496	-7.087094e-17	-1.1141751e-16	6.830285e-17	-8.9068046e-18	0	-1.8849476e-17
2.670009999997061e-09	1.1879964e-08	-5.7654996e-09	0.00072490174	0.028261881	-7.0876785e-17	-1.1135197e-16	6.8262193e-17	-8.937589e-18	0	-1.884942e-17
2.68000999999694e-09	1.2471686e-08	-5.826189e-09	0.00072400883	0.028417192	-7.0882695e-17	-1.1128573e-16	6.8221106e-17	-8.968705e-18	0	-1.884936e-17
2.690009999996819e-09	1.2153066e-08	-6.493773e-09	0.00072305184	0.028574966	-7.0888664e-17	-1.112188e-16	6.8179594e-17	-9.0001486e-18	0	-1.8849302e-17
2.700009999996698e-09	1.1980481e-08	-6.6758417e-09	0.0007220328	0.028735306	-7.08947e-17	-1.1115117e-16	6.813763e-17	-9.0319165e-18	0	-1.8849248e-17
2.710009999996577e-09	1.29230635e-08	-5.9475678e-09	0.0007209532	0.028895404	-7.090079e-17	-1.1108285e-16	6.8095255e-17	-9.064011e-18	0	-1.884919e-17
2.720009999996456e-09	1.1834446e-08	-8.2537674e-09	0.00071979506	0.029056087	-7.090697e-17	-1.1101387e-16	6.8052467e-17	-9.0964175e-18	0	-1.884914e-17
2.730009999996335e-09	1.2128411e-08	-6.2510153e-09	0.0007185619	0.029220125	-7.0913195e-17	-1.1094422e-16	6.8009255e-17	-9.1291375e-18	0	-1.8849087e-17
2.740009999996214e-09	1.2177721e-08	-7.525494e-09	0.00071726256	0.029384524	-7.09195e-17	-1.1087393e-16	6.796564e-17	-9.1621635e-18	0	-1.8849036e-17
2.750009999996093e-09	1.10777245e-08	-6.7061863e-09	0.0007158887	0.029549027	-7.092585e-17	-1.10802994e-16	6.792162e-17	-9.195491e-18	0	-1.8848988e-17
2.760009999995972e-09	1.115169e-08	-6.7972206e-09	0.00071440736	0.029716056	-7.0932266e-17	-1.10731426e-16	6.787722e-17	-9.229112e-18	0	-1.884894e-17
2.770009999995851e-09	1.1758584e-08	-9.285489e-09	0.0007128364	0.029884556	-7.093872e-17	-1.1065924e-16	6.783243e-17	-9.263017e-18	0	-1.8848895e-17
2.78000999999573e-09	1.1176345e-08	-1.1166862e-08	0.0007111803	0.030053245	-7.0945256e-17	-1.1058647e-16	6.7787266e-17	-9.2972015e-18	0	-1.884885e-17
2.790009999995609e-09	1.1493068e-08	-1.0135142e-08	0.0007094147	0.030221973	-7.0951814e-17	-1.10513117e-16	6.774175e-17	-9.331653e-18	0	-1.8848809e-17
2.800009999995488e-09	9.666694e-09	-1.15916885e-08	0.00070752134	0.030393133	-7.095844e-17	-1.1043919e-16	6.7695886e-17	-9.366361e-18	0	-1.884877e-17
2.810009999995367e-09	1.0229969e-08	-1.3594441e-08	0.0007055346	0.030565605	-7.0965115e-17	-1.1036474e-16	6.764967e-17	-9.401317e-18	0	-1.8848731e-17
2.820009999995246e-09	1.0742036e-08	-1.2471686e-08	0.00070343004	0.03073773	-7.097183e-17	-1.1028977e-16	6.760314e-17	-9.436512e-18	0	-1.8848695e-17
2.830009999995125e-09	9.672384e-09	-1.486892e-08	0.00070121663	0.030910572	-7.097859e-17	-1.102143e-16	6.7556304e-17	-9.47193e-18	0	-1.8848664e-17
2.840009999995004e-09	1.2120825e-08	-1.5839952e-08	0.00069887406	0.03108478	-7.0985384e-17	-1.1013836e-16	6.750917e-17	-9.50756e-18	0	-1.884863e-17
2.850009999994883e-09	1.104738e-08	-1.6902018e-08	0.0006964158	0.031260103	-7.099222e-17	-1.1006198e-16	6.746175e-17	-9.5433895e-18	0	-1.8848604e-17
2.860009999994762e-09	1.1745309e-08	-1.7660636e-08	0.0006938015	0.031434644	-7.099908e-17	-1.0998518e-16	6.741406e-17	-9.579401e-18	0	-1.8848579e-17
2.870009999994641e-09	1.12123795e-08	-1.8328219e-08	0.0006910542	0.03161048	-7.100598e-17	-1.09907984e-16	6.736614e-17	-9.615583e-18	0	-1.8848554e-17
2.8800099999945198e-09	9.42204e-09	-1.7933738e-08	0.00068814965	0.03178689	-7.1012906e-17	-1.0983042e-16	6.7317977e-17	-9.651924e-18	0	-1.8848534e-17
2.8900099999943988e-09	1.01579e-08	-1.9511665e-08	0.0006850817	0.03196388	-7.101984e-17	-1.09752534e-16	6.726961e-17	-9.688401e-18	0	-1.8848516e-17
2.9000099999942778e-09	1.005928e-08	-1.9268906e-08	0.0006818792	0.03214043	-7.102679e-17	-1.09674316e-16	6.722104e-17	-9.725007e-18	0	-1.8848501e-17
2.9100099999941568e-09	1.0897553e-08	-1.9359941e-08	0.00067851116	0.032318488	-7.103375e-17	-1.0959584e-16	6.7172294e-17	-9.761721e-18	0	-1.884849e-17
2.9200099999940357e-09	1.0013762e-08	-2.2212346e-08	0.0006749859	0.03249593	-7.1040726e-17	-1.0951709e-16	6.712338e-17	-9.798529e-18	0	-1.884848e-17
2.9300099999939147e-09	6.8427375e-09	-2.4124065e-08	0.00067128893	0.03267302	-7.10477e-17	-1.0943814e-16	6.707433e-17	-9.835416e-18	0	-1.8848468e-17
2.9400099999937937e-09	6.455842e-09	-2.5489577e-08	0.000667434	0.03285056	-7.1054676e-17	-1.09358994e-16	6.702515e-17	-9.872364e-18	0	-1.8848465e-17
2.9500099999936727e-09	7.388943e-09	-2.5610955e-08	0.0006634262	0.033028755	-7.106164e-17	-1.09279684e-16	6.697586e-17	-9.909365e-18	0	-1.8848458e-17
2.9600099999935517e-09	8.0944575e-09	-2.8433016e-08	0.0006592384	0.03320684	-7.106859e-17	-1.0920021e-16	6.6926475e-17	-9.946399e-18	0	-1.8848457e-17
2.9700099999934307e-09	7.388943e-09	-2.8888188e-08	0.00065490295	0.033384744	-7.1075534e-17	-1.09120634e-16	6.687701e-17	-9.983457e-18	0	-1.8848455e-17
2.9800099999933097e-09	6.524118e-09	-2.8159914e-08	0.0006503945	0.033561394	-7.108246e-17	-1.09040953e-16	6.682747e-17	-1.0020526e-17	0	-1.8848453e-17
2.9900099999931887e-09	6.2130843e-09	-3.0344733e-08	0.00064573594	0.033739127	-7.1089364e-17	-1.08961193e-16	6.6777874e-17	-1.0057594e-17	0	-1.8848453e-17
3.0000099999930677e-09	6.2965326e-09	-3.2863348e-08	0.0006409309	0.033916052	-7.109624e-17	-1.0888136e-16	6.672823e-17	-1.0094656e-17	0	-1.8848453e-17
3.0100099999929467e-09	4.4379176e-09	-3.4562653e-08	0.0006359727	0.03409264	-7.110308e-17	-1.0880148e-16	6.667855e-17	-1.0131702e-17	0	-1.884845e-17
3.0200099999928257e-09	4.339297e-09	-3.428955e-08	0.0006308646	0.034267895	-7.110989e-17	-1.0872156e-16	6.662884e-17	-1.0168723e-17	0	-1.8848448e-17
3.0300099999927046e-09	3.7930916e-09	-3.6322646e-08	0.00062562636	0.0344436	-7.1116674e-17	-1.086416e-16	6.657909e-17	-1.0205724e-17	0	-1.8848445e-17
3.0400099999925836e-09	3.1103353e-09	-3.711161e-08	0.00062027504	0.034619004	-7.112343e-17	-1.0856161e-16	6.652931e-17	-1.02427e-17	0	-1.8848439e-17
3.0500099999924626e-09	4.179987e-09	-3.884126e-08	0.0006148049	0.034793552	-7.113014e-17	-1.0848156e-16	6.64795e-17	-1.0279649e-17	0	-1.8848432e-17
3.0600099999923416e-09	3.9068846e-09	-4.0965393e-08	0.00060924445	0.034967553	-7.1136825e-17	-1.0840146e-16	6.642964e-17	-1.0316581e-17	0	-1.884842e-17
3.0700099999922206e-09	2.275855e-09	-4.1511598e-08	0.0006035819	0.03514063	-7.114346e-17	-1.083213e-16	6.637974e-17	-1.03535004e-17	0	-1.8848404e-17
3.0800099999920996e-09	3.095163e-09	-4.3210903e-08	0.0005978733	0.03531307	-7.115008e-17	-1.0824107e-16	6.632979e-17	-1.0390417e-17	0	-1.8848386e-17
3.0900099999919786e-09	2.56413e-09	-4.5152966e-08	0.00059208705	0.035485532	-7.115664e-17	-1.08160694e-16	6.627976e-17	-1.0427341e-17	0	-1.8848359e-17
3.1000099999918576e-09	2.4541305e-09	-4.5274344e-08	0.0005862547	0.03565815	-7.11632e-17	-1.0808022e-16	6.622963e-17	-1.046429e-17	0	-1.8848328e-17
3.1100099999917366e-09	1.3124097e-09	-4.7337785e-08	0.000580387	0.035829946	-7.116972e-17	-1.0799955e-16	6.6179405e-17	-1.050128e-17	0	-1.8848291e-17
3.1200099999916156e-09	8.041355e-10	-4.7337785e-08	0.00057449087	0.036000807	-7.117623e-17	-1.0791869e-16	6.612903e-17	-1.05383315e-17	0	-1.8848248e-17
3.1300099999914945e-09	-4.3999865e-10	-4.9279848e-08	0.0005686054	0.036171388	-7.118271e-17	-1.07837564e-16	6.6078516e-17	-1.0575467e-17	0	-1.8848195e-17
3.1400099999913735e-09	1.5324091e-09	-4.9643987e-08	0.00056273496	0.03634112	-7.1189215e-17	-1.0775615e-16	6.602779e-17	-1.06127115e-17	0	-1.8848137e-17
3.1500099999912525e-09	3.0344734e-11	-4.9886744e-08	0.0005569038	0.036511015	-7.1195674e-17	-1.0767437e-16	6.597686e-17	-1.065009e-17	0	-1.8848071e-17
3.1600099999911315e-09	-4.3999865e-10	-5.025088e-08	0.00055111875	0.036680568	-7.1202165e-17	-1.075922e-16	6.5925666e-17	-1.0687634e-17	0	-1.8847998e-17
3.1700099999910105e-09	-2.88275e-10	-4.952261e-08	0.0005453798	0.03684917	-7.1208664e-17	-1.0750956e-16	6.587418e-17	-1.0725376e-17	0	-1.8847916e-17
3.1800099999908895e-09	-6.068947e-11	-5.025088e-08	0.00053970685	0.037018124	-7.121519e-17	-1.07426396e-16	6.5822374e-17	-1.0763343e-17	0	-1.8847826e-17
3.1900099999907685e-09	-9.558592e-10	-4.8551577e-08	0.0005341133	0.037187215	-7.122173e-17	-1.0734263e-16	6.5770196e-17	-1.080157e-17	0	-1.8847727e-17
3.2000099999906475e-09	-1.198617e-09	-4.903709e-08	0.0005285948	0.037355684	-7.122832e-17	-1.0725821e-16	6.571761e-17	-1.08400985e-17	0	-1.884762e-17
3.2100099999905265e-09	-5.1586047e-10	-4.794468e-08	0.0005231772	0.037524395	-7.123495e-17	-1.07173074e-16	6.566458e-17	-1.087895e-17	0	-1.8847504e-17
3.2200099999904055e-09	1.9724078e-10	-4.7398476e-08	0.00051785633	0.037692837	-7.124166e-17	-1.0708715e-16	6.5611046e-17	-1.091817e-17	0	-1.8847383e-17
3.2300099999902844e-09	1.0620657e-10	-4.7641233e-08	0.0005126529	0.037861373	-7.12484e-17	-1.0700035e-16	6.555699e-17	-1.0957789e-17	0	-1.8847252e-17
3.2400099999901634e-09	1.820684e-09	-4.776261e-08	0.00050756475	0.03802961	-7.125524e-17	-1.0691263e-16	6.5502355e-17	-1.0997845e-17	0	-1.8847117e-17
3.2500099999900424e-09	1.4110302e-09	-4.709503e-08	0.00050259463	0.03819795	-7.126215e-17	-1.0682391e-16	6.54471e-17	-1.1038373e-17	0	-1.8846974e-17
3.2600099999899214e-09	-1.2137893e-10	-4.5456414e-08	0.00049776945	0.03836706	-7.126915e-17	-1.06734106e-16	6.539119e-17	-1.1079404e-17	0	-1.8846822e-17
3.2700099999898004e-09	-5.1586047e-10	-4.6123997e-08	0.00049306604	0.03853663	-7.1276274e-17	-1.0664319e-16	6.5334556e-17	-1.1120981e-17	0	-1.8846667e-17
3.2800099999896794e-09	7.1310124e-10	-4.3999865e-08	0.0004884818	0.03870727	-7.1283494e-17	-1.0655107e-16	6.52772e-17	-1.1163127e-17	0	-1.8846505e-17
3.2900099999895584e-09	1.1682723e-09	-4.4242622e-08	0.00048402595	0.038878	-7.1290846e-17	-1.0645767e-16	6.521905e-17	-1.1205883e-17	0	-1.8846339e-17
3.3000099999894374e-09	1.9724078e-10	-4.2846764e-08	0.0004796927	0.039048623	-7.129831e-17	-1.0636295e-16	6.516009e-17	-1.1249272e-17	0	-1.8846165e-17
3.3100099999893164e-09	1.942063e-09	-4.2604007e-08	0.0004754884	0.03921929	-7.1305894e-17	-1.0626685e-16	6.5100266e-17	-1.1293327e-17	0	-1.8845988e-17
3.3200099999891954e-09	1.5627538e-09	-4.1511598e-08	0.00047140304	0.03939144	-7.1313656e-17	-1.0616931e-16	6.5039544e-17	-1.1338081e-17	0	-1.8845811e-17
3.3300099999890744e-09	2.1544762e-09	-3.878057e-08	0.00046746308	0.039564025	-7.1321544e-17	-1.06070257e-16	6.49779e-17	-1.138356e-17	0	-1.8845631e-17
3.3400099999889533e-09	2.2455104e-09	-3.896264e-08	0.00046365758	0.039737634	-7.13296e-17	-1.05969645e-16	6.491528e-17	-1.1429782e-17	0	-1.8845446e-17
3.3500099999888323e-09	3.7475747e-09	-3.993367e-08	0.00045995967	0.039911672	-7.1337816e-17	-1.0586747e-16	6.485169e-17	-1.1476777e-17	0	-1.8845257e-17
3.3600099999887113e-09	3.0496459e-09	-3.8112987e-08	0.00045638529	0.040086463	-7.134618e-17	-1.05763624e-16	6.478708e-17	-1.1524564e-17	0	-1.8845069e-17
3.3700099999885903e-09	3.3530931e-09	-3.787023e-08	0.00045292696	0.04026156	-7.135474e-17	-1.05658116e-16	6.4721424e-17	-1.1573166e-17	0	-1.8844878e-17
3.3800099999884693e-09	5.279984e-09	-3.677782e-08	0.00044958587	0.040437736	-7.136346e-17	-1.05550867e-16	6.465469e-17	-1.16226e-17	0	-1.8844686e-17
3.3900099999883483e-09	6.691014e-09	-3.7202643e-08	0.00044636012	0.040614523	-7.1372366e-17	-1.0544188e-16	6.4586884e-17	-1.1672879e-17	0	-1.8844498e-17
3.4000099999882273e-09	5.735155e-09	-3.6656438e-08	0.0004432504	0.040793233	-7.138145e-17	-1.05331115e-16	6.4517983e-17	-1.172402e-17	0	-1.8844306e-17
3.4100099999881063e-09	5.977913e-09	-3.68992e-08	0.00044025987	0.0409715	-7.1390736e-17	-1.0521854e-16	6.444796e-17	-1.1776033e-17	0	-1.8844117e-17
3.4200099999879853e-09	5.2951563e-09	-3.5806785e-08	0.00043736096	0.041150767	-7.14002e-17	-1.0510415e-16	6.43768e-17	-1.1828928e-17	0	-1.8843927e-17
3.4300099999878643e-09	4.8096402e-09	-3.5685407e-08	0.00043457787	0.04133028	-7.1409854e-17	-1.0498791e-16	6.43045e-17	-1.1882709e-17	0	-1.8843738e-17
3.4400099999877432e-09	4.7641233e-09	-3.4957136e-08	0.0004319136	0.041511238	-7.141971e-17	-1.0486983e-16	6.423107e-17	-1.1937383e-17	0	-1.8843553e-17
3.4500099999876222e-09	5.5530864e-09	-3.447162e-08	0.00042935554	0.041693863	-7.1429746e-17	-1.0474991e-16	6.4156486e-17	-1.1992951e-17	0	-1.884337e-17
3.4600099999875012e-09	6.5848074e-09	-3.422886e-08	0.0004269191	0.04187619	-7.144e-17	-1.04628157e-16	6.4080756e-17	-1.204941e-17	0	-1.8843191e-17
3.4700099999873802e-09	6.2206706e-09	-3.468403e-08	0.000424593	0.04205895	-7.145043e-17	-1.04504556e-16	6.4003894e-17	-1.2106755e-17	0	-1.8843016e-17
3.480009999987259e-09	6.7820483e-09	-3.4077136e-08	0.00042238267	0.042242408	-7.1461046e-17	-1.0437915e-16	6.3925914e-17	-1.2164978e-17	0	-1.8842839e-17
3.490009999987138e-09	7.343426e-09	-3.274197e-08	0.00042029083	0.04242665	-7.1471866e-17	-1.0425195e-16	6.3846816e-17	-1.2224065e-17	0	-1.8842671e-17
3.500009999987017e-09	8.162734e-09	-3.2195764e-08	0.00041834684	0.042612612	-7.148285e-17	-1.04122974e-16	6.376664e-17	-1.2284004e-17	0	-1.8842511e-17
3.510009999986896e-09	7.646873e-09	-3.3439896e-08	0.00041655262	0.04279803	-7.149403e-17	-1.03992286e-16	6.368538e-17	-1.2344771e-17	0	-1.8842354e-17
3.520009999986775e-09	8.602732e-09	-3.48661e-08	0.0004148902	0.042984072	-7.150538e-17	-1.0385994e-16	6.3603095e-17	-1.24063435e-17	0	-1.8842202e-17
3.530009999986654e-09	8.542043e-09	-3.498748e-08	0.00041337588	0.043170206	-7.151691e-17	-1.03725974e-16	6.3519815e-17	-1.2468688e-17	0	-1.8842061e-17
3.540009999986533e-09	8.329629e-09	-3.4517136e-08	0.00041203148	0.043358207	-7.1528584e-17	-1.0359047e-16	6.343558e-17	-1.2531773e-17	0	-1.8841924e-17
3.550009999986412e-09	8.936524e-09	-3.262059e-08	0.0004108802	0.043546066	-7.1540436e-17	-1.03453514e-16	6.3350435e-17	-1.2595556e-17	0	-1.8841801e-17
3.560009999986291e-09	8.617905e-09	-3.3166796e-08	0.000409936	0.04373326	-7.1552394e-17	-1.03315176e-16	6.3264454e-17	-1.26599935e-17	0	-1.8841684e-17
3.57000999998617e-09	9.907556e-09	-3.317438e-08	0.00040919776	0.04392081	-7.15645e-17	-1.0317557e-16	6.3177686e-17	-1.272503e-17	0	-1.8841581e-17
3.580009999986049e-09	7.2068747e-09	-3.3159207e-08	0.0004087127	0.04410906	-7.1576706e-17	-1.0303482e-16	6.309021e-17	-1.2790608e-17	0	-1.8841487e-17
3.590009999985928e-09	6.448256e-09	-3.329007e-08	0.0004084497	0.044297226	-7.158904e-17	-1.0289307e-16	6.30021e-17	-1.285666e-17	0	-1.8841409e-17
3.600009999985807e-09	6.903427e-09	-3.284059e-08	0.00040845003	0.044484913	-7.160144e-17	-1.0275044e-16	6.291345e-17	-1.2923114e-17	0	-1.8841346e-17
3.610009999985686e-09	9.346178e-09	-3.4183344e-08	0.00040876894	0.044674844	-7.1613896e-17	-1.02607076e-16	6.282436e-17	-1.2989886e-17	0	-1.8841297e-17
3.620009999985565e-09	7.722735e-09	-3.5032997e-08	0.00040937724	0.044876855	-7.162639e-17	-1.0246317e-16	6.273494e-17	-1.3056899e-17	0	-1.8841264e-17
3.630009999985444e-09	7.8592866e-09	-3.5579202e-08	0.00041028977	0.0450948	-7.163891e-17	-1.023189e-16	6.264528e-17	-1.3124052e-17	0	-1.8841247e-17
3.640009999985323e-09	7.935148e-09	-3.5912993e-08	0.00041154015	0.04533046	-7.165141e-17	-1.0217443e-16	6.255552e-17	-1.3191252e-17	0	-1.8841252e-17
3.650009999985202e-09	7.1613573e-09	-3.5715754e-08	0.00041313627	0.0455799	-7.166387e-17	-1.02029976e-16	6.2465775e-17	-1.3258395e-17	0	-1.8841272e-17
3.660009999985081e-09	6.812393e-09	-3.550334e-08	0.00041508433	0.04584113	-7.167628e-17	-1.01885755e-16	6.237617e-17	-1.3325378e-17	0	-1.8841312e-17
3.67000999998496e-09	8.162734e-09	-3.5655063e-08	0.00041738132	0.046113197	-7.168859e-17	-1.0174195e-16	6.2286826e-17	-1.33920955e-17	0	-1.8841371e-17
3.680009999984839e-09	9.892384e-09	-3.7020577e-08	0.0004200022	0.046390902	-7.17008e-17	-1.01598796e-16	6.219788e-17	-1.3458441e-17	0	-1.8841449e-17
3.690009999984718e-09	8.526871e-09	-3.850747e-08	0.00042292947	0.04667486	-7.1712853e-17	-1.0145645e-16	6.210945e-17	-1.3524315e-17	0	-1.8841545e-17
3.700009999984597e-09	7.464805e-09	-3.8416434e-08	0.0004261287	0.046965435	-7.172473e-17	-1.0131512e-16	6.2021665e-17	-1.3589626e-17	0	-1.8841657e-17
3.710009999984476e-09	4.1117114e-09	-3.7020577e-08	0.00042954678	0.04726073	-7.173644e-17	-1.0117497e-16	6.19346e-17	-1.365429e-17	0	-1.884178e-17
3.720009999984355e-09	5.659293e-09	-3.780954e-08	0.0004331196	0.0475576	-7.1747926e-17	-1.0103616e-16	6.1848374e-17	-1.3718225e-17	0	-1.8841915e-17
3.730009999984234e-09	7.495149e-09	-3.8598504e-08	0.00043677507	0.04785847	-7.175919e-17	-1.008988e-16	6.1763055e-17	-1.3781381e-17	0	-1.8842061e-17
3.740009999984113e-09	8.026182e-09	-4.011574e-08	0.00044044817	0.048161358	-7.1770227e-17	-1.00763006e-16	6.167871e-17	-1.3843713e-17	0	-1.884221e-17
3.750009999983992e-09	8.830318e-09	-4.038884e-08	0.00044406022	0.04846565	-7.178101e-17	-1.0062883e-16	6.159537e-17	-1.3905192e-17	0	-1.8842357e-17
3.760009999983871e-09	6.1296364e-09	-4.102608e-08	0.0004475007	0.04876877	-7.179158e-17	-1.00496337e-16	6.151307e-17	-1.3965808e-17	0	-1.8842506e-17
3.77000999998375e-09	6.0537744e-09	-3.987298e-08	0.000450695	0.049073175	-7.1801904e-17	-1.0036548e-16	6.143179e-17	-1.4025575e-17	0	-1.8842645e-17
3.780009999983629e-09	5.70481e-09	-3.9205396e-08	0.0004535562	0.049376987	-7.1812016e-17	-1.002363e-16	6.1351556e-17	-1.4084505e-17	0	-1.8842776e-17
3.790009999983508e-09	6.311705e-09	-3.7991608e-08	0.00045604628	0.049680136	-7.1821915e-17	-1.001087e-16	6.127231e-17	-1.4142634e-17	0	-1.8842895e-17
3.800009999983387e-09	7.540667e-09	-4.06316e-08	0.00045810765	0.049980722	-7.183164e-17	-9.9982644e-17	6.119402e-17	-1.4200013e-17	0	-1.8843e-17
3.810009999983266e-09	5.537914e-09	-4.114746e-08	0.0004597048	0.050280396	-7.1841205e-17	-9.9858044e-17	6.111662e-17	-1.425669e-17	0	-1.8843095e-17
3.820009999983145e-09	3.838609e-09	-4.0661945e-08	0.00046083637	0.05057956	-7.1850615e-17	-9.973478e-17	6.104006e-17	-1.4312718e-17	0	-1.8843174e-17
3.830009999983024e-09	4.5668824e-09	-4.0995737e-08	0.00046150247	0.05087466	-7.1859886e-17	-9.9612755e-17	6.0964277e-17	-1.4368164e-17	0	-1.8843242e-17
3.840009999982903e-09	7.2523916e-09	-4.132953e-08	0.00046170884	0.051168136	-7.186906e-17	-9.9491855e-17	6.088919e-17	-1.442309e-17	0	-1.8843298e-17
3.850009999982782e-09	7.828942e-09	-4.339297e-08	0.00046148084	0.051461678	-7.1878144e-17	-9.937197e-17	6.081472e-17	-1.4477552e-17	0	-1.8843341e-17
3.860009999982661e-09	7.601356e-09	-4.26647e-08	0.00046088736	0.051752575	-7.188716e-17	-9.925301e-17	6.074083e-17	-1.4531601e-17	0	-1.8843376e-17
3.87000999998254e-09	7.571011e-09	-4.1056424e-08	0.00045992323	0.052040618	-7.189612e-17	-9.913486e-17	6.066744e-17	-1.4585297e-17	0	-1.8843401e-17
3.880009999982419e-09	5.6441207e-09	-4.26647e-08	0.0004586687	0.05232909	-7.1905024e-17	-9.901739e-17	6.0594474e-17	-1.463869e-17	0	-1.8843416e-17
3.890009999982298e-09	4.8096402e-09	-4.139022e-08	0.00045715412	0.05261415	-7.191389e-17	-9.890053e-17	6.0521894e-17	-1.4691821e-17	0	-1.8843429e-17
3.900009999982177e-09	5.537914e-09	-4.114746e-08	0.00045535807	0.052896675	-7.192273e-17	-9.878422e-17	6.044964e-17	-1.4744723e-17	0	-1.884343e-17
3.910009999982056e-09	5.5530864e-09	-4.1450907e-08	0.00045334196	0.05317862	-7.193156e-17	-9.866835e-17	6.037766e-17	-1.479744e-17	0	-1.884343e-17
3.920009999981935e-09	5.371018e-09	-4.075298e-08	0.00045114342	0.05345815	-7.194035e-17	-9.8552846e-17	6.030593e-17	-1.4850005e-17	0	-1.8843424e-17
3.930009999981814e-09	5.12826e-09	-4.2239872e-08	0.00044875336	0.053734988	-7.1949156e-17	-9.843771e-17	6.02344e-17	-1.4902431e-17	0	-1.8843414e-17
3.940009999981693e-09	4.7186064e-09	-4.102608e-08	0.00044617223	0.05401067	-7.1957944e-17	-9.832285e-17	6.016305e-17	-1.4954746e-17	0	-1.8843401e-17
3.950009999981572e-09	6.159981e-09	-4.3150212e-08	0.00044345905	0.054284617	-7.196674e-17	-9.8208236e-17	6.0091846e-17	-1.5006965e-17	0	-1.8843384e-17
3.960009999981451e-09	9.012386e-09	-4.2786077e-08	0.00044061246	0.054557838	-7.197551e-17	-9.809385e-17	6.0020794e-17	-1.5059093e-17	0	-1.8843363e-17
3.97000999998133e-09	9.10342e-09	-4.1815046e-08	0.00043759219	0.054827966	-7.1984294e-17	-9.797967e-17	5.994986e-17	-1.5111144e-17	0	-1.8843341e-17
3.980009999981209e-09	7.722735e-09	-4.248263e-08	0.00043440989	0.05509728	-7.199306e-17	-9.78657e-17	5.987906e-17	-1.516311e-17	0	-1.884332e-17
3.990009999981088e-09	7.1689437e-09	-4.1693664e-08	0.00043108725	0.0553668	-7.200184e-17	-9.775193e-17	5.980838e-17	-1.5214993e-17	0	-1.8843298e-17
4.000009999980967e-09	7.1689437e-09	-4.2907455e-08	0.0004276049	0.055633318	-7.201059e-17	-9.7638394e-17	5.973785e-17	-1.526677e-17	0	-1.8843277e-17
4.010009999980846e-09	6.1751533e-09	-4.466745e-08	0.000423948	0.055901073	-7.201933e-17	-9.7525104e-17	5.9667476e-17	-1.5318437e-17	0	-1.8843259e-17
4.020009999980725e-09	6.1751533e-09	-4.5031587e-08	0.00042008838	0.05616866	-7.202804e-17	-9.741211e-17	5.959729e-17	-1.5369969e-17	0	-1.8843247e-17
4.030009999980604e-09	7.555839e-09	-4.512262e-08	0.00041601673	0.056433633	-7.203672e-17	-9.729946e-17	5.9527305e-17	-1.5421325e-17	0	-1.8843239e-17
4.040009999980483e-09	8.329629e-09	-4.5077105e-08	0.0004117355	0.056698583	-7.2045387e-17	-9.7187263e-17	5.945759e-17	-1.547248e-17	0	-1.8843239e-17
4.050009999980362e-09	9.9379e-09	-4.5759858e-08	0.00040723907	0.05696209	-7.2053976e-17	-9.7075554e-17	5.93882e-17	-1.5523374e-17	0	-1.8843249e-17
4.060009999980241e-09	9.277903e-09	-4.5016414e-08	0.00040249882	0.057224132	-7.20625e-17	-9.696446e-17	5.9319186e-17	-1.557396e-17	0	-1.8843267e-17
4.07000999998012e-09	9.710315e-09	-4.5046757e-08	0.00039751572	0.057484947	-7.2070937e-17	-9.6854095e-17	5.925063e-17	-1.5624175e-17	0	-1.8843302e-17
4.080009999979999e-09	9.573764e-09	-4.4591587e-08	0.00039223392	0.057742424	-7.2079274e-17	-9.674461e-17	5.918262e-17	-1.567394e-17	0	-1.8843351e-17
4.090009999979878e-09	9.497902e-09	-4.325642e-08	0.00038670492	0.05799977	-7.2087493e-17	-9.663617e-17	5.911526e-17	-1.5723168e-17	0	-1.8843423e-17
4.100009999979757e-09	9.6116946e-09	-4.2952973e-08	0.00038087423	0.05825278	-7.2095586e-17	-9.652896e-17	5.9048665e-17	-1.5771772e-17	0	-1.884351e-17
4.110009999979636e-09	1.0977208e-08	-4.5426066e-08	0.00037478248	0.058501724	-7.210348e-17	-9.642317e-17	5.898295e-17	-1.5819642e-17	0	-1.8843626e-17
4.1200099999795146e-09	9.588936e-09	-4.5653653e-08	0.00036843042	0.058749374	-7.21112e-17	-9.6319015e-17	5.8918255e-17	-1.5866674e-17	0	-1.8843765e-17
4.1300099999793936e-09	9.717901e-09	-4.6776407e-08	0.00036180805	0.05899159	-7.211869e-17	-9.621674e-17	5.885473e-17	-1.5912745e-17	0	-1.884393e-17
4.1400099999792726e-09	8.132389e-09	-4.5729514e-08	0.00035491734	0.059229296	-7.212592e-17	-9.611658e-17	5.879251e-17	-1.595773e-17	0	-1.8844127e-17
4.1500099999791516e-09	8.2708365e-09	-4.4932964e-08	0.00034777608	0.059462655	-7.2132876e-17	-9.601881e-17	5.873179e-17	-1.60015e-17	0	-1.8844357e-17
4.1600099999790305e-09	1.0370313e-08	-4.4773657e-08	0.00034042785	0.05969072	-7.2139526e-17	-9.592367e-17	5.867268e-17	-1.6043934e-17	0	-1.8844615e-17
4.1700099999789095e-09	1.14816885e-08	-4.416676e-08	0.00033297896	0.0599151	-7.214583e-17	-9.5831395e-17	5.861537e-17	-1.6084908e-17	0	-1.8844902e-17
4.1800099999787885e-09	1.2574099e-08	-4.553986e-08	0.0003254382	0.060131803	-7.215179e-17	-9.574226e-17	5.8559993e-17	-1.6124311e-17	0	-1.8845219e-17
4.1900099999786675e-09	1.1072035e-08	-4.5005034e-08	0.00031795262	0.060340792	-7.215735e-17	-9.565644e-17	5.85067e-17	-1.6162044e-17	0	-1.8845562e-17
4.2000099999785465e-09	1.07742775e-08	-4.273297e-08	0.00031056936	0.06054519	-7.216251e-17	-9.557416e-17	5.8455597e-17	-1.619802e-17	0	-1.8845924e-17
4.2100099999784255e-09	9.319627e-09	-4.049505e-08	0.00030343182	0.06074047	-7.216728e-17	-9.549558e-17	5.8406786e-17	-1.6232184e-17	0	-1.8846303e-17
4.2200099999783045e-09	1.0057383e-08	-4.0707462e-08	0.00029664164	0.060925815	-7.2171654e-17	-9.542081e-17	5.836034e-17	-1.6264492e-17	0	-1.8846692e-17
4.2300099999781835e-09	1.041014e-08	-3.919781e-08	0.00029034086	0.061104383	-7.217563e-17	-9.534993e-17	5.8316306e-17	-1.6294929e-17	0	-1.8847079e-17
4.2400099999780625e-09	8.204458e-09	-3.5416097e-08	0.00028458494	0.061274108	-7.217922e-17	-9.528296e-17	5.827471e-17	-1.6323508e-17	0	-1.8847459e-17
4.2500099999779415e-09	8.8872145e-09	-3.361817e-08	0.00027945425	0.06143449	-7.218245e-17	-9.521989e-17	5.8235533e-17	-1.6350264e-17	0	-1.8847826e-17
4.2600099999778205e-09	1.0506865e-08	-3.1604042e-08	0.00027502622	0.06158612	-7.2185346e-17	-9.516067e-17	5.819875e-17	-1.6375245e-17	0	-1.8848175e-17
4.2700099999776994e-09	1.0123762e-08	-2.8175085e-08	0.00027130597	0.061729044	-7.2187946e-17	-9.5105203e-17	5.816429e-17	-1.6398525e-17	0	-1.8848503e-17
4.2800099999775784e-09	9.452385e-09	-2.4161995e-08	0.0002682528	0.061862804	-7.219026e-17	-9.505334e-17	5.8132076e-17	-1.6420192e-17	0	-1.8848801e-17
4.2900099999774574e-09	8.94411e-09	-2.1643382e-08	0.0002658978	0.06198792	-7.219234e-17	-9.5004956e-17	5.810201e-17	-1.6440332e-17	0	-1.8849074e-17
4.300009999977336e-09	8.913766e-09	-1.8863046e-08	0.00026420868	0.06210552	-7.2194206e-17	-9.495982e-17	5.8073975e-17	-1.6459051e-17	0	-1.8849312e-17
4.310009999977215e-09	8.375147e-09	-1.6613741e-08	0.00026306967	0.062216274	-7.219589e-17	-9.491776e-17	5.804785e-17	-1.6476452e-17	0	-1.8849525e-17
4.320009999977094e-09	8.359974e-09	-1.4614783e-08	0.0002623947	0.062320124	-7.219743e-17	-9.4878576e-17	5.80235e-17	-1.6492641e-17	0	-1.8849712e-17
4.330009999976973e-09	7.1385986e-09	-1.3366855e-08	0.00026211247	0.06241769	-7.2198825e-17	-9.4842014e-17	5.8000786e-17	-1.6507716e-17	0	-1.8849876e-17
4.340009999976852e-09	7.0172197e-09	-1.15916885e-08	0.00026216407	0.062508896	-7.22001e-17	-9.480788e-17	5.7979584e-17	-1.6521781e-17	0	-1.885002e-17
4.350009999976731e-09	7.662045e-09	-7.1310127e-09	0.00026249167	0.062595315	-7.2201294e-17	-9.477598e-17	5.795975e-17	-1.6534924e-17	0	-1.8850146e-17
4.36000999997661e-09	6.895841e-09	-7.320667e-09	0.0002630228	0.06267699	-7.220239e-17	-9.474605e-17	5.7941156e-17	-1.6547242e-17	0	-1.8850255e-17
4.370009999976489e-09	7.768252e-09	-7.2751503e-09	0.00026370352	0.06275416	-7.220341e-17	-9.471794e-17	5.792368e-17	-1.6558816e-17	0	-1.8850353e-17
4.380009999976368e-09	7.737907e-09	-8.504112e-09	0.00026451383	0.06282736	-7.220439e-17	-9.469145e-17	5.7907216e-17	-1.656972e-17	0	-1.8850439e-17
4.390009999976247e-09	7.601356e-09	-1.0195831e-08	0.00026536253	0.06289685	-7.2205284e-17	-9.466638e-17	5.7891645e-17	-1.6580036e-17	0	-1.8850515e-17
4.400009999976126e-09	8.026182e-09	-9.190662e-09	0.0002662629	0.062963046	-7.220614e-17	-9.464262e-17	5.7876875e-17	-1.6589819e-17	0	-1.8850583e-17
4.410009999976005e-09	9.194455e-09	-7.699977e-09	0.0002672002	0.0630266	-7.220695e-17	-9.462e-17	5.786282e-17	-1.6599131e-17	0	-1.8850642e-17
4.420009999975884e-09	9.179282e-09	-8.451009e-09	0.0002681899	0.063087426	-7.220773e-17	-9.459841e-17	5.78494e-17	-1.660802e-17	0	-1.8850695e-17
4.430009999975763e-09	8.504112e-09	-8.041354e-09	0.00026917577	0.063145794	-7.220846e-17	-9.4577714e-17	5.783654e-17	-1.6616543e-17	0	-1.8850745e-17
4.440009999975642e-09	9.042731e-09	-7.2789432e-09	0.00027018477	0.06320168	-7.2209155e-17	-9.455782e-17	5.782418e-17	-1.6624732e-17	0	-1.8850786e-17
4.450009999975521e-09	9.953073e-09	-5.7095515e-09	0.00027123824	0.0632553	-7.220984e-17	-9.4538644e-17	5.781226e-17	-1.6632628e-17	0	-1.8850824e-17
4.4600099999754e-09	9.2399715e-09	-8.530663e-09	0.00027227844	0.0633069	-7.2210485e-17	-9.452011e-17	5.780074e-17	-1.6640262e-17	0	-1.8850856e-17
4.470009999975279e-09	1.2153066e-08	-8.355233e-09	0.000273324	0.06335667	-7.2211114e-17	-9.450214e-17	5.778958e-17	-1.6647658e-17	0	-1.8850887e-17
4.480009999975158e-09	1.115169e-08	-7.626011e-09	0.0002744453	0.06340485	-7.221171e-17	-9.4484666e-17	5.7778725e-17	-1.6654851e-17	0	-1.8850912e-17
4.490009999975037e-09	1.15916885e-08	-4.957571e-09	0.0002756098	0.06345145	-7.221229e-17	-9.446767e-17	5.776816e-17	-1.6661853e-17	0	-1.8850935e-17
4.500009999974916e-09	1.2896512e-08	-5.38619e-09	0.0002767861	0.06349683	-7.2212854e-17	-9.4451056e-17	5.775785e-17	-1.6668692e-17	0	-1.8850955e-17
4.510009999974795e-09	1.0165486e-08	-5.5530864e-09	0.0002780011	0.06354104	-7.221339e-17	-9.443481e-17	5.774777e-17	-1.6675376e-17	0	-1.8850973e-17
4.520009999974674e-09	9.209627e-09	-4.4644692e-09	0.00027921476	0.06358432	-7.221391e-17	-9.44189e-17	5.7737895e-17	-1.668192e-17	0	-1.8850988e-17
4.530009999974553e-09	9.968245e-09	-4.491021e-09	0.0002803793	0.06362675	-7.221443e-17	-9.440329e-17	5.7728214e-17	-1.6688342e-17	0	-1.8851003e-17
4.540009999974432e-09	9.786177e-09	-4.29378e-09	0.00028153916	0.06366839	-7.221493e-17	-9.4387965e-17	5.77187e-17	-1.669465e-17	0	-1.8851016e-17
4.550009999974311e-09	1.0408244e-08	-3.6868852e-09	0.0002827816	0.06370933	-7.221543e-17	-9.437287e-17	5.770933e-17	-1.6700858e-17	0	-1.8851028e-17
4.56000999997419e-09	1.083307e-08	-3.8082644e-09	0.0002840624	0.063749485	-7.2215885e-17	-9.4357995e-17	5.7700116e-17	-1.6706972e-17	0	-1.8851038e-17
4.570009999974069e-09	8.693767e-09	-2.1013729e-09	0.0002853648	0.06378898	-7.221637e-17	-9.434335e-17	5.769103e-17	-1.6712999e-17	0	-1.8851047e-17
4.580009999973948e-09	8.663422e-09	-8.7241114e-10	0.0002866832	0.063828014	-7.221681e-17	-9.4328865e-17	5.768206e-17	-1.6718948e-17	0	-1.8851054e-17
4.590009999973827e-09	1.0286865e-08	1.6386157e-09	0.00028802056	0.06386719	-7.221727e-17	-9.4314564e-17	5.767319e-17	-1.6724823e-17	0	-1.8851062e-17
4.600009999973706e-09	1.0924104e-08	2.0634419e-09	0.00028932418	0.063906014	-7.221769e-17	-9.430043e-17	5.7664435e-17	-1.6730628e-17	0	-1.885107e-17
4.610009999973585e-09	1.2380652e-08	2.3365445e-09	0.0002906472	0.06394446	-7.221813e-17	-9.428644e-17	5.765575e-17	-1.6736373e-17	0	-1.8851074e-17
4.620009999973464e-09	1.25020305e-08	2.2606828e-09	0.00029202606	0.06398253	-7.221855e-17	-9.4272597e-17	5.7647176e-17	-1.6742056e-17	0	-1.885108e-17
4.630009999973343e-09	1.147031e-08	1.0924105e-09	0.00029342461	0.06402019	-7.221896e-17	-9.4258865e-17	5.763868e-17	-1.6747681e-17	0	-1.8851089e-17
4.640009999973222e-09	1.1394448e-08	2.6551643e-09	0.00029477483	0.06405742	-7.221936e-17	-9.4245266e-17	5.7630256e-17	-1.6753258e-17	0	-1.885109e-17
4.650009999973101e-09	1.1879964e-08	2.8068878e-09	0.00029607723	0.06409423	-7.221976e-17	-9.423178e-17	5.76219e-17	-1.6758782e-17	0	-1.8851097e-17
4.66000999997298e-09	1.1348931e-08	2.2455104e-09	0.0002973915	0.06413056	-7.222016e-17	-9.421842e-17	5.761362e-17	-1.6764258e-17	0	-1.8851102e-17
4.670009999972859e-09	1.077238e-08	2.4275787e-10	0.00029869488	0.064166546	-7.2220544e-17	-9.420515e-17	5.760541e-17	-1.6769687e-17	0	-1.8851107e-17
4.680009999972738e-09	1.198617e-08	1.0013762e-09	0.00030002496	0.06420212	-7.222091e-17	-9.419198e-17	5.7597254e-17	-1.6775069e-17	0	-1.885111e-17
4.690009999972617e-09	1.1485482e-08	1.9724078e-09	0.0003013283	0.06423748	-7.2221285e-17	-9.417892e-17	5.758916e-17	-1.6780413e-17	0	-1.8851117e-17
4.700009999972496e-09	1.2289617e-08	2.928267e-09	0.00030262998	0.06427249	-7.222166e-17	-9.416595e-17	5.758112e-17	-1.6785711e-17	0	-1.8851122e-17
4.710009999972375e-09	1.2031688e-08	2.7006815e-09	0.00030391297	0.06430721	-7.2222026e-17	-9.415307e-17	5.757314e-17	-1.6790969e-17	0	-1.8851125e-17
4.720009999972254e-09	1.256272e-08	3.3682654e-09	0.00030521947	0.064341776	-7.2222364e-17	-9.414029e-17	5.756522e-17	-1.679619e-17	0	-1.8851127e-17
4.730009999972133e-09	1.2395824e-08	3.1255076e-09	0.00030646822	0.0643762	-7.222273e-17	-9.412759e-17	5.755736e-17	-1.6801367e-17	0	-1.8851132e-17
4.740009999972012e-09	1.2911684e-08	3.9448156e-09	0.00030770557	0.06441032	-7.2223065e-17	-9.411496e-17	5.754954e-17	-1.6806507e-17	0	-1.8851137e-17
4.750009999971891e-09	1.40192675e-08	3.3986103e-09	0.00030888754	0.0644441	-7.22234e-17	-9.4102436e-17	5.754178e-17	-1.6811609e-17	0	-1.8851142e-17
4.76000999997177e-09	1.5157195e-08	2.0634419e-09	0.0003100977	0.06447753	-7.2223733e-17	-9.408999e-17	5.753407e-17	-1.6816674e-17	0	-1.8851143e-17
4.770009999971649e-09	1.3093753e-08	9.10342e-10	0.00031133066	0.06451053	-7.2224064e-17	-9.4077633e-17	5.7526415e-17	-1.6821699e-17	0	-1.8851148e-17
4.780009999971528e-09	1.2410997e-08	8.4965257e-10	0.00031254106	0.06454305	-7.2224375e-17	-9.4065345e-17	5.751881e-17	-1.682669e-17	0	-1.8851152e-17
4.790009999971407e-09	1.40192675e-08	8.4965257e-10	0.0003137063	0.06457511	-7.222469e-17	-9.405316e-17	5.751127e-17	-1.6831638e-17	0	-1.8851157e-17
4.800009999971286e-09	1.512685e-08	1.0317209e-09	0.00031486983	0.06460675	-7.222502e-17	-9.4041045e-17	5.750375e-17	-1.683656e-17	0	-1.8851162e-17
4.810009999971165e-09	1.4170991e-08	3.1558525e-09	0.0003159938	0.064638	-7.2225315e-17	-9.4029e-17	5.749629e-17	-1.6841442e-17	0	-1.8851165e-17
4.820009999971044e-09	1.0969622e-08	1.3958578e-09	0.0003171537	0.06466894	-7.222562e-17	-9.4017064e-17	5.7488894e-17	-1.6846284e-17	0	-1.8851168e-17
4.830009999970923e-09	1.1530999e-08	1.7296499e-09	0.00031829538	0.06469974	-7.222592e-17	-9.400519e-17	5.7481535e-17	-1.685109e-17	0	-1.885117e-17
4.840009999970802e-09	1.3382028e-08	8.799973e-10	0.0003194315	0.064730495	-7.222621e-17	-9.399339e-17	5.747423e-17	-1.6855868e-17	0	-1.8851175e-17
4.850009999970681e-09	1.3685475e-08	5.7655e-10	0.00032053533	0.06476096	-7.2226486e-17	-9.3981674e-17	5.746697e-17	-1.6860603e-17	0	-1.8851178e-17
4.86000999997056e-09	1.2016515e-08	1.3351683e-09	0.00032158938	0.06479113	-7.222678e-17	-9.397004e-17	5.7459764e-17	-1.6865313e-17	0	-1.8851185e-17
4.870009999970439e-09	1.2517203e-08	2.7006815e-09	0.00032256817	0.06482103	-7.222704e-17	-9.395847e-17	5.7452604e-17	-1.6869983e-17	0	-1.8851188e-17
4.880009999970318e-09	1.4717196e-08	3.307576e-09	0.00032361032	0.06485079	-7.222732e-17	-9.394701e-17	5.744549e-17	-1.6874612e-17	0	-1.8851191e-17
4.890009999970197e-09	1.3958578e-08	2.8827498e-09	0.0003246639	0.06488039	-7.2227585e-17	-9.393561e-17	5.743843e-17	-1.6879214e-17	0	-1.8851193e-17
4.900009999970076e-09	1.3199959e-08	1.1531e-09	0.00032571165	0.064909816	-7.222785e-17	-9.3924294e-17	5.7431415e-17	-1.6883774e-17	0	-1.8851196e-17
4.910009999969955e-09	1.1546171e-08	5.1586047e-09	0.00032672394	0.06493898	-7.222811e-17	-9.391306e-17	5.7424446e-17	-1.6888302e-17	0	-1.8851201e-17
4.920009999969834e-09	1.2031688e-08	5.0372257e-09	0.00032770494	0.06496794	-7.222836e-17	-9.39019e-17	5.741755e-17	-1.6892793e-17	0	-1.8851205e-17
4.930009999969713e-09	1.3290994e-08	6.7972206e-09	0.0003286791	0.064996704	-7.222861e-17	-9.389082e-17	5.7410676e-17	-1.6897255e-17	0	-1.885121e-17
4.940009999969592e-09	1.492961e-08	4.55171e-09	0.00032968778	0.065025166	-7.222885e-17	-9.387982e-17	5.740385e-17	-1.6901677e-17	0	-1.8851213e-17
4.950009999969471e-09	1.4231681e-08	5.4923968e-09	0.0003305998	0.065053366	-7.2229093e-17	-9.386889e-17	5.7397083e-17	-1.6906065e-17	0	-1.8851215e-17
4.96000999996935e-09	1.4686852e-08	4.7337787e-09	0.00033149534	0.06508126	-7.222932e-17	-9.385805e-17	5.739037e-17	-1.6910417e-17	0	-1.8851218e-17
4.970009999969229e-09	1.5263401e-08	7.404115e-09	0.00033242293	0.06510888	-7.222956e-17	-9.38473e-17	5.7383696e-17	-1.6914738e-17	0	-1.8851223e-17
4.980009999969108e-09	1.6340639e-08	4.369642e-09	0.0003333311	0.06513623	-7.2229775e-17	-9.3836606e-17	5.737708e-17	-1.6919023e-17	0	-1.8851226e-17
4.990009999968987e-09	1.4838575e-08	1.608271e-09	0.0003342298	0.06516327	-7.223e-17	-9.3826005e-17	5.7370514e-17	-1.6923275e-17	0	-1.885123e-17
5.000009999968866e-09	1.4793058e-08	3.3986103e-09	0.0003350696	0.06519007	-7.2230225e-17	-9.381549e-17	5.736398e-17	-1.6927489e-17	0	-1.8851234e-17
5.010009999968745e-09	1.43985766e-08	4.9765365e-09	0.00033596138	0.065216556	-7.223043e-17	-9.380504e-17	5.735752e-17	-1.6931667e-17	0	-1.8851236e-17
5.020009999968624e-09	1.6006847e-08	5.0372257e-09	0.00033680713	0.065242745	-7.223066e-17	-9.3794704e-17	5.735109e-17	-1.6935808e-17	0	-1.885124e-17
5.030009999968503e-09	1.6431674e-08	2.7917155e-09	0.00033760825	0.06526865	-7.223084e-17	-9.378441e-17	5.734473e-17	-1.6939921e-17	0	-1.8851244e-17
5.040009999968382e-09	1.3988923e-08	3.2772314e-09	0.00033852077	0.065294236	-7.223106e-17	-9.3774223e-17	5.7338406e-17	-1.6943994e-17	0	-1.8851248e-17
5.050009999968261e-09	1.781236e-08	5.7654996e-09	0.00033941993	0.06531953	-7.223126e-17	-9.3764105e-17	5.733214e-17	-1.6948036e-17	0	-1.8851253e-17
5.06000999996814e-09	1.7129603e-08	6.372394e-09	0.0003402441	0.06534464	-7.2231456e-17	-9.375408e-17	5.732592e-17	-1.6952038e-17	0	-1.8851254e-17
5.070009999968019e-09	1.3837199e-08	6.5544628e-09	0.00034109765	0.06536953	-7.2231635e-17	-9.374413e-17	5.731976e-17	-1.6956003e-17	0	-1.8851258e-17
5.080009999967898e-09	8.466181e-09	6.068947e-09	0.00034188648	0.06539413	-7.223183e-17	-9.3734274e-17	5.731364e-17	-1.6959937e-17	0	-1.8851261e-17
5.090009999967777e-09	1.0817898e-08	3.5806786e-09	0.0003426008	0.0654184	-7.223201e-17	-9.37245e-17	5.730758e-17	-1.696383e-17	0	-1.8851264e-17
5.100009999967656e-09	1.5263401e-08	2.852405e-09	0.00034330285	0.06544236	-7.22322e-17	-9.371481e-17	5.730157e-17	-1.6967693e-17	0	-1.8851269e-17
5.110009999967535e-09	1.7675807e-08	6.068947e-09	0.00034402043	0.06546602	-7.223236e-17	-9.37052e-17	5.729562e-17	-1.6971514e-17	0	-1.885127e-17
5.120009999967414e-09	1.7554429e-08	4.3089523e-09	0.00034477032	0.0654895	-7.223254e-17	-9.3695674e-17	5.728971e-17	-1.6975306e-17	0	-1.8851274e-17
5.130009999967293e-09	1.4368232e-08	3.8234367e-09	0.00034549326	0.06551275	-7.223271e-17	-9.3686225e-17	5.728385e-17	-1.697906e-17	0	-1.8851277e-17
5.140009999967172e-09	1.30330635e-08	2.9130944e-09	0.00034621984	0.06553576	-7.223288e-17	-9.367688e-17	5.7278055e-17	-1.6982774e-17	0	-1.8851279e-17
5.150009999967051e-09	1.4686852e-08	4.1268837e-09	0.0003469248	0.06555865	-7.223304e-17	-9.36676e-17	5.7272305e-17	-1.6986458e-17	0	-1.8851282e-17
5.1600099999669296e-09	1.1925481e-08	6.736531e-09	0.00034766132	0.065581344	-7.2233196e-17	-9.365842e-17	5.7266614e-17	-1.6990106e-17	0	-1.8851287e-17
5.1700099999668086e-09	1.5035816e-08	1.5172368e-09	0.00034833763	0.0656038	-7.223336e-17	-9.364932e-17	5.726097e-17	-1.6993716e-17	0	-1.885129e-17
5.1800099999666876e-09	1.9314424e-08	4.0661945e-09	0.00034896322	0.065626055	-7.223351e-17	-9.36403e-17	5.725538e-17	-1.6997291e-17	0	-1.8851294e-17
5.1900099999665665e-09	1.8297875e-08	7.282736e-09	0.00034960898	0.06564814	-7.223367e-17	-9.363138e-17	5.724984e-17	-1.7000833e-17	0	-1.8851296e-17
5.2000099999664455e-09	1.6810983e-08	6.068947e-09	0.0003502302	0.065670006	-7.22338e-17	-9.3622525e-17	5.724436e-17	-1.7004334e-17	0	-1.8851299e-17
5.2100099999663245e-09	1.7584775e-08	6.068947e-09	0.0003508128	0.06569161	-7.2233944e-17	-9.361377e-17	5.7238926e-17	-1.7007806e-17	0	-1.8851299e-17
5.2200099999662035e-09	1.9708905e-08	6.068947e-09	0.00035135658	0.065712914	-7.223408e-17	-9.3605075e-17	5.723354e-17	-1.7011242e-17	0	-1.8851304e-17
5.2300099999660825e-09	1.9208217e-08	1.0195831e-08	0.0003518791	0.065734	-7.223422e-17	-9.359649e-17	5.722821e-17	-1.701464e-17	0	-1.8851307e-17
5.2400099999659615e-09	1.6902018e-08	7.1613573e-09	0.00035241136	0.0657548	-7.223436e-17	-9.358798e-17	5.722294e-17	-1.7018007e-17	0	-1.8851309e-17
5.2500099999658405e-09	1.7797186e-08	4.1875734e-09	0.00035287745	0.06577532	-7.22345e-17	-9.357955e-17	5.7217704e-17	-1.7021339e-17	0	-1.8851314e-17
5.2600099999657195e-09	1.769098e-08	5.70481e-09	0.00035337632	0.06579557	-7.2234626e-17	-9.3571214e-17	5.7212536e-17	-1.7024633e-17	0	-1.8851314e-17
5.2700099999655985e-09	1.4307543e-08	8.314458e-09	0.00035389533	0.065815605	-7.223475e-17	-9.356296e-17	5.720742e-17	-1.7027895e-17	0	-1.8851315e-17
5.2800099999654775e-09	1.4140646e-08	7.828942e-09	0.00035439385	0.06583536	-7.223489e-17	-9.3554776e-17	5.7202345e-17	-1.7031126e-17	0	-1.885132e-17
5.2900099999653565e-09	1.3245477e-08	2.6096472e-09	0.00035489647	0.065854944	-7.223501e-17	-9.3546696e-17	5.719733e-17	-1.7034322e-17	0	-1.8851322e-17
5.3000099999652354e-09	1.596133e-08	4.369642e-09	0.00035543783	0.065874405	-7.223512e-17	-9.3538676e-17	5.719235e-17	-1.703748e-17	0	-1.8851324e-17
5.3100099999651144e-09	1.7660636e-08	7.1613573e-09	0.00035594968	0.06589369	-7.2235254e-17	-9.353076e-17	5.718744e-17	-1.704061e-17	0	-1.8851325e-17
5.3200099999649934e-09	1.7266155e-08	7.525494e-09	0.00035644672	0.06591271	-7.2235373e-17	-9.3522906e-17	5.7182566e-17	-1.7043707e-17	0	-1.8851329e-17
5.330009999964872e-09	1.6295122e-08	4.55171e-09	0.0003568434	0.06593159	-7.2235486e-17	-9.351514e-17	5.7177755e-17	-1.7046768e-17	0	-1.885133e-17
5.340009999964751e-09	1.9921318e-08	5.1586047e-09	0.00035721943	0.06595028	-7.22356e-17	-9.3507435e-17	5.717298e-17	-1.7049805e-17	0	-1.8851332e-17
5.35000999996463e-09	2.0103387e-08	4.794468e-09	0.0003575934	0.06596872	-7.2235724e-17	-9.349983e-17	5.716825e-17	-1.7052805e-17	0	-1.8851334e-17
5.360009999964509e-09	1.6613741e-08	7.707563e-09	0.00035792743	0.06598693	-7.2235823e-17	-9.349229e-17	5.716358e-17	-1.7055771e-17	0	-1.8851337e-17
5.370009999964388e-09	2.0103387e-08	6.7972206e-09	0.00035826935	0.0660049	-7.2235936e-17	-9.348484e-17	5.715895e-17	-1.7058711e-17	0	-1.8851337e-17
5.380009999964267e-09	2.0088214e-08	4.915847e-09	0.00035857377	0.066022605	-7.223605e-17	-9.3477464e-17	5.715437e-17	-1.706162e-17	0	-1.8851339e-17
5.390009999964146e-09	1.4428921e-08	5.3406732e-09	0.0003588753	0.06604004	-7.223615e-17	-9.347015e-17	5.714984e-17	-1.7064495e-17	0	-1.885134e-17
5.400009999964025e-09	1.5111677e-08	5.462052e-09	0.00035919595	0.06605719	-7.223624e-17	-9.346292e-17	5.7145356e-17	-1.706734e-17	0	-1.885134e-17
5.410009999963904e-09	1.1864791e-08	4.673089e-09	0.0003595511	0.06607414	-7.223636e-17	-9.345577e-17	5.7140915e-17	-1.707016e-17	0	-1.8851342e-17
5.420009999963783e-09	1.7068913e-08	3.5199892e-09	0.0003598604	0.06609093	-7.223645e-17	-9.3448685e-17	5.713652e-17	-1.7072947e-17	0	-1.8851344e-17
5.430009999963662e-09	1.8555806e-08	9.10342e-09	0.00036015533	0.06610749	-7.223656e-17	-9.344167e-17	5.7132174e-17	-1.7075713e-17	0	-1.8851344e-17
5.440009999963541e-09	2.294062e-08	1.21985835e-08	0.00036039203	0.0661239	-7.223666e-17	-9.343472e-17	5.712786e-17	-1.7078446e-17	0	-1.8851349e-17
5.45000999996342e-09	1.8343393e-08	9.2248e-09	0.00036059474	0.06614016	-7.223676e-17	-9.342785e-17	5.712359e-17	-1.7081152e-17	0	-1.8851349e-17
5.460009999963299e-09	1.8358564e-08	8.557215e-09	0.00036080254	0.06615621	-7.2236856e-17	-9.3421044e-17	5.711937e-17	-1.7083832e-17	0	-1.8851349e-17
5.470009999963178e-09	2.1878554e-08	5.462052e-09	0.00036107516	0.066172026	-7.223694e-17	-9.3414294e-17	5.711519e-17	-1.7086486e-17	0	-1.8851349e-17
5.480009999963057e-09	1.8343393e-08	2.731026e-09	0.00036133392	0.066187695	-7.223704e-17	-9.340763e-17	5.711105e-17	-1.7089111e-17	0	-1.885135e-17
5.490009999962936e-09	1.5081334e-08	4.430331e-09	0.00036149792	0.06620319	-7.223714e-17	-9.340103e-17	5.7106955e-17	-1.7091714e-17	0	-1.885135e-17
5.500009999962815e-09	1.8282703e-08	9.042731e-09	0.00036164795	0.06621853	-7.2237246e-17	-9.339449e-17	5.710289e-17	-1.7094295e-17	0	-1.8851352e-17
5.510009999962694e-09	1.7584775e-08	8.678594e-09	0.0003617527	0.06623375	-7.223733e-17	-9.3388e-17	5.709887e-17	-1.7096844e-17	0	-1.8851352e-17
5.520009999962573e-09	1.8343393e-08	5.462052e-09	0.0003618436	0.06624887	-7.223744e-17	-9.338159e-17	5.7094884e-17	-1.7099377e-17	0	-1.8851352e-17
5.530009999962452e-09	2.0619247e-08	5.9475678e-09	0.0003619015	0.06626383	-7.2237524e-17	-9.337522e-17	5.7090934e-17	-1.7101883e-17	0	-1.8851355e-17
5.540009999962331e-09	2.4639924e-08	1.0802726e-08	0.00036199568	0.06627856	-7.223761e-17	-9.336892e-17	5.708703e-17	-1.7104368e-17	0	-1.8851355e-17
5.55000999996221e-09	2.178752e-08	1.0013762e-08	0.00036202677	0.06629315	-7.2237716e-17	-9.336268e-17	5.708315e-17	-1.7106831e-17	0	-1.8851355e-17
5.560009999962089e-09	1.6401328e-08	7.404115e-09	0.00036214085	0.06630761	-7.2237795e-17	-9.335648e-17	5.707931e-17	-1.7109275e-17	0	-1.8851355e-17
5.570009999961968e-09	2.0452351e-08	6.85791e-09	0.0003622654	0.0663219	-7.22379e-17	-9.335035e-17	5.70755e-17	-1.7111697e-17	0	-1.8851355e-17
5.580009999961847e-09	2.3441308e-08	2.6096472e-09	0.00036237197	0.06633611	-7.2237994e-17	-9.334427e-17	5.7071723e-17	-1.71141e-17	0	-1.8851352e-17
5.590009999961726e-09	2.1302004e-08	2.9130944e-09	0.00036244417	0.06635014	-7.223809e-17	-9.333823e-17	5.706798e-17	-1.7116486e-17	0	-1.8851352e-17
5.600009999961605e-09	2.0725453e-08	2.3668894e-09	0.00036245937	0.06636398	-7.223818e-17	-9.3332244e-17	5.706426e-17	-1.7118854e-17	0	-1.8851352e-17
5.610009999961484e-09	2.172683e-08	7.0399784e-09	0.0003624152	0.066377655	-7.223829e-17	-9.332631e-17	5.706057e-17	-1.7121201e-17	0	-1.8851352e-17
5.620009999961363e-09	1.75696e-08	7.1613573e-09	0.00036236548	0.06639118	-7.223837e-17	-9.3320406e-17	5.705692e-17	-1.7123532e-17	0	-1.885135e-17
5.630009999961242e-09	1.538478e-08	6.068947e-10	0.00036229476	0.066404566	-7.223848e-17	-9.331456e-17	5.705329e-17	-1.712585e-17	0	-1.8851349e-17
5.640009999961121e-09	2.0786143e-08	6.190326e-09	0.00036219085	0.06641778	-7.2238576e-17	-9.3308766e-17	5.704969e-17	-1.712815e-17	0	-1.8851352e-17
5.650009999961e-09	2.5762679e-08	1.820684e-09	0.00036215325	0.06643085	-7.2238676e-17	-9.330301e-17	5.704611e-17	-1.7130434e-17	0	-1.8851349e-17
5.660009999960879e-09	2.9601289e-08	8.617905e-09	0.00036212956	0.066443756	-7.223878e-17	-9.329728e-17	5.7042554e-17	-1.7132707e-17	0	-1.8851349e-17
5.670009999960758e-09	2.3122688e-08	9.710315e-09	0.0003620185	0.06645653	-7.223888e-17	-9.32916e-17	5.703903e-17	-1.7134962e-17	0	-1.8851349e-17
5.680009999960637e-09	2.236407e-08	4.369642e-09	0.00036194373	0.06646905	-7.223897e-17	-9.328594e-17	5.703552e-17	-1.7137209e-17	0	-1.8851347e-17
5.690009999960516e-09	2.7219226e-08	9.588936e-09	0.00036186556	0.066481516	-7.223908e-17	-9.3280324e-17	5.703203e-17	-1.7139447e-17	0	-1.8851344e-17
5.700009999960395e-09	2.6839917e-08	1.0013762e-08	0.00036175488	0.06649387	-7.223919e-17	-9.3274745e-17	5.7028564e-17	-1.7141675e-17	0	-1.8851342e-17
5.710009999960274e-09	2.4821993e-08	8.2537674e-09	0.00036155386	0.06650619	-7.2239304e-17	-9.326919e-17	5.702512e-17	-1.714389e-17	0	-1.8851342e-17
5.720009999960153e-09	2.6157162e-08	9.831694e-09	0.00036135802	0.06651839	-7.223941e-17	-9.326366e-17	5.702169e-17	-1.7146096e-17	0	-1.885134e-17
5.730009999960032e-09	2.2515794e-08	1.15916885e-08	0.00036115514	0.06653045	-7.223953e-17	-9.325816e-17	5.701827e-17	-1.7148293e-17	0	-1.8851339e-17
5.740009999959911e-09	2.4639924e-08	9.467557e-09	0.0003609679	0.06654236	-7.223963e-17	-9.325266e-17	5.701486e-17	-1.7150487e-17	0	-1.8851337e-17
5.75000999995979e-09	2.8296466e-08	8.739284e-09	0.00036076005	0.066554084	-7.2239754e-17	-9.3247223e-17	5.701147e-17	-1.715267e-17	0	-1.8851334e-17
5.760009999959669e-09	2.4078547e-08	5.462052e-09	0.00036054393	0.06656572	-7.223987e-17	-9.324178e-17	5.7008097e-17	-1.7154856e-17	0	-1.8851332e-17
5.770009999959548e-09	2.0164077e-08	1.18951355e-08	0.00036026386	0.06657719	-7.224e-17	-9.3236364e-17	5.700473e-17	-1.7157033e-17	0	-1.885133e-17
5.780009999959427e-09	2.602061e-08	9.710315e-09	0.0003599444	0.06658853	-7.2240105e-17	-9.323095e-17	5.7001373e-17	-1.7159205e-17	0	-1.8851325e-17
5.790009999959306e-09	3.075439e-08	1.0195831e-08	0.0003596663	0.06659969	-7.2240244e-17	-9.3225565e-17	5.6998025e-17	-1.7161379e-17	0	-1.8851324e-17
5.800009999959185e-09	3.6626094e-08	4.491021e-09	0.0003594335	0.06661072	-7.2240376e-17	-9.322019e-17	5.699468e-17	-1.7163546e-17	0	-1.885132e-17
5.810009999959064e-09	2.498889e-08	4.6124e-09	0.00035913818	0.06662158	-7.22405e-17	-9.321482e-17	5.699135e-17	-1.7165717e-17	0	-1.885132e-17
5.820009999958943e-09	2.397234e-08	1.4565472e-09	0.00035878242	0.06663236	-7.224063e-17	-9.3209444e-17	5.698802e-17	-1.7167889e-17	0	-1.8851314e-17
5.830009999958822e-09	2.7568191e-08	5.70481e-09	0.00035843614	0.06664297	-7.224077e-17	-9.3204084e-17	5.6984684e-17	-1.7170061e-17	0	-1.8851309e-17
5.840009999958701e-09	3.3030243e-08	-3.216542e-09	0.00035809152	0.06665354	-7.224091e-17	-9.319873e-17	5.698136e-17	-1.7172236e-17	0	-1.8851307e-17
5.85000999995858e-09	2.9449565e-08	3.641368e-10	0.0003577109	0.066664	-7.224106e-17	-9.319337e-17	5.6978034e-17	-1.7174415e-17	0	-1.8851304e-17
5.860009999958459e-09	2.3486825e-08	3.0344736e-09	0.0003573595	0.06667443	-7.2241203e-17	-9.318799e-17	5.6974685e-17	-1.7176602e-17	0	-1.8851299e-17
5.870009999958338e-09	2.5656473e-08	4.2482626e-09	0.00035698758	0.0666848	-7.224137e-17	-9.318263e-17	5.697135e-17	-1.7178793e-17	0	-1.8851296e-17
5.880009999958217e-09	2.5368198e-08	-1.2137893e-10	0.0003565619	0.06669505	-7.224152e-17	-9.317726e-17	5.6968015e-17	-1.7180993e-17	0	-1.885129e-17
5.890009999958096e-09	3.3485414e-08	5.4620525e-10	0.00035614122	0.06670518	-7.2241686e-17	-9.317188e-17	5.6964666e-17	-1.7183195e-17	0	-1.8851286e-17
5.900009999957975e-09	3.641368e-08	3.3379208e-09	0.00035568254	0.06671521	-7.224183e-17	-9.316647e-17	5.696132e-17	-1.7185415e-17	0	-1.885128e-17
5.910009999957854e-09	3.7020577e-08	4.491021e-09	0.00035525236	0.06672516	-7.2242004e-17	-9.316103e-17	5.695794e-17	-1.7187645e-17	0	-1.8851279e-17
5.920009999957733e-09	3.3227483e-08	5.1586047e-09	0.0003547348	0.06673504	-7.224219e-17	-9.315559e-17	5.6954555e-17	-1.7189885e-17	0	-1.885127e-17
5.930009999957612e-09	3.1558525e-08	4.3089523e-09	0.00035420098	0.066744864	-7.224236e-17	-9.3150126e-17	5.695117e-17	-1.7192143e-17	0	-1.8851264e-17
5.940009999957491e-09	3.262059e-08	8.2537674e-09	0.0003536549	0.066754624	-7.224256e-17	-9.3144646e-17	5.694775e-17	-1.719441e-17	0	-1.8851258e-17
5.95000999995737e-09	2.5095096e-08	5.70481e-09	0.00035316846	0.066764265	-7.224275e-17	-9.3139134e-17	5.694433e-17	-1.7196698e-17	0	-1.8851253e-17
5.960009999957249e-09	3.1376455e-08	3.884126e-09	0.00035266965	0.066773795	-7.2242944e-17	-9.3133575e-17	5.6940877e-17	-1.7198999e-17	0	-1.8851246e-17
5.970009999957128e-09	3.7521264e-08	5.0372257e-09	0.0003521271	0.06678321	-7.224315e-17	-9.312801e-17	5.6937416e-17	-1.720132e-17	0	-1.885124e-17
5.980009999957007e-09	3.7961264e-08	1.820684e-09	0.000351594	0.06679258	-7.2243354e-17	-9.312238e-17	5.693392e-17	-1.7203668e-17	0	-1.8851234e-17
5.990009999956886e-09	2.979853e-08	1.8813735e-09	0.0003510046	0.066801816	-7.2243566e-17	-9.3116714e-17	5.69304e-17	-1.720603e-17	0	-1.8851226e-17
6.000009999956765e-09	3.4046792e-08	2.731026e-09	0.00035042997	0.06681097	-7.2243804e-17	-9.3111017e-17	5.6926854e-17	-1.720842e-17	0	-1.8851218e-17
6.010009999956644e-09	3.6474372e-08	4.915847e-09	0.00034981896	0.06682011	-7.224403e-17	-9.3105266e-17	5.6923274e-17	-1.7210838e-17	0	-1.885121e-17
6.020009999956523e-09	3.8674365e-08	8.617905e-09	0.0003491885	0.06682923	-7.224427e-17	-9.3099456e-17	5.691967e-17	-1.7213278e-17	0	-1.8851201e-17
6.030009999956402e-09	3.550334e-08	4.6124e-09	0.00034857483	0.06683837	-7.224452e-17	-9.309361e-17	5.6916035e-17	-1.7215748e-17	0	-1.8851195e-17
6.040009999956281e-09	3.4653688e-08	-1.942063e-09	0.00034795373	0.06684757	-7.224477e-17	-9.3087697e-17	5.6912355e-17	-1.721825e-17	0	-1.8851185e-17
6.05000999995616e-09	3.416817e-08	-3.0344735e-10	0.0003472909	0.066856764	-7.224503e-17	-9.3081715e-17	5.690864e-17	-1.722078e-17	0	-1.8851176e-17
6.060009999956039e-09	3.9812292e-08	4.430331e-09	0.0003466	0.06686595	-7.2245286e-17	-9.307566e-17	5.690488e-17	-1.7223346e-17	0	-1.8851167e-17
6.070009999955918e-09	4.0176428e-08	-1.820684e-09	0.00034586273	0.06687503	-7.224557e-17	-9.306953e-17	5.690107e-17	-1.7225952e-17	0	-1.8851158e-17
6.080009999955797e-09	3.9175053e-08	-3.5199892e-09	0.00034511965	0.0668841	-7.224586e-17	-9.306335e-17	5.689722e-17	-1.7228589e-17	0	-1.8851145e-17
6.090009999955676e-09	4.3954348e-08	-2.0634419e-09	0.0003444205	0.06689321	-7.224616e-17	-9.305709e-17	5.689333e-17	-1.7231264e-17	0	-1.8851135e-17
6.100009999955555e-09	4.025229e-08	3.216542e-09	0.0003437471	0.06690242	-7.224647e-17	-9.305074e-17	5.688938e-17	-1.7233985e-17	0	-1.8851125e-17
6.110009999955434e-09	2.9343358e-08	-4.491021e-09	0.0003430347	0.066911675	-7.224679e-17	-9.304431e-17	5.688538e-17	-1.7236747e-17	0	-1.8851114e-17
6.120009999955313e-09	3.8234365e-08	-6.766876e-09	0.00034229443	0.06692084	-7.224711e-17	-9.303778e-17	5.6881326e-17	-1.7239554e-17	0	-1.88511e-17
6.130009999955192e-09	4.2088146e-08	-9.042731e-09	0.00034153363	0.06693001	-7.224746e-17	-9.3031164e-17	5.6877204e-17	-1.7242406e-17	0	-1.8851089e-17
6.140009999955071e-09	4.0844014e-08	-9.7710044e-09	0.00034078228	0.06693909	-7.2247814e-17	-9.302443e-17	5.687302e-17	-1.7245315e-17	0	-1.8851079e-17
6.15000999995495e-09	3.5867476e-08	-1.5020644e-08	0.0003399676	0.06694815	-7.224817e-17	-9.301761e-17	5.686878e-17	-1.7248266e-17	0	-1.8851064e-17
6.160009999954829e-09	4.1815046e-08	-1.3230304e-08	0.00033915485	0.066957146	-7.2248536e-17	-9.301068e-17	5.6864465e-17	-1.7251278e-17	0	-1.8851049e-17
6.170009999954708e-09	4.3286764e-08	-7.889631e-09	0.00033840837	0.06696597	-7.224893e-17	-9.300363e-17	5.686008e-17	-1.7254342e-17	0	-1.8851036e-17
6.180009999954587e-09	4.6700546e-08	-1.2259273e-08	0.00033760737	0.066974744	-7.2249336e-17	-9.299647e-17	5.6855624e-17	-1.7257466e-17	0	-1.8851021e-17
6.1900099999544656e-09	4.736813e-08	-1.6325467e-08	0.00033679305	0.066983506	-7.2249746e-17	-9.298917e-17	5.685108e-17	-1.7260652e-17	0	-1.8851006e-17
6.2000099999543446e-09	4.1693664e-08	-1.9572354e-08	0.00033599147	0.0669921	-7.2250177e-17	-9.298174e-17	5.6846466e-17	-1.7263903e-17	0	-1.8850993e-17
6.2100099999542236e-09	4.075298e-08	-1.1348931e-08	0.000335135	0.06700049	-7.2250613e-17	-9.2974194e-17	5.684177e-17	-1.726721e-17	0	-1.8850976e-17
6.2200099999541025e-09	3.2681278e-08	-1.8328219e-08	0.00033426256	0.06700871	-7.225107e-17	-9.2966485e-17	5.683697e-17	-1.7270593e-17	0	-1.885096e-17
6.2300099999539815e-09	3.787023e-08	-1.3442717e-08	0.00033336895	0.0670168	-7.2251546e-17	-9.2958657e-17	5.683209e-17	-1.7274046e-17	0	-1.8850938e-17
6.2400099999538605e-09	4.533503e-08	-2.172683e-08	0.0003325681	0.067024745	-7.225202e-17	-9.295065e-17	5.6827116e-17	-1.727757e-17	0	-1.8850922e-17
6.2500099999537395e-09	4.5152966e-08	-2.3183377e-08	0.00033173058	0.06703267	-7.225253e-17	-9.29425e-17	5.682205e-17	-1.7281176e-17	0	-1.8850907e-17
6.2600099999536185e-09	4.037367e-08	-1.4838575e-08	0.0003308586	0.067040466	-7.225305e-17	-9.2934165e-17	5.681686e-17	-1.7284855e-17	0	-1.8850885e-17
6.2700099999534975e-09	4.597227e-08	-2.005787e-08	0.0003300098	0.067048244	-7.2253585e-17	-9.292568e-17	5.681158e-17	-1.7288617e-17	0	-1.8850867e-17
6.2800099999533765e-09	4.4121244e-08	-1.838891e-08	0.00032917774	0.067055926	-7.225414e-17	-9.291702e-17	5.68062e-17	-1.7292465e-17	0	-1.8850849e-17
6.2900099999532555e-09	4.7216407e-08	-1.3290994e-08	0.00032832517	0.067063704	-7.225471e-17	-9.290818e-17	5.680069e-17	-1.7296398e-17	0	-1.8850829e-17
6.3000099999531345e-09	4.301366e-08	-9.679971e-09	0.0003274061	0.06707153	-7.225532e-17	-9.289916e-17	5.679507e-17	-1.7300423e-17	0	-1.8850806e-17
6.3100099999530135e-09	4.4364e-08	-1.7964084e-08	0.0003264904	0.06707956	-7.225592e-17	-9.288992e-17	5.6789324e-17	-1.7304539e-17	0	-1.8850786e-17
6.3200099999528925e-09	4.057091e-08	-2.7795776e-08	0.00032560047	0.06708757	-7.225656e-17	-9.28805e-17	5.678345e-17	-1.7308756e-17	0	-1.8850763e-17
6.3300099999527714e-09	4.4151587e-08	-2.6005438e-08	0.0003247639	0.06709551	-7.2257204e-17	-9.287085e-17	5.677745e-17	-1.731307e-17	0	-1.885074e-17
6.3400099999526504e-09	4.3544695e-08	-2.8084052e-08	0.00032395564	0.06710344	-7.2257886e-17	-9.2861e-17	5.677133e-17	-1.7317483e-17	0	-1.8850718e-17
6.3500099999525294e-09	4.9947435e-08	-3.345507e-08	0.0003231208	0.06711131	-7.225858e-17	-9.285093e-17	5.676505e-17	-1.7322006e-17	0	-1.8850693e-17
6.3600099999524084e-09	4.299849e-08	-2.8493705e-08	0.00032229337	0.06711902	-7.2259295e-17	-9.2840634e-17	5.675864e-17	-1.7326633e-17	0	-1.8850669e-17
6.370009999952287e-09	3.4775066e-08	-4.1071598e-08	0.00032143862	0.06712677	-7.226004e-17	-9.2830106e-17	5.675208e-17	-1.7331373e-17	0	-1.8850644e-17
6.380009999952166e-09	3.993367e-08	-3.172542e-08	0.00032060547	0.06713434	-7.22608e-17	-9.2819326e-17	5.674538e-17	-1.7336232e-17	0	-1.8850619e-17
6.390009999952045e-09	5.082743e-08	-3.6444025e-08	0.00031974562	0.06714176	-7.2261585e-17	-9.280831e-17	5.6738515e-17	-1.7341203e-17	0	-1.8850591e-17
6.400009999951924e-09	4.75502e-08	-2.5793025e-08	0.00031889402	0.06714909	-7.22624e-17	-9.2797025e-17	5.6731494e-17	-1.73463e-17	0	-1.8850564e-17
6.410009999951803e-09	4.9128126e-08	-2.979853e-08	0.0003180558	0.06715628	-7.226323e-17	-9.2785485e-17	5.6724314e-17	-1.7351518e-17	0	-1.8850538e-17
6.420009999951682e-09	5.2708803e-08	-4.011574e-08	0.00031725445	0.067163445	-7.226409e-17	-9.277368e-17	5.671696e-17	-1.7356865e-17	0	-1.8850508e-17
6.430009999951561e-09	6.378463e-08	-4.5039172e-08	0.00031648297	0.06717053	-7.226497e-17	-9.276158e-17	5.670943e-17	-1.7362342e-17	0	-1.8850482e-17
6.44000999995144e-09	6.257084e-08	-4.860468e-08	0.0003157394	0.0671775	-7.226589e-17	-9.274922e-17	5.670173e-17	-1.7367954e-17	0	-1.8850454e-17
6.450009999951319e-09	5.313363e-08	-4.8369508e-08	0.0003149798	0.06718446	-7.226684e-17	-9.273656e-17	5.669385e-17	-1.7373705e-17	0	-1.8850422e-17
6.460009999951198e-09	5.0903292e-08	-5.271639e-08	0.00031423965	0.06719139	-7.226781e-17	-9.272361e-17	5.6685774e-17	-1.7379587e-17	0	-1.8850392e-17
6.470009999951077e-09	5.3740525e-08	-5.647155e-08	0.00031354558	0.067198366	-7.226881e-17	-9.271034e-17	5.667752e-17	-1.7385624e-17	0	-1.8850364e-17
6.480009999950956e-09	5.6805344e-08	-5.5217935e-08	0.0003128984	0.06720549	-7.2269824e-17	-9.2696765e-17	5.666907e-17	-1.7391802e-17	0	-1.8850333e-17
6.490009999950835e-09	5.4226042e-08	-6.1963945e-08	0.0003122648	0.06721284	-7.227089e-17	-9.268288e-17	5.666042e-17	-1.7398131e-17	0	-1.88503e-17
6.500009999950714e-09	5.0797084e-08	-6.053395e-08	0.00031158896	0.06722026	-7.2271974e-17	-9.266867e-17	5.665157e-17	-1.7404613e-17	0	-1.885027e-17
6.510009999950593e-09	5.390742e-08	-6.4490145e-08	0.00031095147	0.06722789	-7.2273086e-17	-9.265411e-17	5.6642516e-17	-1.741125e-17	0	-1.8850237e-17
6.520009999950472e-09	6.287429e-08	-6.527911e-08	0.000310364	0.06723568	-7.227422e-17	-9.263921e-17	5.6633245e-17	-1.7418043e-17	0	-1.8850205e-17
6.530009999950351e-09	5.8808094e-08	-7.178806e-08	0.00030976487	0.06724358	-7.227542e-17	-9.2624006e-17	5.662376e-17	-1.7425003e-17	0	-1.8850172e-17
6.54000999995023e-09	6.3359806e-08	-7.2979084e-08	0.0003092206	0.06725116	-7.2276627e-17	-9.2608415e-17	5.6614054e-17	-1.7432123e-17	0	-1.8850141e-17
6.550009999950109e-09	6.505911e-08	-7.120392e-08	0.00030868023	0.06725859	-7.227786e-17	-9.259249e-17	5.660414e-17	-1.7439407e-17	0	-1.8850108e-17
6.560009999949988e-09	5.7139136e-08	-7.733355e-08	0.00030820273	0.067266114	-7.227912e-17	-9.257619e-17	5.6594e-17	-1.7446859e-17	0	-1.8850073e-17
6.570009999949867e-09	5.4226042e-08	-7.730321e-08	0.0003077228	0.06727359	-7.2280445e-17	-9.255953e-17	5.6583614e-17	-1.7454485e-17	0	-1.8850038e-17
6.580009999949746e-09	5.273915e-08	-8.435836e-08	0.00030724626	0.067281045	-7.2281775e-17	-9.254249e-17	5.6573006e-17	-1.7462282e-17	0	-1.8850004e-17
6.590009999949625e-09	5.7677756e-08	-8.909214e-08	0.00030682556	0.06728812	-7.2283145e-17	-9.2525075e-17	5.656217e-17	-1.7470261e-17	0	-1.8849972e-17
6.600009999949504e-09	6.490739e-08	-8.396388e-08	0.00030645027	0.067295134	-7.2284554e-17	-9.250728e-17	5.655108e-17	-1.7478412e-17	0	-1.8849939e-17
6.610009999949383e-09	6.2525324e-08	-9.52066e-08	0.00030611307	0.067301854	-7.2285984e-17	-9.24891e-17	5.653977e-17	-1.7486742e-17	0	-1.8849904e-17
6.620009999949262e-09	6.439153e-08	-1.0335417e-07	0.00030581228	0.06730851	-7.228746e-17	-9.2470534e-17	5.6528206e-17	-1.7495255e-17	0	-1.884987e-17
6.630009999949141e-09	6.390601e-08	-1.1145621e-07	0.00030552852	0.06731544	-7.228896e-17	-9.2451575e-17	5.65164e-17	-1.7503947e-17	0	-1.884984e-17
6.64000999994902e-09	5.7715685e-08	-1.1033345e-07	0.0003052736	0.06732264	-7.229051e-17	-9.243222e-17	5.6504344e-17	-1.7512825e-17	0	-1.8849807e-17
6.650009999948899e-09	6.5210834e-08	-1.0896794e-07	0.00030507238	0.067329966	-7.2292085e-17	-9.241246e-17	5.649204e-17	-1.7521887e-17	0	-1.8849774e-17
6.660009999948778e-09	6.487704e-08	-1.14763786e-07	0.00030490922	0.06733749	-7.2293686e-17	-9.239229e-17	5.6479475e-17	-1.7531134e-17	0	-1.884974e-17
6.670009999948657e-09	5.3323284e-08	-1.2131825e-07	0.00030471527	0.06734502	-7.229532e-17	-9.2371735e-17	5.646668e-17	-1.7540563e-17	0	-1.8849707e-17
6.680009999948536e-09	6.238877e-08	-1.2608237e-07	0.000304557	0.06735271	-7.2297e-17	-9.235076e-17	5.645362e-17	-1.7550185e-17	0	-1.8849676e-17
6.690009999948415e-09	6.1357056e-08	-1.3554993e-07	0.0003044213	0.067360334	-7.229871e-17	-9.232938e-17	5.6440307e-17	-1.7559992e-17	0	-1.8849645e-17
6.700009999948294e-09	6.317774e-08	-1.3828095e-07	0.0003044067	0.06736801	-7.230044e-17	-9.2307586e-17	5.642674e-17	-1.7569983e-17	0	-1.8849613e-17
6.710009999948173e-09	6.700876e-08	-1.394644e-07	0.0003044152	0.06737601	-7.2302216e-17	-9.2285384e-17	5.641292e-17	-1.7580164e-17	0	-1.8849583e-17
6.720009999948052e-09	5.4499143e-08	-1.4195267e-07	0.00030442807	0.06738574	-7.230403e-17	-9.226279e-17	5.639884e-17	-1.759053e-17	0	-1.8849555e-17
6.730009999947931e-09	5.4893626e-08	-1.4844645e-07	0.00030442807	0.06739714	-7.230587e-17	-9.2239784e-17	5.6384515e-17	-1.760108e-17	0	-1.8849524e-17
6.74000999994781e-09	5.8383268e-08	-1.4717196e-07	0.00030446038	0.067410454	-7.230774e-17	-9.221637e-17	5.636994e-17	-1.7611813e-17	0	-1.8849497e-17
6.750009999947689e-09	6.13874e-08	-1.5415125e-07	0.00030454242	0.067425594	-7.2309634e-17	-9.219255e-17	5.6355114e-17	-1.762273e-17	0	-1.8849471e-17
6.760009999947568e-09	6.775979e-08	-1.544547e-07	0.00030462714	0.06744172	-7.231158e-17	-9.216834e-17	5.634003e-17	-1.763383e-17	0	-1.8849444e-17
6.770009999947447e-09	5.8929473e-08	-1.5876365e-07	0.00030473495	0.067459054	-7.231354e-17	-9.214371e-17	5.63247e-17	-1.7645109e-17	0	-1.884942e-17
6.780009999947326e-09	6.222188e-08	-1.6113054e-07	0.00030484612	0.06747776	-7.2315544e-17	-9.211871e-17	5.630913e-17	-1.7656566e-17	0	-1.8849395e-17
6.790009999947205e-09	5.8277063e-08	-1.7618153e-07	0.0003049818	0.06749767	-7.2317555e-17	-9.2093306e-17	5.629332e-17	-1.7668199e-17	0	-1.884937e-17
6.800009999947084e-09	6.3564634e-08	-1.8279668e-07	0.00030515465	0.06751889	-7.231961e-17	-9.206753e-17	5.627727e-17	-1.7680001e-17	0	-1.884935e-17
6.810009999946963e-09	6.736531e-08	-1.9299252e-07	0.00030535372	0.06754097	-7.232168e-17	-9.204135e-17	5.626098e-17	-1.7691977e-17	0	-1.8849327e-17
6.820009999946842e-09	6.626911e-08	-2.0070007e-07	0.0003055528	0.067563705	-7.232379e-17	-9.201483e-17	5.6244463e-17	-1.770412e-17	0	-1.8849307e-17
6.830009999946721e-09	6.5939105e-08	-2.0561592e-07	0.0003057482	0.06758709	-7.2325927e-17	-9.198794e-17	5.6227715e-17	-1.7716422e-17	0	-1.8849289e-17
6.8400099999466e-09	6.25405e-08	-2.063442e-07	0.00030596668	0.06761143	-7.2328084e-17	-9.196067e-17	5.621075e-17	-1.772889e-17	0	-1.8849269e-17
6.850009999946479e-09	6.586325e-08	-2.0294559e-07	0.00030621843	0.06763649	-7.2330274e-17	-9.1933065e-17	5.6193555e-17	-1.774151e-17	0	-1.8849254e-17
6.860009999946358e-09	7.516391e-08	-2.1884622e-07	0.0003064357	0.067662194	-7.233246e-17	-9.1905086e-17	5.617615e-17	-1.7754284e-17	0	-1.884924e-17
6.870009999946237e-09	7.5569766e-08	-2.218807e-07	0.00030665417	0.06768866	-7.23347e-17	-9.18768e-17	5.6158536e-17	-1.776721e-17	0	-1.8849224e-17
6.880009999946116e-09	6.979289e-08	-2.3705307e-07	0.00030685274	0.06771562	-7.233695e-17	-9.184819e-17	5.614072e-17	-1.7780274e-17	0	-1.8849213e-17
6.890009999945995e-09	7.5072876e-08	-2.4536752e-07	0.0003070659	0.067743525	-7.233922e-17	-9.1819245e-17	5.61227e-17	-1.7793477e-17	0	-1.8849203e-17
6.900009999945874e-09	8.068665e-08	-2.4445717e-07	0.00030727198	0.06777242	-7.234151e-17	-9.1790016e-17	5.6104504e-17	-1.7806818e-17	0	-1.884919e-17
6.910009999945753e-09	7.877493e-08	-2.553206e-07	0.00030747228	0.06780257	-7.2343813e-17	-9.176047e-17	5.608612e-17	-1.7820284e-17	0	-1.8849181e-17
6.920009999945632e-09	8.138458e-08	-2.6072195e-07	0.0003077194	0.06783374	-7.234615e-17	-9.173066e-17	5.606755e-17	-1.7833873e-17	0	-1.8849176e-17
6.930009999945511e-09	8.089906e-08	-2.6296746e-07	0.00030795488	0.06786476	-7.234849e-17	-9.170057e-17	5.604883e-17	-1.7847583e-17	0	-1.884917e-17
6.94000999994539e-09	7.2694604e-08	-2.7285986e-07	0.0003081656	0.06789642	-7.235084e-17	-9.167021e-17	5.602993e-17	-1.7861407e-17	0	-1.8849165e-17
6.950009999945269e-09	9.183644e-08	-2.8220603e-07	0.00030833745	0.06792932	-7.235321e-17	-9.16396e-17	5.601089e-17	-1.7875332e-17	0	-1.884916e-17
6.960009999945148e-09	9.291558e-08	-2.9343357e-07	0.00030845084	0.06796315	-7.235559e-17	-9.160877e-17	5.599169e-17	-1.788936e-17	0	-1.884916e-17
6.970009999945027e-09	8.802249e-08	-3.047825e-07	0.00030856614	0.06799705	-7.235801e-17	-9.157772e-17	5.5972354e-17	-1.7903486e-17	0	-1.8849157e-17
6.980009999944906e-09	8.766594e-08	-3.163742e-07	0.00030864528	0.06803093	-7.2360403e-17	-9.154644e-17	5.595289e-17	-1.7917693e-17	0	-1.8849157e-17
6.990009999944785e-09	9.9434004e-08	-3.1922661e-07	0.00030876277	0.068065375	-7.236282e-17	-9.151498e-17	5.593331e-17	-1.7931989e-17	0	-1.8849161e-17
7.000009999944664e-09	9.0609376e-08	-3.3178932e-07	0.00030885017	0.068100296	-7.236524e-17	-9.1483343e-17	5.591362e-17	-1.7946355e-17	0	-1.8849161e-17
7.010009999944543e-09	9.947004e-08	-3.370693e-07	0.00030890308	0.068135925	-7.236768e-17	-9.1451533e-17	5.589381e-17	-1.7960796e-17	0	-1.8849165e-17
7.020009999944422e-09	9.5494876e-08	-3.453231e-07	0.00030892104	0.06817215	-7.237011e-17	-9.141956e-17	5.587392e-17	-1.7975293e-17	0	-1.8849171e-17
7.030009999944301e-09	9.409902e-08	-3.5418375e-07	0.00030891036	0.06820912	-7.237256e-17	-9.1387463e-17	5.5853935e-17	-1.7989853e-17	0	-1.8849176e-17
7.04000999994418e-09	9.846866e-08	-3.567327e-07	0.00030888803	0.06824716	-7.2374995e-17	-9.135524e-17	5.583388e-17	-1.8004456e-17	0	-1.8849183e-17
7.050009999944059e-09	1.0863415e-07	-3.756678e-07	0.0003088288	0.06828618	-7.237744e-17	-9.132289e-17	5.5813754e-17	-1.8019106e-17	0	-1.884919e-17
7.060009999943938e-09	1.05963814e-07	-3.912043e-07	0.0003087385	0.06832545	-7.237989e-17	-9.129046e-17	5.5793564e-17	-1.803379e-17	0	-1.88492e-17
7.070009999943817e-09	1.1482447e-07	-4.0795462e-07	0.00030864237	0.06836534	-7.238234e-17	-9.125796e-17	5.5773334e-17	-1.8048497e-17	0	-1.8849211e-17
7.080009999943696e-09	1.218341e-07	-4.1111048e-07	0.00030851856	0.06840606	-7.238478e-17	-9.122539e-17	5.575306e-17	-1.806323e-17	0	-1.8849223e-17
7.090009999943575e-09	1.1670585e-07	-4.0904703e-07	0.0003083389	0.06844685	-7.238723e-17	-9.119277e-17	5.5732756e-17	-1.8077983e-17	0	-1.8849233e-17
7.100009999943454e-09	1.1364103e-07	-4.2494767e-07	0.0003081821	0.06848744	-7.238968e-17	-9.116013e-17	5.571243e-17	-1.8092738e-17	0	-1.8849246e-17
7.110009999943333e-09	1.2113618e-07	-4.2907453e-07	0.00030796215	0.068528466	-7.239212e-17	-9.1127464e-17	5.56921e-17	-1.8107496e-17	0	-1.8849259e-17
7.120009999943212e-09	1.1995273e-07	-4.345366e-07	0.0003077211	0.06857005	-7.2394556e-17	-9.1094794e-17	5.5671757e-17	-1.812225e-17	0	-1.8849272e-17
7.130009999943091e-09	1.2417065e-07	-4.431545e-07	0.00030743075	0.06861233	-7.239698e-17	-9.106213e-17	5.5651434e-17	-1.813699e-17	0	-1.8849289e-17
7.14000999994297e-09	1.3345614e-07	-4.565062e-07	0.0003071261	0.06865566	-7.239939e-17	-9.102949e-17	5.5631126e-17	-1.8151711e-17	0	-1.8849304e-17
7.150009999942849e-09	1.2860099e-07	-4.6136134e-07	0.0003067855	0.06869924	-7.2401796e-17	-9.099691e-17	5.561084e-17	-1.8166407e-17	0	-1.884932e-17
7.160009999942728e-09	1.3582303e-07	-4.7301373e-07	0.00030640946	0.06874306	-7.24042e-17	-9.0964384e-17	5.5590594e-17	-1.8181071e-17	0	-1.8849335e-17
7.170009999942607e-09	1.4274163e-07	-4.8587987e-07	0.00030604776	0.06878709	-7.24066e-17	-9.0931945e-17	5.557039e-17	-1.8195694e-17	0	-1.8849353e-17
7.180009999942486e-09	1.4953885e-07	-5.031157e-07	0.0003056715	0.06883088	-7.240896e-17	-9.0899566e-17	5.555025e-17	-1.8210274e-17	0	-1.884937e-17
7.190009999942365e-09	1.4799127e-07	-5.10884e-07	0.00030525104	0.06887454	-7.241134e-17	-9.086731e-17	5.553016e-17	-1.8224797e-17	0	-1.884939e-17
7.200009999942244e-09	1.4447129e-07	-5.1731706e-07	0.0003048403	0.068918854	-7.24137e-17	-9.0835185e-17	5.5510152e-17	-1.8239261e-17	0	-1.884941e-17
7.210009999942123e-09	1.5582022e-07	-5.273915e-07	0.00030436995	0.06896372	-7.241603e-17	-9.0803156e-17	5.5490224e-17	-1.8253664e-17	0	-1.8849428e-17
7.2200099999420016e-09	1.5712503e-07	-5.42928e-07	0.00030391102	0.06900883	-7.2418346e-17	-9.077129e-17	5.5470388e-17	-1.8267996e-17	0	-1.8849448e-17
7.2300099999418806e-09	1.5375677e-07	-5.5810034e-07	0.00030342306	0.06905495	-7.242067e-17	-9.07396e-17	5.5450648e-17	-1.8282247e-17	0	-1.884947e-17
7.2400099999417596e-09	1.5685194e-07	-5.7703545e-07	0.00030293633	0.06910168	-7.242297e-17	-9.070808e-17	5.5431017e-17	-1.8296416e-17	0	-1.8849489e-17
7.2500099999416386e-09	1.5794434e-07	-5.9099403e-07	0.00030238213	0.06914871	-7.2425235e-17	-9.067675e-17	5.5411512e-17	-1.831049e-17	0	-1.8849509e-17
7.2600099999415175e-09	1.669112e-07	-5.9572784e-07	0.00030182378	0.069195665	-7.242749e-17	-9.064562e-17	5.5392127e-17	-1.8324468e-17	0	-1.884953e-17
7.2700099999413965e-09	1.567609e-07	-6.021609e-07	0.00030124263	0.06924283	-7.242973e-17	-9.061469e-17	5.537287e-17	-1.833835e-17	0	-1.8849552e-17
7.2800099999412755e-09	1.6204088e-07	-6.139347e-07	0.00030066972	0.06928996	-7.2431945e-17	-9.058401e-17	5.535376e-17	-1.8352114e-17	0	-1.8849575e-17
7.2900099999411545e-09	1.6480226e-07	-6.2959253e-07	0.0003000258	0.0693369	-7.2434135e-17	-9.0553566e-17	5.5334803e-17	-1.8365774e-17	0	-1.8849595e-17
7.3000099999410335e-09	1.6807948e-07	-6.3711803e-07	0.00029939233	0.069384	-7.243632e-17	-9.0523384e-17	5.5315996e-17	-1.8379306e-17	0	-1.884962e-17
7.3100099999409125e-09	1.7484636e-07	-6.4937734e-07	0.00029880047	0.06943095	-7.2438456e-17	-9.049346e-17	5.5297365e-17	-1.839272e-17	0	-1.8849643e-17
7.3200099999407915e-09	1.7114431e-07	-6.622435e-07	0.0002982062	0.06947745	-7.2440594e-17	-9.046383e-17	5.5278902e-17	-1.8406001e-17	0	-1.8849663e-17
7.3300099999406705e-09	1.773498e-07	-6.629718e-07	0.0002976056	0.069523886	-7.2442685e-17	-9.0434485e-17	5.5260628e-17	-1.841914e-17	0	-1.8849688e-17
7.3400099999405495e-09	1.7994428e-07	-6.762021e-07	0.0002969764	0.06957009	-7.244476e-17	-9.0405434e-17	5.5242526e-17	-1.8432145e-17	0	-1.8849712e-17
7.3500099999404285e-09	1.7951945e-07	-6.839703e-07	0.0002963083	0.06961583	-7.2446834e-17	-9.037672e-17	5.5224632e-17	-1.8445003e-17	0	-1.8849737e-17
7.3600099999403074e-09	1.7542291e-07	-6.828779e-07	0.00029565627	0.069661506	-7.244885e-17	-9.0348326e-17	5.520694e-17	-1.8457708e-17	0	-1.8849759e-17
7.3700099999401864e-09	1.7803255e-07	-6.9210273e-07	0.0002949421	0.06970716	-7.245085e-17	-9.032027e-17	5.5189454e-17	-1.8470258e-17	0	-1.8849784e-17
7.3800099999400654e-09	1.8273599e-07	-6.9987095e-07	0.00029424974	0.06975231	-7.245282e-17	-9.0292554e-17	5.5172186e-17	-1.8482651e-17	0	-1.8849808e-17
7.3900099999399444e-09	1.8753046e-07	-6.991427e-07	0.00029359138	0.069797374	-7.245477e-17	-9.02652e-17	5.515514e-17	-1.8494875e-17	0	-1.8849833e-17
7.400009999939823e-09	1.881677e-07	-7.104309e-07	0.0002929301	0.069842175	-7.245669e-17	-9.0238205e-17	5.513832e-17	-1.8506934e-17	0	-1.8849858e-17
7.410009999939702e-09	1.9226424e-07	-7.0800337e-07	0.0002922504	0.06988641	-7.245857e-17	-9.021161e-17	5.5121734e-17	-1.8518819e-17	0	-1.8849883e-17
7.420009999939581e-09	2.0250559e-07	-7.1334404e-07	0.000291593	0.06993004	-7.2460426e-17	-9.018538e-17	5.5105386e-17	-1.853053e-17	0	-1.8849906e-17
7.43000999993946e-09	2.0431109e-07	-7.2657434e-07	0.00029093257	0.06997336	-7.246226e-17	-9.015956e-17	5.5089286e-17	-1.8542057e-17	0	-1.884993e-17
7.440009999939339e-09	2.0675385e-07	-7.4138256e-07	0.00029031173	0.07001588	-7.246405e-17	-9.0134126e-17	5.5073437e-17	-1.8553405e-17	0	-1.8849956e-17
7.450009999939218e-09	1.9960767e-07	-7.5109284e-07	0.00028962787	0.07005775	-7.246582e-17	-9.0109105e-17	5.505783e-17	-1.8564567e-17	0	-1.884998e-17
7.460009999939098e-09	1.9842422e-07	-7.533991e-07	0.00028894548	0.07009875	-7.2467566e-17	-9.008451e-17	5.504249e-17	-1.8575537e-17	0	-1.8850005e-17
7.470009999938977e-09	1.9816629e-07	-7.567977e-07	0.00028824803	0.07013978	-7.2469274e-17	-9.006034e-17	5.5027413e-17	-1.8586317e-17	0	-1.885003e-17
7.480009999938856e-09	1.9457043e-07	-7.4623773e-07	0.0002875341	0.07018053	-7.247094e-17	-9.0036585e-17	5.5012603e-17	-1.8596903e-17	0	-1.8850055e-17
7.490009999938735e-09	1.9282561e-07	-7.5352045e-07	0.00028680824	0.070220575	-7.2472576e-17	-9.001328e-17	5.4998064e-17	-1.8607292e-17	0	-1.8850078e-17
7.500009999938614e-09	1.8841045e-07	-7.5813284e-07	0.0002861086	0.07025987	-7.24742e-17	-8.999041e-17	5.4983794e-17	-1.8617481e-17	0	-1.8850103e-17
7.510009999938493e-09	1.851484e-07	-7.593466e-07	0.00028541844	0.07029831	-7.247578e-17	-8.9967975e-17	5.4969795e-17	-1.8627469e-17	0	-1.8850124e-17
7.520009999938372e-09	1.9106562e-07	-7.6056045e-07	0.00028475304	0.07033547	-7.247733e-17	-8.9946e-17	5.495608e-17	-1.8637261e-17	0	-1.885015e-17
7.530009999938251e-09	1.867415e-07	-7.567977e-07	0.00028407018	0.0703714	-7.247885e-17	-8.992447e-17	5.4942643e-17	-1.8646848e-17	0	-1.8850172e-17
7.54000999993813e-09	1.8567943e-07	-7.4623773e-07	0.00028336764	0.07040629	-7.248032e-17	-8.990339e-17	5.492949e-17	-1.865623e-17	0	-1.8850197e-17
7.550009999938009e-09	1.8422288e-07	-7.440529e-07	0.0002826816	0.07044012	-7.248179e-17	-8.988278e-17	5.491662e-17	-1.866541e-17	0	-1.885022e-17
7.560009999937888e-09	1.8437461e-07	-7.4757287e-07	0.00028202252	0.070473135	-7.24832e-17	-8.986262e-17	5.4904037e-17	-1.8674382e-17	0	-1.8850242e-17
7.570009999937767e-09	1.864077e-07	-7.4126115e-07	0.0002813758	0.0705054	-7.248459e-17	-8.984292e-17	5.4891742e-17	-1.8683153e-17	0	-1.8850265e-17
7.580009999937646e-09	1.6689604e-07	-7.214764e-07	0.00028070286	0.07053726	-7.2485976e-17	-8.982369e-17	5.4879718e-17	-1.8691718e-17	0	-1.8850288e-17
7.590009999937525e-09	1.530285e-07	-7.175923e-07	0.00028003383	0.07056848	-7.248729e-17	-8.980491e-17	5.4867992e-17	-1.8700079e-17	0	-1.8850308e-17
7.600009999937404e-09	1.5833882e-07	-7.066682e-07	0.00027935192	0.07059907	-7.248859e-17	-8.978659e-17	5.485656e-17	-1.8708231e-17	0	-1.8850328e-17
7.610009999937283e-09	1.6991534e-07	-7.127371e-07	0.00027864816	0.07062922	-7.248987e-17	-8.976874e-17	5.4845403e-17	-1.8716184e-17	0	-1.885035e-17
7.620009999937162e-09	1.6374018e-07	-7.1443645e-07	0.00027794807	0.07065876	-7.249112e-17	-8.975133e-17	5.4834524e-17	-1.8723938e-17	0	-1.8850369e-17
7.630009999937041e-09	1.558809e-07	-7.0763923e-07	0.0002772512	0.07068738	-7.249232e-17	-8.973438e-17	5.4823943e-17	-1.8731485e-17	0	-1.885039e-17
7.64000999993692e-09	1.608271e-07	-7.0945987e-07	0.00027657842	0.07071508	-7.24935e-17	-8.971788e-17	5.481363e-17	-1.8738839e-17	0	-1.8850409e-17
7.650009999936799e-09	1.4265059e-07	-6.9805026e-07	0.00027592565	0.07074181	-7.2494665e-17	-8.970184e-17	5.48036e-17	-1.874599e-17	0	-1.8850427e-17
7.660009999936678e-09	1.381444e-07	-6.914958e-07	0.00027527602	0.0707678	-7.2495796e-17	-8.968625e-17	5.4793857e-17	-1.8752949e-17	0	-1.8850447e-17
7.670009999936557e-09	1.3404787e-07	-6.833634e-07	0.00027462665	0.07079322	-7.249689e-17	-8.967109e-17	5.478438e-17	-1.875971e-17	0	-1.8850465e-17
7.680009999936436e-09	1.2951132e-07	-6.723179e-07	0.0002739627	0.070817985	-7.249797e-17	-8.965638e-17	5.477518e-17	-1.8766285e-17	0	-1.8850482e-17
7.690009999936315e-09	1.1050035e-07	-6.645497e-07	0.00027331404	0.07084196	-7.249901e-17	-8.964209e-17	5.4766245e-17	-1.8772667e-17	0	-1.8850498e-17
7.700009999936194e-09	1.14065855e-07	-6.572669e-07	0.000272629	0.070865236	-7.250003e-17	-8.9628235e-17	5.475758e-17	-1.8778861e-17	0	-1.8850515e-17
7.710009999936073e-09	1.0763277e-07	-6.3978837e-07	0.00027194197	0.07088773	-7.2501044e-17	-8.961481e-17	5.4749176e-17	-1.8784876e-17	0	-1.885053e-17
7.720009999935952e-09	1.0620657e-07	-6.445222e-07	0.00027125498	0.0709096	-7.250201e-17	-8.960179e-17	5.4741036e-17	-1.8790703e-17	0	-1.8850548e-17
7.730009999935831e-09	1.05083814e-07	-6.333553e-07	0.0002705869	0.07093078	-7.2502956e-17	-8.9589186e-17	5.4733148e-17	-1.8796358e-17	0	-1.8850563e-17
7.74000999993571e-09	9.9819005e-08	-6.119926e-07	0.0002699237	0.070951104	-7.2503896e-17	-8.957699e-17	5.4725508e-17	-1.8801838e-17	0	-1.8850574e-17
7.750009999935589e-09	1.0969622e-07	-6.113857e-07	0.00026926168	0.07097093	-7.250479e-17	-8.9565184e-17	5.4718127e-17	-1.8807142e-17	0	-1.8850591e-17
7.760009999935468e-09	1.1282172e-07	-6.0094715e-07	0.00026863295	0.0709902	-7.250567e-17	-8.955377e-17	5.4710986e-17	-1.8812279e-17	0	-1.8850606e-17
7.770009999935347e-09	9.610177e-08	-5.9232923e-07	0.0002680274	0.07100874	-7.2506536e-17	-8.9542745e-17	5.4704078e-17	-1.8817249e-17	0	-1.8850617e-17
7.780009999935226e-09	7.683287e-08	-5.6562584e-07	0.00026741432	0.071026936	-7.2507383e-17	-8.953209e-17	5.4697407e-17	-1.8822058e-17	0	-1.8850632e-17
7.790009999935105e-09	8.102044e-08	-5.567652e-07	0.00026679636	0.07104487	-7.2508204e-17	-8.9521814e-17	5.469097e-17	-1.8826712e-17	0	-1.8850644e-17
7.800009999934984e-09	7.5831494e-08	-5.479045e-07	0.0002661386	0.07106281	-7.250899e-17	-8.951189e-17	5.4684755e-17	-1.8831207e-17	0	-1.8850654e-17
7.810009999934863e-09	7.1188744e-08	-5.428066e-07	0.0002654419	0.0710805	-7.2509786e-17	-8.9502325e-17	5.4678756e-17	-1.8835553e-17	0	-1.8850667e-17
7.820009999934742e-09	6.1933605e-08	-5.241142e-07	0.00026482262	0.07109799	-7.2510547e-17	-8.9493094e-17	5.4672972e-17	-1.8839747e-17	0	-1.8850677e-17
7.83000999993462e-09	5.1312945e-08	-5.0093087e-07	0.00026419436	0.07111529	-7.2511294e-17	-8.9484213e-17	5.4667407e-17	-1.8843801e-17	0	-1.8850688e-17
7.8400099999345e-09	5.6957067e-08	-5.036012e-07	0.0002636008	0.07113214	-7.251203e-17	-8.947565e-17	5.4662037e-17	-1.884771e-17	0	-1.88507e-17
7.850009999934379e-09	5.729086e-08	-4.938909e-07	0.00026302526	0.07114881	-7.251273e-17	-8.9467405e-17	5.4656872e-17	-1.885149e-17	0	-1.8850707e-17
7.860009999934258e-09	3.97516e-08	-4.77262e-07	0.0002624499	0.07116517	-7.2513425e-17	-8.945948e-17	5.46519e-17	-1.885513e-17	0	-1.8850718e-17
7.870009999934137e-09	4.9188813e-08	-4.646386e-07	0.0002618838	0.0711811	-7.2514113e-17	-8.945187e-17	5.464712e-17	-1.8858643e-17	0	-1.8850728e-17
7.880009999934016e-09	4.1420563e-08	-4.6123998e-07	0.00026128272	0.07119673	-7.2514775e-17	-8.9444535e-17	5.4642526e-17	-1.886203e-17	0	-1.8850738e-17
7.890009999933895e-09	4.3999865e-08	-4.4995173e-07	0.00026070085	0.07121218	-7.251543e-17	-8.9437494e-17	5.4638105e-17	-1.8865295e-17	0	-1.8850745e-17
7.900009999933774e-09	2.8888188e-08	-4.3890623e-07	0.00026010463	0.07122774	-7.251607e-17	-8.943074e-17	5.4633867e-17	-1.8868443e-17	0	-1.8850755e-17
7.910009999933653e-09	2.5019233e-08	-4.1681528e-07	0.00025952226	0.07124337	-7.251669e-17	-8.942424e-17	5.462979e-17	-1.8871474e-17	0	-1.8850763e-17
7.920009999933532e-09	1.653788e-08	-3.9957948e-07	0.00025895596	0.071259215	-7.2517277e-17	-8.9418006e-17	5.4625886e-17	-1.8874392e-17	0	-1.885077e-17
7.93000999993341e-09	-9.10342e-10	-4.0176428e-07	0.00025841576	0.0712755	-7.251789e-17	-8.941204e-17	5.4622127e-17	-1.8877205e-17	0	-1.8850778e-17
7.94000999993329e-09	-5.401363e-09	-3.919326e-07	0.00025785522	0.07129241	-7.2518474e-17	-8.940632e-17	5.4618534e-17	-1.887991e-17	0	-1.8850783e-17
7.950009999933169e-09	-6.6758417e-09	-3.878057e-07	0.00025733258	0.0713096	-7.2519043e-17	-8.940083e-17	5.461509e-17	-1.8882513e-17	0	-1.885079e-17
7.960009999933048e-09	-1.089376e-08	-3.8064434e-07	0.0002568109	0.07132652	-7.251961e-17	-8.9395566e-17	5.4611784e-17	-1.8885021e-17	0	-1.88508e-17
7.970009999932927e-09	-2.0027525e-08	-3.723906e-07	0.00025630594	0.0713431	-7.252016e-17	-8.939055e-17	5.4608624e-17	-1.8887433e-17	0	-1.8850804e-17
7.980009999932806e-09	-2.864543e-08	-3.573396e-07	0.00025577503	0.07135943	-7.252069e-17	-8.938573e-17	5.4605604e-17	-1.8889755e-17	0	-1.885081e-17
7.990009999932685e-09	-3.3030243e-08	-3.4908584e-07	0.0002552758	0.07137525	-7.252122e-17	-8.938113e-17	5.460271e-17	-1.8891983e-17	0	-1.8850816e-17
8.000009999932564e-09	-2.9191634e-08	-3.3925414e-07	0.0002547313	0.071390375	-7.2521743e-17	-8.9376726e-17	5.4599932e-17	-1.8894129e-17	0	-1.8850822e-17
8.010009999932443e-09	-2.973784e-08	-3.2481003e-07	0.00025419676	0.07140479	-7.252225e-17	-8.937252e-17	5.4597285e-17	-1.8896193e-17	0	-1.8850829e-17
8.020009999932322e-09	-2.1514417e-08	-3.147356e-07	0.00025363732	0.07141856	-7.252276e-17	-8.9368494e-17	5.459476e-17	-1.8898179e-17	0	-1.8850834e-17
8.0300099999322e-09	-2.2637172e-08	-2.985922e-07	0.00025315883	0.07143169	-7.2523245e-17	-8.936466e-17	5.4592345e-17	-1.8900086e-17	0	-1.885084e-17
8.04000999993208e-09	-1.20468595e-08	-2.8062811e-07	0.00025271557	0.07144445	-7.252372e-17	-8.936099e-17	5.4590033e-17	-1.8901917e-17	0	-1.8850844e-17
8.050009999931959e-09	-3.7695745e-08	-2.8402673e-07	0.00025229753	0.07145688	-7.252419e-17	-8.93575e-17	5.4587836e-17	-1.890368e-17	0	-1.8850849e-17
8.060009999931838e-09	-5.3983282e-08	-2.7528742e-07	0.00025185643	0.07146934	-7.2524655e-17	-8.9354174e-17	5.4585738e-17	-1.8905373e-17	0	-1.8850856e-17
8.070009999931717e-09	-5.1904667e-08	-2.4943373e-07	0.00025138087	0.07148185	-7.252512e-17	-8.9351e-17	5.4583733e-17	-1.8906996e-17	0	-1.8850857e-17
8.080009999931596e-09	-6.05074e-08	-2.5222542e-07	0.00025090095	0.071494244	-7.252556e-17	-8.934797e-17	5.4581827e-17	-1.8908563e-17	0	-1.8850864e-17
8.090009999931475e-09	-5.9172233e-08	-2.6691228e-07	0.00025042417	0.071506426	-7.252602e-17	-8.9345095e-17	5.4580014e-17	-1.8910062e-17	0	-1.8850867e-17
8.100009999931354e-09	-7.643838e-08	-2.5525992e-07	0.00024992507	0.07151824	-7.252644e-17	-8.934234e-17	5.4578277e-17	-1.8911503e-17	0	-1.8850872e-17
8.110009999931233e-09	-8.173354e-08	-2.3013446e-07	0.0002494824	0.07152975	-7.2526865e-17	-8.933974e-17	5.4576636e-17	-1.8912887e-17	0	-1.8850877e-17
8.120009999931112e-09	-8.714249e-08	-2.1981725e-07	0.00024906316	0.07154087	-7.252727e-17	-8.9337247e-17	5.457508e-17	-1.891422e-17	0	-1.8850882e-17
8.13000999993099e-09	-9.0708e-08	-2.0464489e-07	0.00024864476	0.071551494	-7.2527706e-17	-8.9334904e-17	5.4573585e-17	-1.8915496e-17	0	-1.8850885e-17
8.14000999993087e-09	-8.7749385e-08	-2.0731522e-07	0.00024826752	0.07156173	-7.2528096e-17	-8.933266e-17	5.4572176e-17	-1.8916722e-17	0	-1.885089e-17
8.150009999930749e-09	-8.729422e-08	-1.9954697e-07	0.00024792098	0.07157168	-7.25285e-17	-8.933054e-17	5.4570835e-17	-1.8917902e-17	0	-1.8850894e-17
8.160009999930627e-09	-8.596663e-08	-1.8583115e-07	0.00024757735	0.071581356	-7.2528903e-17	-8.932853e-17	5.456956e-17	-1.8919033e-17	0	-1.8850895e-17
8.170009999930506e-09	-9.202041e-08	-1.8376771e-07	0.00024720933	0.07159108	-7.252929e-17	-8.932662e-17	5.4568354e-17	-1.8920122e-17	0	-1.8850902e-17
8.180009999930385e-09	-9.4372126e-08	-1.8061186e-07	0.00024678255	0.071600795	-7.2529664e-17	-8.9324806e-17	5.4567206e-17	-1.8921161e-17	0	-1.8850904e-17
8.190009999930264e-09	-1.0373348e-07	-1.7684911e-07	0.00024633066	0.07161052	-7.253005e-17	-8.9323105e-17	5.456613e-17	-1.8922167e-17	0	-1.8850907e-17
8.200009999930143e-09	-1.03574166e-07	-1.706588e-07	0.00024588825	0.07162	-7.2530406e-17	-8.932147e-17	5.456511e-17	-1.8923131e-17	0	-1.885091e-17
8.210009999930022e-09	-1.0760243e-07	-1.5451539e-07	0.00024547105	0.071629226	-7.253078e-17	-8.931995e-17	5.4564132e-17	-1.8924054e-17	0	-1.8850912e-17
8.220009999929901e-09	-1.0940794e-07	-1.6046296e-07	0.0002450897	0.07163817	-7.253114e-17	-8.93185e-17	5.456322e-17	-1.8924941e-17	0	-1.8850918e-17
8.23000999992978e-09	-1.134362e-07	-1.6216227e-07	0.00024472512	0.07164694	-7.2531504e-17	-8.9317136e-17	5.4562352e-17	-1.8925795e-17	0	-1.885092e-17
8.24000999992966e-09	-1.103638e-07	-1.5172367e-07	0.00024436458	0.071655385	-7.253185e-17	-8.9315846e-17	5.456153e-17	-1.8926612e-17	0	-1.8850922e-17
8.250009999929538e-09	-1.1995273e-07	-1.4686852e-07	0.00024400158	0.07166344	-7.253218e-17	-8.931462e-17	5.4560767e-17	-1.89274e-17	0	-1.8850927e-17
8.260009999929417e-09	-1.2489893e-07	-1.3788647e-07	0.00024367077	0.07167123	-7.253253e-17	-8.931348e-17	5.456004e-17	-1.8928152e-17	0	-1.8850928e-17
8.270009999929296e-09	-1.2259272e-07	-1.2866167e-07	0.00024336623	0.071678884	-7.2532874e-17	-8.931241e-17	5.4559358e-17	-1.8928882e-17	0	-1.885093e-17
8.280009999929175e-09	-1.2480031e-07	-1.3460924e-07	0.00024303432	0.071686395	-7.2533205e-17	-8.93114e-17	5.4558712e-17	-1.8929577e-17	0	-1.8850937e-17
8.290009999929054e-09	-1.3303132e-07	-1.2805478e-07	0.00024266107	0.071693845	-7.253352e-17	-8.9310446e-17	5.455811e-17	-1.8930245e-17	0	-1.8850938e-17
8.300009999928933e-09	-1.4562438e-07	-1.2999685e-07	0.00024232382	0.071701206	-7.253385e-17	-8.9309566e-17	5.4557548e-17	-1.893089e-17	0	-1.8850942e-17
8.310009999928812e-09	-1.5263402e-07	-1.4079957e-07	0.00024197159	0.07170845	-7.2534164e-17	-8.9308725e-17	5.4557015e-17	-1.8931509e-17	0	-1.8850943e-17
8.320009999928691e-09	-1.6056158e-07	-1.371582e-07	0.00024160769	0.07171565	-7.253448e-17	-8.930796e-17	5.4556515e-17	-1.8932108e-17	0	-1.8850947e-17
8.33000999992857e-09	-1.6333811e-07	-1.2113618e-07	0.00024124986	0.07172286	-7.25348e-17	-8.9307236e-17	5.455606e-17	-1.8932677e-17	0	-1.885095e-17
8.34000999992845e-09	-1.746643e-07	-1.04143126e-07	0.00024088172	0.071729966	-7.25351e-17	-8.9306555e-17	5.4555632e-17	-1.8933228e-17	0	-1.8850953e-17
8.350009999928328e-09	-1.6719949e-07	-1.0754174e-07	0.0002405358	0.07173691	-7.253539e-17	-8.9305906e-17	5.455523e-17	-1.8933756e-17	0	-1.8850955e-17
8.360009999928207e-09	-1.6246571e-07	-1.1433896e-07	0.0002402031	0.07174367	-7.25357e-17	-8.930533e-17	5.4554854e-17	-1.8934263e-17	0	-1.8850955e-17
8.370009999928086e-09	-1.5595677e-07	-1.0814863e-07	0.00023993266	0.0717503	-7.2536004e-17	-8.9304795e-17	5.4554504e-17	-1.8934755e-17	0	-1.885096e-17
8.380009999927965e-09	-1.5973468e-07	-9.5161084e-08	0.0002396567	0.071756735	-7.253628e-17	-8.9304285e-17	5.4554176e-17	-1.8935223e-17	0	-1.8850963e-17
8.390009999927844e-09	-1.6222295e-07	-8.4115605e-08	0.00023932377	0.07176306	-7.2536566e-17	-8.930381e-17	5.4553888e-17	-1.893568e-17	0	-1.8850963e-17
8.400009999927723e-09	-1.5809607e-07	-8.3023195e-08	0.00023900921	0.071769305	-7.253686e-17	-8.9303385e-17	5.4553607e-17	-1.8936113e-17	0	-1.8850965e-17
8.410009999927602e-09	-1.5874089e-07	-9.576798e-08	0.0002386662	0.07177546	-7.253714e-17	-8.9303e-17	5.455336e-17	-1.8936533e-17	0	-1.885097e-17
8.420009999927481e-09	-1.6590984e-07	-9.613212e-08	0.00023828859	0.07178142	-7.2537413e-17	-8.930263e-17	5.455313e-17	-1.8936939e-17	0	-1.8850971e-17
8.43000999992736e-09	-1.7610567e-07	-8.666456e-08	0.00023795248	0.07178723	-7.2537685e-17	-8.93023e-17	5.4552915e-17	-1.8937327e-17	0	-1.8850971e-17
8.44000999992724e-09	-1.8003531e-07	-8.7028695e-08	0.0002375983	0.071792856	-7.253797e-17	-8.9302e-17	5.4552717e-17	-1.8937705e-17	0	-1.8850976e-17
8.450009999927118e-09	-1.6729811e-07	-9.054869e-08	0.00023726524	0.071798325	-7.2538234e-17	-8.930173e-17	5.4552545e-17	-1.8938069e-17	0	-1.885098e-17
8.460009999926997e-09	-1.8076358e-07	-8.8485244e-08	0.00023697405	0.07180359	-7.25385e-17	-8.930147e-17	5.455238e-17	-1.8938421e-17	0	-1.885098e-17
8.470009999926876e-09	-2.0074559e-07	-8.545077e-08	0.00023667117	0.07180873	-7.253876e-17	-8.9301254e-17	5.455224e-17	-1.8938762e-17	0	-1.8850981e-17
8.480009999926755e-09	-1.8346427e-07	-7.8532175e-08	0.00023636947	0.071813874	-7.2539015e-17	-8.930105e-17	5.4552108e-17	-1.8939093e-17	0	-1.8850985e-17
8.490009999926634e-09	-1.9677043e-07	-6.044671e-08	0.00023608659	0.071819045	-7.2539286e-17	-8.930088e-17	5.455199e-17	-1.893941e-17	0	-1.8850985e-17
8.500009999926513e-09	-1.899808e-07	-5.6623275e-08	0.00023581496	0.07182428	-7.2539524e-17	-8.930071e-17	5.4551886e-17	-1.8939718e-17	0	-1.8850988e-17
8.510009999926392e-09	-1.867415e-07	-6.876117e-08	0.00023554845	0.07182955	-7.253978e-17	-8.930057e-17	5.4551797e-17	-1.8940017e-17	0	-1.885099e-17
8.520009999926271e-09	-1.9851525e-07	-7.391977e-08	0.0002352231	0.07183487	-7.2540034e-17	-8.9300454e-17	5.4551714e-17	-1.8940307e-17	0	-1.8850993e-17
8.53000999992615e-09	-1.989325e-07	-6.936806e-08	0.00023492918	0.07184024	-7.254027e-17	-8.9300334e-17	5.4551645e-17	-1.8940588e-17	0	-1.8850993e-17
8.540009999926029e-09	-2.1048625e-07	-6.360256e-08	0.00023459636	0.0718456	-7.254052e-17	-8.930025e-17	5.4551585e-17	-1.8940863e-17	0	-1.8850995e-17
8.550009999925908e-09	-2.0731522e-07	-6.997496e-08	0.0002342818	0.07185082	-7.254077e-17	-8.9300176e-17	5.4551532e-17	-1.894113e-17	0	-1.8850996e-17
8.560009999925787e-09	-2.045842e-07	-5.990051e-08	0.0002339885	0.071855925	-7.2541e-17	-8.9300096e-17	5.455149e-17	-1.8941392e-17	0	-1.8850998e-17
8.570009999925666e-09	-2.0840764e-07	-5.5773622e-08	0.00023368662	0.07186098	-7.2541245e-17	-8.930005e-17	5.4551453e-17	-1.8941647e-17	0	-1.8851001e-17
8.580009999925545e-09	-2.1665382e-07	-7.20384e-08	0.00023340712	0.071865916	-7.2541477e-17	-8.9300004e-17	5.455142e-17	-1.8941895e-17	0	-1.8851003e-17
8.590009999925424e-09	-2.2559793e-07	-6.190326e-08	0.00023316705	0.07187073	-7.25417e-17	-8.929996e-17	5.45514e-17	-1.894214e-17	0	-1.8851003e-17
8.600009999925303e-09	-2.428565e-07	-4.794468e-08	0.00023288194	0.07187544	-7.254193e-17	-8.9299924e-17	5.455137e-17	-1.894238e-17	0	-1.8851003e-17
8.610009999925182e-09	-2.3600617e-07	-5.3588803e-08	0.00023257622	0.07187999	-7.254217e-17	-8.929991e-17	5.4551364e-17	-1.8942616e-17	0	-1.8851006e-17
8.620009999925061e-09	-2.1691174e-07	-5.4438452e-08	0.0002322365	0.07188437	-7.254239e-17	-8.9299884e-17	5.4551347e-17	-1.8942846e-17	0	-1.8851006e-17
8.63000999992494e-09	-2.3930616e-07	-5.7715685e-08	0.00023193142	0.0718886	-7.254262e-17	-8.929988e-17	5.455134e-17	-1.8943075e-17	0	-1.8851006e-17
8.640009999924819e-09	-2.3322963e-07	-7.731838e-08	0.00023162064	0.071892776	-7.254284e-17	-8.9299865e-17	5.455133e-17	-1.89433e-17	0	-1.8851008e-17
8.650009999924698e-09	-2.2612896e-07	-5.7837063e-08	0.00023134131	0.07189686	-7.254306e-17	-8.929985e-17	5.455133e-17	-1.8943525e-17	0	-1.8851011e-17
8.660009999924577e-09	-2.3644617e-07	-4.7034337e-08	0.00023109015	0.07190089	-7.2543276e-17	-8.9299865e-17	5.4551324e-17	-1.8943746e-17	0	-1.8851011e-17
8.670009999924456e-09	-2.3752341e-07	-5.6380518e-08	0.00023078818	0.07190494	-7.254351e-17	-8.9299845e-17	5.4551317e-17	-1.8943968e-17	0	-1.8851013e-17
8.680009999924335e-09	-2.5579095e-07	-5.019019e-08	0.00023047482	0.07190908	-7.254372e-17	-8.929983e-17	5.455131e-17	-1.8944188e-17	0	-1.8851013e-17
8.690009999924214e-09	-2.4841717e-07	-4.5152966e-08	0.0002301466	0.07191329	-7.254393e-17	-8.929981e-17	5.45513e-17	-1.8944411e-17	0	-1.8851013e-17
8.700009999924093e-09	-2.4722613e-07	-3.5806785e-08	0.00022983417	0.0719175	-7.2544143e-17	-8.9299785e-17	5.455129e-17	-1.8944633e-17	0	-1.8851013e-17
8.710009999923972e-09	-2.4804544e-07	-3.4714375e-08	0.0002295429	0.07192178	-7.254436e-17	-8.929977e-17	5.4551278e-17	-1.8944855e-17	0	-1.8851013e-17
8.720009999923851e-09	-2.3965512e-07	-4.3999865e-08	0.00022925311	0.07192609	-7.254458e-17	-8.929975e-17	5.4551264e-17	-1.8945078e-17	0	-1.8851013e-17
8.73000999992373e-09	-2.421434e-07	-3.9205396e-08	0.00022897356	0.07193029	-7.254479e-17	-8.929971e-17	5.455124e-17	-1.8945305e-17	0	-1.8851014e-17
8.740009999923609e-09	-2.340641e-07	-3.2954382e-08	0.00022865874	0.07193441	-7.2545e-17	-8.9299666e-17	5.4551215e-17	-1.8945531e-17	0	-1.8851016e-17
8.750009999923488e-09	-2.3857788e-07	-5.5227417e-08	0.00022836405	0.07193852	-7.2545196e-17	-8.929961e-17	5.455119e-17	-1.8945763e-17	0	-1.8851016e-17
8.760009999923367e-09	-2.4069445e-07	-4.8430195e-08	0.00022807547	0.07194258	-7.254541e-17	-8.929955e-17	5.4551155e-17	-1.8945996e-17	0	-1.8851016e-17
8.770009999923246e-09	-2.3525514e-07	-5.0857775e-08	0.00022774929	0.07194658	-7.254562e-17	-8.9299474e-17	5.455111e-17	-1.8946238e-17	0	-1.8851016e-17
8.780009999923125e-09	-2.3857788e-07	-3.890195e-08	0.00022746256	0.07195056	-7.254584e-17	-8.929939e-17	5.4551053e-17	-1.8946484e-17	0	-1.8851016e-17
8.790009999923004e-09	-2.398296e-07	-4.005505e-08	0.00022721093	0.07195456	-7.254604e-17	-8.929929e-17	5.4550996e-17	-1.8946732e-17	0	-1.8851016e-17
8.800009999922883e-09	-2.4793167e-07	-4.2725386e-08	0.00022696599	0.07195861	-7.2546254e-17	-8.9299176e-17	5.455092e-17	-1.8946986e-17	0	-1.8851014e-17
8.810009999922762e-09	-2.603578e-07	-4.3514348e-08	0.00022669726	0.07196262	-7.254646e-17	-8.9299044e-17	5.4550844e-17	-1.894725e-17	0	-1.8851013e-17
8.820009999922641e-09	-2.645492e-07	-3.7263334e-08	0.00022634854	0.07196654	-7.2546665e-17	-8.929888e-17	5.4550748e-17	-1.894752e-17	0	-1.8851013e-17
8.83000999992252e-09	-2.5964852e-07	-2.8099224e-08	0.00022595361	0.071970336	-7.254686e-17	-8.92987e-17	5.4550642e-17	-1.8947798e-17	0	-1.8851013e-17
8.840009999922399e-09	-2.6559988e-07	-2.4761304e-08	0.00022557958	0.07197402	-7.254708e-17	-8.929851e-17	5.4550523e-17	-1.8948082e-17	0	-1.8851013e-17
8.850009999922278e-09	-2.6642678e-07	-1.7964084e-08	0.00022531208	0.07197764	-7.2547287e-17	-8.9298296e-17	5.4550397e-17	-1.8948375e-17	0	-1.8851013e-17
8.860009999922157e-09	-2.6271712e-07	-3.1437146e-08	0.00022502735	0.0719812	-7.2547505e-17	-8.929806e-17	5.455025e-17	-1.8948678e-17	0	-1.8851013e-17
8.870009999922036e-09	-2.613516e-07	-3.97516e-08	0.0002247325	0.071984775	-7.2547704e-17	-8.929779e-17	5.455009e-17	-1.8948992e-17	0	-1.8851011e-17
8.880009999921915e-09	-2.5974714e-07	-3.780954e-08	0.00022442812	0.071988374	-7.254793e-17	-8.92975e-17	5.4549904e-17	-1.8949318e-17	0	-1.8851011e-17
8.890009999921794e-09	-2.771688e-07	-3.422886e-08	0.00022410922	0.07199204	-7.254813e-17	-8.929717e-17	5.4549713e-17	-1.8949657e-17	0	-1.8851008e-17
8.900009999921673e-09	-2.625692e-07	-3.428955e-08	0.00022380188	0.07199573	-7.254833e-17	-8.929683e-17	5.4549504e-17	-1.8950008e-17	0	-1.8851004e-17
8.910009999921552e-09	-2.7392193e-07	-3.8295056e-08	0.00022345087	0.07199952	-7.2548544e-17	-8.929644e-17	5.4549266e-17	-1.8950369e-17	0	-1.8851004e-17
8.92000999992143e-09	-2.6533436e-07	-4.0540566e-08	0.00022307177	0.07200347	-7.254876e-17	-8.929602e-17	5.4549008e-17	-1.8950753e-17	0	-1.8851001e-17
8.93000999992131e-09	-2.6093815e-07	-3.526058e-08	0.0002226954	0.072007544	-7.2548974e-17	-8.929556e-17	5.454873e-17	-1.8951146e-17	0	-1.8851001e-17
8.940009999921189e-09	-2.6360092e-07	-1.7903393e-08	0.00022243276	0.07201163	-7.254919e-17	-8.929507e-17	5.4548425e-17	-1.8951555e-17	0	-1.8850996e-17
8.950009999921068e-09	-2.594475e-07	-3.319714e-08	0.000222164	0.072015725	-7.2549404e-17	-8.929454e-17	5.4548108e-17	-1.8951978e-17	0	-1.8850996e-17
8.960009999920947e-09	-2.6770124e-07	-3.7445403e-08	0.00022187165	0.07201981	-7.254964e-17	-8.929397e-17	5.454775e-17	-1.8952425e-17	0	-1.8850995e-17
8.970009999920826e-09	-2.7199883e-07	-2.8159914e-08	0.00022151558	0.07202385	-7.2549854e-17	-8.929336e-17	5.4547383e-17	-1.8952888e-17	0	-1.8850993e-17
8.980009999920705e-09	-2.79915e-07	-1.480823e-08	0.0002211585	0.07202785	-7.2550086e-17	-8.9292705e-17	5.4546976e-17	-1.895337e-17	0	-1.8850988e-17
8.990009999920584e-09	-2.7823467e-07	-3.4957136e-08	0.00022077737	0.07203183	-7.255031e-17	-8.9291996e-17	5.4546543e-17	-1.8953871e-17	0	-1.8850985e-17
9.000009999920463e-09	-2.5857506e-07	-3.2226108e-08	0.00022039405	0.07203584	-7.255054e-17	-8.9291235e-17	5.4546076e-17	-1.8954397e-17	0	-1.8850981e-17
9.010009999920342e-09	-2.628385e-07	-3.2711625e-08	0.00022004287	0.072039895	-7.255077e-17	-8.929042e-17	5.454558e-17	-1.8954945e-17	0	-1.8850978e-17
9.02000999992022e-09	-2.7103917e-07	-2.7006815e-08	0.00021970316	0.07204391	-7.255101e-17	-8.928956e-17	5.4545047e-17	-1.8955519e-17	0	-1.8850976e-17
9.0300099999201e-09	-2.6521678e-07	-3.538196e-08	0.00021935253	0.07204793	-7.255124e-17	-8.928864e-17	5.454448e-17	-1.8956116e-17	0	-1.8850971e-17
9.040009999919979e-09	-2.6806538e-07	-4.4303313e-08	0.0002190045	0.07205192	-7.2551495e-17	-8.928766e-17	5.4543876e-17	-1.8956738e-17	0	-1.8850968e-17
9.050009999919858e-09	-2.6361988e-07	-4.0722632e-08	0.00021867242	0.07205592	-7.255174e-17	-8.928663e-17	5.4543237e-17	-1.8957386e-17	0	-1.8850963e-17
9.060009999919737e-09	-2.6517125e-07	-2.9980598e-08	0.00021831992	0.072059885	-7.255199e-17	-8.928553e-17	5.4542566e-17	-1.8958066e-17	0	-1.885096e-17
9.070009999919616e-09	-2.610254e-07	-2.166614e-08	0.00021791112	0.07206389	-7.2552237e-17	-8.928435e-17	5.454184e-17	-1.8958773e-17	0	-1.8850953e-17
9.080009999919495e-09	-2.7301158e-07	-3.2468865e-08	0.00021750439	0.072068006	-7.2552495e-17	-8.9283116e-17	5.454108e-17	-1.8959512e-17	0	-1.8850947e-17
9.090009999919374e-09	-3.0244217e-07	-3.204404e-08	0.00021709786	0.07207217	-7.2552766e-17	-8.9281806e-17	5.4540266e-17	-1.8960282e-17	0	-1.8850943e-17
9.100009999919253e-09	-2.8220603e-07	-4.0297806e-08	0.00021670783	0.072076306	-7.2553024e-17	-8.9280416e-17	5.4539413e-17	-1.8961086e-17	0	-1.8850937e-17
9.110009999919132e-09	-2.8000605e-07	-4.4970896e-08	0.00021626681	0.07208048	-7.25533e-17	-8.9278953e-17	5.453851e-17	-1.8961924e-17	0	-1.885093e-17
9.12000999991901e-09	-2.7911847e-07	-3.3439896e-08	0.00021584089	0.07208471	-7.255357e-17	-8.9277405e-17	5.453756e-17	-1.8962798e-17	0	-1.8850925e-17
9.13000999991889e-09	-2.8324155e-07	-1.9906146e-08	0.00021541752	0.072088934	-7.255387e-17	-8.9275804e-17	5.4536557e-17	-1.8963708e-17	0	-1.885092e-17
9.140009999918769e-09	-2.8658704e-07	-3.307576e-08	0.0002150053	0.072093196	-7.2554156e-17	-8.927409e-17	5.4535505e-17	-1.8964657e-17	0	-1.8850912e-17
9.150009999918648e-09	-2.8432638e-07	-4.1693664e-08	0.00021462864	0.0720975	-7.2554453e-17	-8.927229e-17	5.4534387e-17	-1.8965647e-17	0	-1.8850907e-17
9.160009999918527e-09	-2.7900845e-07	-3.68992e-08	0.00021419687	0.07210182	-7.255475e-17	-8.92704e-17	5.4533225e-17	-1.8966677e-17	0	-1.88509e-17
9.170009999918406e-09	-2.7966846e-07	-1.7964084e-08	0.0002137721	0.072106145	-7.2555056e-17	-8.926843e-17	5.4532004e-17	-1.8967746e-17	0	-1.8850892e-17
9.180009999918285e-09	-2.6430263e-07	-2.3486825e-08	0.00021335261	0.07211049	-7.255537e-17	-8.9266334e-17	5.453071e-17	-1.8968866e-17	0	-1.8850884e-17
9.190009999918163e-09	-2.7422158e-07	-2.6157162e-08	0.00021289969	0.07211489	-7.255569e-17	-8.9264163e-17	5.452937e-17	-1.897003e-17	0	-1.8850875e-17
9.200009999918042e-09	-2.679971e-07	-3.532127e-08	0.00021238207	0.07211936	-7.255603e-17	-8.926188e-17	5.4527958e-17	-1.8971233e-17	0	-1.8850867e-17
9.210009999917921e-09	-2.6246678e-07	-3.3804035e-08	0.00021187776	0.07212389	-7.255636e-17	-8.92595e-17	5.4526485e-17	-1.8972489e-17	0	-1.8850857e-17
9.2200099999178e-09	-2.6402193e-07	-3.2468865e-08	0.00021137657	0.07212853	-7.255671e-17	-8.925699e-17	5.452494e-17	-1.8973798e-17	0	-1.8850849e-17
9.23000999991768e-09	-2.7050055e-07	-3.865919e-08	0.00021092164	0.07213317	-7.255706e-17	-8.9254396e-17	5.4523332e-17	-1.8975153e-17	0	-1.885084e-17
9.240009999917558e-09	-2.6511816e-07	-3.884126e-08	0.00021047593	0.07213793	-7.2557425e-17	-8.925168e-17	5.452165e-17	-1.8976559e-17	0	-1.885083e-17
9.250009999917437e-09	-2.59933e-07	-4.0783323e-08	0.00021002034	0.07214287	-7.255779e-17	-8.924885e-17	5.4519898e-17	-1.8978015e-17	0	-1.885082e-17
9.260009999917316e-09	-2.642723e-07	-4.345366e-08	0.00020951085	0.07214799	-7.255817e-17	-8.92459e-17	5.451807e-17	-1.897953e-17	0	-1.8850813e-17
9.270009999917195e-09	-2.8900325e-07	-3.8719882e-08	0.00020892647	0.07215325	-7.2558556e-17	-8.924283e-17	5.4516175e-17	-1.89811e-17	0	-1.8850801e-17
9.280009999917074e-09	-2.832112e-07	-4.915847e-08	0.0002083189	0.07215852	-7.255895e-17	-8.923963e-17	5.4514197e-17	-1.8982723e-17	0	-1.8850791e-17
9.290009999916953e-09	-2.726588e-07	-6.329912e-08	0.00020773665	0.07216377	-7.255936e-17	-8.9236324e-17	5.451215e-17	-1.89844e-17	0	-1.8850781e-17
9.300009999916832e-09	-2.6989744e-07	-5.601638e-08	0.00020720792	0.07216898	-7.2559774e-17	-8.923288e-17	5.4510018e-17	-1.8986138e-17	0	-1.885077e-17
9.310009999916711e-09	-2.7091778e-07	-4.7580542e-08	0.00020670448	0.07217427	-7.25602e-17	-8.922932e-17	5.450781e-17	-1.8987931e-17	0	-1.8850758e-17
9.32000999991659e-09	-2.6529264e-07	-4.7823303e-08	0.0002061966	0.072179556	-7.256064e-17	-8.9225643e-17	5.4505535e-17	-1.8989784e-17	0	-1.8850746e-17
9.33000999991647e-09	-2.7753674e-07	-7.155288e-08	0.00020570672	0.07218488	-7.2561084e-17	-8.922183e-17	5.4503175e-17	-1.8991686e-17	0	-1.8850736e-17
9.340009999916348e-09	-2.8305567e-07	-4.2239872e-08	0.00020520251	0.072190195	-7.2561534e-17	-8.9217894e-17	5.4500734e-17	-1.8993653e-17	0	-1.8850723e-17
9.350009999916227e-09	-2.8792223e-07	-3.914471e-08	0.000204662	0.07219561	-7.256201e-17	-8.921383e-17	5.4498212e-17	-1.899568e-17	0	-1.8850713e-17
9.360009999916106e-09	-2.8148915e-07	-4.8430195e-08	0.00020407663	0.07220114	-7.256248e-17	-8.920964e-17	5.4495625e-17	-1.8997758e-17	0	-1.8850702e-17
9.370009999915985e-09	-2.766757e-07	-5.971844e-08	0.00020347389	0.07220655	-7.256296e-17	-8.9205334e-17	5.4492958e-17	-1.8999892e-17	0	-1.8850692e-17
9.380009999915864e-09	-2.6820572e-07	-5.786741e-08	0.00020291306	0.07221186	-7.2563466e-17	-8.920092e-17	5.449022e-17	-1.9002084e-17	0	-1.885068e-17
9.390009999915743e-09	-2.6066127e-07	-5.8868785e-08	0.00020238348	0.07221714	-7.256397e-17	-8.919638e-17	5.4487413e-17	-1.9004317e-17	0	-1.8850669e-17
9.400009999915622e-09	-2.6115816e-07	-5.5166726e-08	0.00020187696	0.07222251	-7.256448e-17	-8.919175e-17	5.4484537e-17	-1.9006605e-17	0	-1.8850659e-17
9.410009999915501e-09	-2.6867227e-07	-5.5288105e-08	0.00020132818	0.072227955	-7.2565e-17	-8.918702e-17	5.44816e-17	-1.900894e-17	0	-1.8850649e-17
9.42000999991538e-09	-2.7614087e-07	-6.633359e-08	0.00020080392	0.072233245	-7.256554e-17	-8.9182187e-17	5.4478605e-17	-1.901132e-17	0	-1.885064e-17
9.43000999991526e-09	-2.7759364e-07	-7.197771e-08	0.00020030672	0.0722384	-7.256608e-17	-8.917726e-17	5.447555e-17	-1.901374e-17	0	-1.8850629e-17
9.440009999915138e-09	-2.6699954e-07	-5.9323956e-08	0.00019981261	0.07224355	-7.256662e-17	-8.9172254e-17	5.447245e-17	-1.9016196e-17	0	-1.8850624e-17
9.450009999915017e-09	-2.6413574e-07	-6.1448084e-08	0.00019930379	0.072248474	-7.256717e-17	-8.91672e-17	5.446932e-17	-1.9018679e-17	0	-1.8850614e-17
9.460009999914896e-09	-2.6145023e-07	-7.388943e-08	0.00019882307	0.07225322	-7.256772e-17	-8.916208e-17	5.446615e-17	-1.9021185e-17	0	-1.8850609e-17
9.470009999914775e-09	-2.600411e-07	-7.1856334e-08	0.0001983682	0.07225771	-7.256829e-17	-8.915691e-17	5.4462948e-17	-1.9023718e-17	0	-1.8850602e-17
9.480009999914654e-09	-2.558668e-07	-8.24163e-08	0.00019790632	0.07226205	-7.256885e-17	-8.9151726e-17	5.4459732e-17	-1.9026258e-17	0	-1.8850599e-17
9.490009999914533e-09	-2.396627e-07	-8.190044e-08	0.0001974768	0.07226614	-7.2569415e-17	-8.9146525e-17	5.445651e-17	-1.9028805e-17	0	-1.8850597e-17
9.500009999914412e-09	-2.3966652e-07	-6.326877e-08	0.0001970598	0.07226988	-7.256999e-17	-8.9141324e-17	5.4453286e-17	-1.903135e-17	0	-1.8850593e-17
9.510009999914291e-09	-2.3814547e-07	-3.987298e-08	0.00019668194	0.07227333	-7.257055e-17	-8.9136156e-17	5.4450074e-17	-1.9033887e-17	0	-1.8850593e-17
9.52000999991417e-09	-2.4099788e-07	-6.235843e-08	0.0001963263	0.07227664	-7.257111e-17	-8.913101e-17	5.444689e-17	-1.90364e-17	0	-1.8850594e-17
9.530009999914049e-09	-2.2370138e-07	-7.234185e-08	0.00019599631	0.07227959	-7.2571665e-17	-8.912593e-17	5.4443744e-17	-1.9038885e-17	0	-1.8850597e-17
9.540009999913928e-09	-2.2323104e-07	-7.9048036e-08	0.00019572166	0.07228238	-7.257223e-17	-8.912094e-17	5.4440647e-17	-1.9041334e-17	0	-1.8850602e-17
9.550009999913807e-09	-2.2843516e-07	-7.819838e-08	0.00019549146	0.072285086	-7.257279e-17	-8.911605e-17	5.4437616e-17	-1.9043738e-17	0	-1.885061e-17
9.560009999913686e-09	-2.2357052e-07	-6.9307376e-08	0.00019524622	0.07228761	-7.257331e-17	-8.911128e-17	5.4434665e-17	-1.9046078e-17	0	-1.8850619e-17
9.570009999913565e-09	-2.2985378e-07	-6.439153e-08	0.00019503557	0.07228971	-7.257385e-17	-8.910664e-17	5.4431793e-17	-1.904836e-17	0	-1.8850629e-17
9.580009999913444e-09	-2.424089e-07	-5.9961195e-08	0.00019488925	0.07229153	-7.257437e-17	-8.910219e-17	5.4429024e-17	-1.9050565e-17	0	-1.885064e-17
9.590009999913323e-09	-2.3025774e-07	-6.0841195e-08	0.00019477805	0.07229322	-7.257488e-17	-8.9097913e-17	5.442637e-17	-1.9052688e-17	0	-1.8850652e-17
9.600009999913202e-09	-2.2191674e-07	-7.1188744e-08	0.0001947178	0.072294705	-7.257536e-17	-8.909382e-17	5.442384e-17	-1.9054718e-17	0	-1.8850669e-17
9.610009999913081e-09	-2.0929143e-07	-7.322184e-08	0.00019463417	0.07229589	-7.2575834e-17	-8.9089966e-17	5.442145e-17	-1.9056642e-17	0	-1.8850683e-17
9.62000999991296e-09	-2.035411e-07	-6.915565e-08	0.00019460151	0.072296746	-7.25763e-17	-8.9086326e-17	5.4419203e-17	-1.905847e-17	0	-1.8850702e-17
9.630009999912839e-09	-2.1429452e-07	-7.4041154e-08	0.00019462536	0.07229716	-7.257674e-17	-8.9082945e-17	5.4417106e-17	-1.9060184e-17	0	-1.885072e-17
9.640009999912718e-09	-2.0167869e-07	-7.191702e-08	0.00019463089	0.07229719	-7.257718e-17	-8.9079835e-17	5.4415163e-17	-1.906178e-17	0	-1.8850738e-17
9.650009999912597e-09	-2.1247384e-07	-6.317774e-08	0.00019461267	0.07229701	-7.257758e-17	-8.9076976e-17	5.4413403e-17	-1.9063257e-17	0	-1.8850756e-17
9.660009999912476e-09	-2.1954415e-07	-4.776261e-08	0.00019459665	0.0722965	-7.257797e-17	-8.9074395e-17	5.4411808e-17	-1.9064612e-17	0	-1.8850774e-17
9.670009999912355e-09	-2.0818574e-07	-4.9552952e-08	0.00019459092	0.07229546	-7.257836e-17	-8.907209e-17	5.4410372e-17	-1.9065848e-17	0	-1.8850793e-17
9.680009999912234e-09	-2.0687523e-07	-5.607707e-08	0.00019467773	0.07229411	-7.257872e-17	-8.9070074e-17	5.4409125e-17	-1.9066958e-17	0	-1.8850814e-17
9.690009999912113e-09	-2.0099972e-07	-7.7955626e-08	0.00019487	0.07229239	-7.257905e-17	-8.9068314e-17	5.440804e-17	-1.9067944e-17	0	-1.885083e-17
9.700009999911992e-09	-2.072754e-07	-7.5983216e-08	0.00019504075	0.072290316	-7.2579375e-17	-8.906684e-17	5.4407127e-17	-1.9068816e-17	0	-1.8850847e-17
9.710009999911871e-09	-2.0588523e-07	-5.4772247e-08	0.00019517442	0.07228785	-7.257968e-17	-8.906565e-17	5.440639e-17	-1.9069569e-17	0	-1.8850865e-17
9.72000999991175e-09	-1.9878836e-07	-6.0659126e-08	0.00019527489	0.07228495	-7.257998e-17	-8.9064694e-17	5.4405803e-17	-1.9070206e-17	0	-1.8850879e-17
9.730009999911629e-09	-2.0286973e-07	-6.317774e-08	0.00019536701	0.0722818	-7.2580255e-17	-8.9064e-17	5.440538e-17	-1.9070738e-17	0	-1.8850894e-17
9.740009999911508e-09	-1.8477478e-07	-7.592253e-08	0.00019550184	0.07227836	-7.2580526e-17	-8.906355e-17	5.4405095e-17	-1.9071167e-17	0	-1.8850908e-17
9.750009999911387e-09	-1.7848772e-07	-7.164392e-08	0.0001956306	0.07227464	-7.2580784e-17	-8.906332e-17	5.4404956e-17	-1.9071501e-17	0	-1.885092e-17
9.760009999911266e-09	-1.7747877e-07	-6.669773e-08	0.00019577918	0.072270714	-7.2581016e-17	-8.906329e-17	5.440495e-17	-1.907174e-17	0	-1.8850933e-17
9.770009999911145e-09	-1.8555046e-07	-6.402739e-08	0.00019592994	0.072266564	-7.258125e-17	-8.9063476e-17	5.4405062e-17	-1.9071893e-17	0	-1.8850942e-17
9.780009999911024e-09	-1.7874187e-07	-4.9704674e-08	0.00019605011	0.07226221	-7.258147e-17	-8.9063834e-17	5.4405287e-17	-1.9071971e-17	0	-1.8850953e-17
9.790009999910903e-09	-1.6366053e-07	-3.3409552e-08	0.00019613684	0.072257735	-7.258168e-17	-8.9064356e-17	5.4405624e-17	-1.9071979e-17	0	-1.8850961e-17
9.800009999910782e-09	-1.7118982e-07	-6.360256e-08	0.00019622537	0.07225313	-7.258189e-17	-8.906505e-17	5.4406045e-17	-1.9071916e-17	0	-1.8850971e-17
9.810009999910661e-09	-1.8602461e-07	-6.563566e-08	0.00019639525	0.072248474	-7.258209e-17	-8.9065865e-17	5.4406554e-17	-1.9071799e-17	0	-1.8850978e-17
9.82000999991054e-09	-1.8534564e-07	-5.0979153e-08	0.00019657283	0.0722437	-7.2582266e-17	-8.90668e-17	5.4407143e-17	-1.9071623e-17	0	-1.8850985e-17
9.830009999910419e-09	-1.801529e-07	-5.2192945e-08	0.00019671758	0.07223893	-7.2582445e-17	-8.906785e-17	5.4407795e-17	-1.9071402e-17	0	-1.8850988e-17
9.840009999910298e-09	-1.6270089e-07	-7.08853e-08	0.00019689946	0.072234154	-7.258263e-17	-8.9068995e-17	5.4408506e-17	-1.907114e-17	0	-1.8850996e-17
9.850009999910177e-09	-1.5351021e-07	-6.79722e-08	0.00019711017	0.07222931	-7.258278e-17	-8.9070226e-17	5.4409277e-17	-1.9070836e-17	0	-1.8851001e-17
9.860009999910056e-09	-1.6106605e-07	-5.6896376e-08	0.00019728375	0.072224416	-7.2582955e-17	-8.9071536e-17	5.4410085e-17	-1.9070503e-17	0	-1.8851008e-17
9.870009999909935e-09	-1.5348367e-07	-6.669773e-08	0.00019739517	0.07221959	-7.2583114e-17	-8.907289e-17	5.4410935e-17	-1.9070143e-17	0	-1.8851013e-17
9.880009999909814e-09	-1.550009e-07	-6.1068775e-08	0.00019750981	0.072214805	-7.258326e-17	-8.90743e-17	5.4411818e-17	-1.9069756e-17	0	-1.8851016e-17
9.890009999909693e-09	-1.3124098e-07	-6.061361e-08	0.00019764481	0.07221014	-7.25834e-17	-8.907576e-17	5.441273e-17	-1.9069347e-17	0	-1.8851021e-17
9.900009999909572e-09	-1.2962512e-07	-6.5726695e-08	0.00019777472	0.07220557	-7.2583544e-17	-8.907726e-17	5.441366e-17	-1.9068922e-17	0	-1.8851024e-17
9.91000999990945e-09	-1.3672958e-07	-6.806324e-08	0.00019795206	0.07220118	-7.258369e-17	-8.9078776e-17	5.4414608e-17	-1.9068485e-17	0	-1.885103e-17
9.92000999990933e-09	-1.4515403e-07	-5.283018e-08	0.00019811955	0.07219689	-7.258382e-17	-8.908033e-17	5.4415574e-17	-1.9068029e-17	0	-1.8851031e-17
9.930009999909209e-09	-1.5023679e-07	-4.6700546e-08	0.00019826181	0.07219274	-7.258395e-17	-8.9081886e-17	5.441654e-17	-1.9067564e-17	0	-1.8851036e-17
9.940009999909088e-09	-1.4326129e-07	-5.8762577e-08	0.00019841135	0.07218871	-7.258407e-17	-8.908346e-17	5.4417526e-17	-1.9067095e-17	0	-1.8851038e-17
9.950009999908967e-09	-1.3345614e-07	-5.710879e-08	0.00019853807	0.07218483	-7.25842e-17	-8.908506e-17	5.441852e-17	-1.9066614e-17	0	-1.8851041e-17
9.960009999908846e-09	-1.320034e-07	-6.944393e-08	0.00019869031	0.072181106	-7.258433e-17	-8.908666e-17	5.4419504e-17	-1.9066133e-17	0	-1.8851044e-17
9.970009999908725e-09	-1.3806854e-07	-6.926186e-08	0.00019884777	0.072177544	-7.258443e-17	-8.908824e-17	5.44205e-17	-1.9065648e-17	0	-1.8851047e-17
9.980009999908604e-09	-1.3230684e-07	-4.9431574e-08	0.00019902004	0.07217413	-7.258454e-17	-8.9089834e-17	5.4421496e-17	-1.9065155e-17	0	-1.8851047e-17
9.990009999908483e-09	-1.3175304e-07	-3.7991608e-08	0.00019917528	0.07217084	-7.2584655e-17	-8.9091415e-17	5.4422482e-17	-1.9064672e-17	0	-1.8851049e-17
1.0000009999908362e-08	-1.3889543e-07	-4.255849e-08	0.00019927848	0.072167665	-7.258476e-17	-8.9093e-17	5.4423475e-17	-1.9064177e-17	0	-1.885105e-17
1.001000999990824e-08	-1.3397201e-07	-5.0357087e-08	0.00019937179	0.07216462	-7.258488e-17	-8.9094585e-17	5.4424458e-17	-1.9063687e-17	0	-1.8851056e-17
1.002000999990812e-08	-1.3621371e-07	-5.6501896e-08	0.0001995091	0.07216169	-7.258498e-17	-8.909616e-17	5.4425437e-17	-1.9063198e-17	0	-1.8851057e-17
1.0030009999907999e-08	-1.3341821e-07	-5.0023296e-08	0.00019967543	0.07215885	-7.258507e-17	-8.909772e-17	5.4426416e-17	-1.9062706e-17	0	-1.8851059e-17
1.0040009999907878e-08	-1.2871857e-07	-3.9660566e-08	0.00019980573	0.07215617	-7.258518e-17	-8.909929e-17	5.4427386e-17	-1.9062215e-17	0	-1.8851062e-17
1.0050009999907757e-08	-1.1128173e-07	-3.3424726e-08	0.00019995365	0.0721536	-7.258527e-17	-8.910083e-17	5.4428352e-17	-1.9061732e-17	0	-1.8851062e-17
1.0060009999907636e-08	-1.1933825e-07	-4.896123e-08	0.00020006241	0.072151124	-7.2585377e-17	-8.910237e-17	5.442931e-17	-1.9061242e-17	0	-1.8851064e-17
1.0070009999907515e-08	-1.285365e-07	-5.4423282e-08	0.00020017738	0.0721487	-7.2585456e-17	-8.91039e-17	5.443027e-17	-1.9060761e-17	0	-1.8851066e-17
1.0080009999907394e-08	-1.12639654e-07	-5.3877077e-08	0.00020026784	0.07214634	-7.258555e-17	-8.910542e-17	5.443121e-17	-1.9060278e-17	0	-1.8851066e-17
1.0090009999907273e-08	-1.1142586e-07	-5.122191e-08	0.00020034808	0.072144	-7.258565e-17	-8.9106907e-17	5.4432147e-17	-1.9059801e-17	0	-1.8851067e-17
1.0100009999907152e-08	-1.0106693e-07	-6.216119e-08	0.0002004515	0.07214177	-7.2585734e-17	-8.9108415e-17	5.443308e-17	-1.9059325e-17	0	-1.8851072e-17
1.011000999990703e-08	-9.956107e-08	-5.3482594e-08	0.00020053027	0.0721396	-7.2585813e-17	-8.91099e-17	5.4434007e-17	-1.9058852e-17	0	-1.8851072e-17
1.012000999990691e-08	-9.893522e-08	-4.149832e-08	0.00020060588	0.0721375	-7.2585906e-17	-8.911138e-17	5.4434926e-17	-1.905838e-17	0	-1.8851074e-17
1.0130009999906789e-08	-8.187009e-08	-4.1177806e-08	0.00020065153	0.07213546	-7.258598e-17	-8.911283e-17	5.4435836e-17	-1.9057915e-17	0	-1.8851076e-17
1.0140009999906668e-08	-8.0440095e-08	-3.941781e-08	0.0002007462	0.07213351	-7.2586065e-17	-8.911428e-17	5.443674e-17	-1.9057447e-17	0	-1.8851079e-17
1.0150009999906547e-08	-9.401178e-08	-4.4439865e-08	0.00020089422	0.072131656	-7.258615e-17	-8.911572e-17	5.4437643e-17	-1.905699e-17	0	-1.8851079e-17
1.0160009999906426e-08	-9.996693e-08	-6.223705e-08	0.00020102215	0.07212988	-7.258623e-17	-8.911714e-17	5.4438526e-17	-1.905653e-17	0	-1.885108e-17
1.0170009999906305e-08	-9.5764186e-08	-5.641086e-08	0.00020113944	0.072128266	-7.25863e-17	-8.9118547e-17	5.4439413e-17	-1.9056079e-17	0	-1.885108e-17
1.0180009999906184e-08	-8.914145e-08	-2.9646806e-08	0.00020124821	0.07212674	-7.2586376e-17	-8.9119956e-17	5.444029e-17	-1.9055622e-17	0	-1.8851082e-17
1.0190009999906063e-08	-8.507905e-08	-1.7994427e-08	0.00020130102	0.07212525	-7.258644e-17	-8.912134e-17	5.4441153e-17	-1.9055174e-17	0	-1.885108e-17
1.0200009999905942e-08	-8.152872e-08	-2.4700613e-08	0.00020135698	0.07212381	-7.258652e-17	-8.9122716e-17	5.4442014e-17	-1.905473e-17	0	-1.8851084e-17
1.021000999990582e-08	-6.909875e-08	-4.327159e-08	0.00020141547	0.072122425	-7.25866e-17	-8.912409e-17	5.4442867e-17	-1.9054289e-17	0	-1.8851084e-17
1.02200099999057e-08	-6.7945656e-08	-5.6699136e-08	0.00020150279	0.0721211	-7.258667e-17	-8.9125435e-17	5.444371e-17	-1.9053852e-17	0	-1.8851086e-17
1.0230009999905578e-08	-7.9287e-08	-4.5835723e-08	0.00020164328	0.07211983	-7.2586746e-17	-8.91268e-17	5.4444555e-17	-1.9053417e-17	0	-1.8851089e-17
1.0240009999905457e-08	-7.864976e-08	-3.8719882e-08	0.00020174898	0.07211862	-7.258681e-17	-8.9128135e-17	5.444539e-17	-1.9052982e-17	0	-1.8851089e-17
1.0250009999905336e-08	-5.7764996e-08	-4.9188813e-08	0.00020179492	0.072117485	-7.258688e-17	-8.912945e-17	5.4446216e-17	-1.9052554e-17	0	-1.8851089e-17
1.0260009999905215e-08	-6.161878e-08	-3.888678e-08	0.0002018195	0.07211639	-7.2586945e-17	-8.913076e-17	5.4447033e-17	-1.905213e-17	0	-1.885109e-17
1.0270009999905094e-08	-6.480118e-08	-1.9754422e-08	0.00020185985	0.07211533	-7.258701e-17	-8.9132066e-17	5.444785e-17	-1.9051705e-17	0	-1.8851089e-17
1.0280009999904973e-08	-6.063637e-08	-2.7735087e-08	0.00020190934	0.072114274	-7.2587084e-17	-8.913335e-17	5.4448648e-17	-1.9051288e-17	0	-1.885109e-17
1.0290009999904852e-08	-5.328156e-08	-4.4940553e-08	0.0002019629	0.072113246	-7.258714e-17	-8.913463e-17	5.4449452e-17	-1.905087e-17	0	-1.885109e-17
1.0300009999904731e-08	-5.5834313e-08	-3.1497834e-08	0.00020197115	0.07211224	-7.258721e-17	-8.91359e-17	5.4450236e-17	-1.905046e-17	0	-1.8851092e-17
1.031000999990461e-08	-7.28084e-08	-3.0162667e-08	0.00020197692	0.07211124	-7.258727e-17	-8.9137155e-17	5.4451027e-17	-1.9050052e-17	0	-1.8851094e-17
1.032000999990449e-08	-7.012289e-08	-3.0799907e-08	0.00020200766	0.07211025	-7.258733e-17	-8.91384e-17	5.4451807e-17	-1.9049647e-17	0	-1.8851094e-17
1.0330009999904368e-08	-4.490262e-08	-2.916129e-08	0.00020206893	0.0721093	-7.258739e-17	-8.913964e-17	5.4452585e-17	-1.9049238e-17	0	-1.8851094e-17
1.0340009999904247e-08	-2.9643013e-08	-1.2441341e-09	0.00020216682	0.072108366	-7.2587455e-17	-8.914086e-17	5.4453346e-17	-1.9048838e-17	0	-1.8851097e-17
1.0350009999904126e-08	-1.658719e-08	-4.55171e-11	0.0002022868	0.07210747	-7.258752e-17	-8.914209e-17	5.4454107e-17	-1.904844e-17	0	-1.8851097e-17
1.0360009999904005e-08	-2.8717498e-08	-2.9889563e-08	0.00020241078	0.07210663	-7.2587574e-17	-8.9143296e-17	5.4454865e-17	-1.9048047e-17	0	-1.8851099e-17
1.0370009999903884e-08	-3.8477122e-08	-2.2530966e-08	0.0002025295	0.072105825	-7.258764e-17	-8.914451e-17	5.445562e-17	-1.9047655e-17	0	-1.8851099e-17
1.0380009999903763e-08	-4.7398476e-08	-2.8675775e-09	0.00020260476	0.07210503	-7.25877e-17	-8.91457e-17	5.445636e-17	-1.9047265e-17	0	-1.8851099e-17
1.0390009999903642e-08	-4.8369508e-08	-1.01503135e-08	0.00020268669	0.072104305	-7.258775e-17	-8.914687e-17	5.4457095e-17	-1.9046878e-17	0	-1.88511e-17
1.0400009999903521e-08	-6.26505e-08	-3.1831625e-08	0.00020269798	0.07210369	-7.2587805e-17	-8.914804e-17	5.4457833e-17	-1.9046497e-17	0	-1.88511e-17
1.04100099999034e-08	-6.8412206e-08	-1.9208217e-08	0.00020269208	0.07210308	-7.2587865e-17	-8.914919e-17	5.4458547e-17	-1.904612e-17	0	-1.88511e-17
1.042000999990328e-08	-5.2921216e-08	-2.198476e-08	0.00020269242	0.07210251	-7.2587924e-17	-8.9150357e-17	5.445928e-17	-1.904574e-17	0	-1.8851102e-17
1.0430009999903158e-08	-2.89906e-08	-2.9085427e-08	0.00020273148	0.07210192	-7.258798e-17	-8.9151495e-17	5.445999e-17	-1.9045362e-17	0	-1.8851102e-17
1.0440009999903037e-08	-3.8344364e-08	-1.8859252e-08	0.0002027708	0.07210134	-7.258803e-17	-8.915263e-17	5.44607e-17	-1.9044988e-17	0	-1.8851102e-17
1.0450009999902916e-08	-3.5685407e-08	-2.2394413e-08	0.00020282663	0.07210081	-7.258808e-17	-8.9153765e-17	5.4461403e-17	-1.9044621e-17	0	-1.8851102e-17
1.0460009999902795e-08	-3.0162667e-08	-2.1833037e-08	0.00020286586	0.07210031	-7.258814e-17	-8.9154876e-17	5.44621e-17	-1.9044257e-17	0	-1.8851102e-17
1.0470009999902674e-08	-4.618848e-08	-1.44744385e-08	0.00020289692	0.07209982	-7.258819e-17	-8.9155995e-17	5.44628e-17	-1.9043893e-17	0	-1.8851107e-17
1.0480009999902553e-08	-3.5207478e-08	-1.2062032e-08	0.00020291998	0.07209937	-7.258825e-17	-8.91571e-17	5.4463484e-17	-1.9043529e-17	0	-1.8851105e-17
1.0490009999902432e-08	-1.490685e-08	-8.2537674e-09	0.00020296582	0.072098985	-7.2588295e-17	-8.915819e-17	5.4464172e-17	-1.9043172e-17	0	-1.8851105e-17
1.0500009999902311e-08	-1.31847875e-08	-9.907556e-09	0.000203066	0.07209859	-7.2588335e-17	-8.915927e-17	5.446485e-17	-1.9042814e-17	0	-1.8851107e-17
1.051000999990219e-08	-1.1811688e-08	-5.2951563e-09	0.0002031495	0.07209821	-7.2588394e-17	-8.916036e-17	5.446553e-17	-1.9042457e-17	0	-1.8851105e-17
1.052000999990207e-08	-1.4865127e-08	-1.371582e-08	0.0002032094	0.07209784	-7.258845e-17	-8.916144e-17	5.4466204e-17	-1.9042105e-17	0	-1.8851107e-17
1.0530009999901948e-08	-2.2754758e-08	-1.7721325e-08	0.00020322912	0.07209745	-7.25885e-17	-8.91625e-17	5.4466872e-17	-1.904175e-17	0	-1.8851109e-17
1.0540009999901827e-08	-2.782233e-08	-1.6735122e-08	0.00020329612	0.07209714	-7.258854e-17	-8.9163565e-17	5.446753e-17	-1.9041403e-17	0	-1.8851109e-17
1.0550009999901706e-08	-4.508469e-08	-1.7068913e-08	0.00020340698	0.072096825	-7.25886e-17	-8.916461e-17	5.446819e-17	-1.9041059e-17	0	-1.8851109e-17
1.0560009999901585e-08	-3.999436e-08	-9.482729e-09	0.00020350101	0.07209653	-7.2588646e-17	-8.916566e-17	5.446884e-17	-1.9040713e-17	0	-1.8851109e-17
1.0570009999901464e-08	-2.2307173e-08	1.9572355e-09	0.00020352115	0.07209622	-7.258869e-17	-8.9166695e-17	5.4469493e-17	-1.9040373e-17	0	-1.885111e-17
1.0580009999901343e-08	-2.3991305e-08	-1.7660636e-08	0.00020350443	0.07209593	-7.258872e-17	-8.9167714e-17	5.447014e-17	-1.9040033e-17	0	-1.885111e-17
1.0590009999901222e-08	-2.5914403e-08	-9.513074e-09	0.00020349427	0.07209566	-7.2588785e-17	-8.916876e-17	5.447078e-17	-1.9039693e-17	0	-1.885111e-17
1.0600009999901101e-08	-3.2188176e-08	-4.6882613e-09	0.00020359237	0.072095394	-7.2588824e-17	-8.916978e-17	5.4471425e-17	-1.9039357e-17	0	-1.885111e-17
1.061000999990098e-08	-1.1424793e-08	-8.0717e-09	0.00020371421	0.07209514	-7.2588884e-17	-8.91708e-17	5.447205e-17	-1.9039026e-17	0	-1.8851109e-17
1.0620009999900859e-08	1.3048236e-08	-2.2986136e-08	0.00020381915	0.07209494	-7.2588924e-17	-8.91718e-17	5.447268e-17	-1.9038695e-17	0	-1.885111e-17
1.0630009999900738e-08	-1.7068913e-09	-1.4899265e-08	0.0002038962	0.07209473	-7.258896e-17	-8.917279e-17	5.4473308e-17	-1.9038366e-17	0	-1.885111e-17
1.0640009999900617e-08	6.190326e-09	-1.8252358e-08	0.00020393428	0.072094545	-7.258901e-17	-8.917379e-17	5.4473923e-17	-1.9038033e-17	0	-1.885111e-17
1.0650009999900496e-08	1.5661676e-08	-1.3928233e-08	0.00020394505	0.07209439	-7.258905e-17	-8.917477e-17	5.4474542e-17	-1.903771e-17	0	-1.885111e-17
1.0660009999900375e-08	2.5485784e-08	-1.9223389e-08	0.00020395154	0.07209425	-7.258909e-17	-8.9175754e-17	5.4475157e-17	-1.9037385e-17	0	-1.8851114e-17
1.0670009999900254e-08	1.7740291e-08	-1.18951355e-08	0.00020395075	0.07209413	-7.258913e-17	-8.9176734e-17	5.4475773e-17	-1.9037064e-17	0	-1.8851114e-17
1.0680009999900133e-08	6.323084e-09	1.8297875e-08	0.00020396845	0.07209402	-7.2589175e-17	-8.9177693e-17	5.4476378e-17	-1.9036743e-17	0	-1.8851114e-17
1.0690009999900012e-08	1.2388238e-08	3.2499212e-08	0.000203996	0.072093956	-7.2589215e-17	-8.917866e-17	5.447698e-17	-1.903642e-17	0	-1.8851114e-17
1.0700009999899891e-08	1.8176497e-08	1.0999966e-08	0.00020402683	0.07209387	-7.258927e-17	-8.917962e-17	5.447758e-17	-1.903611e-17	0	-1.8851115e-17
1.071000999989977e-08	1.7979255e-08	-4.931019e-09	0.00020410093	0.0720938	-7.2589314e-17	-8.9180585e-17	5.4478175e-17	-1.9035792e-17	0	-1.8851115e-17
1.0720009999899649e-08	2.047511e-08	1.1606861e-09	0.00020418123	0.07209377	-7.2589354e-17	-8.918154e-17	5.4478774e-17	-1.9035474e-17	0	-1.8851115e-17
1.0730009999899528e-08	4.999295e-09	-4.1496424e-09	0.00020426643	0.072093695	-7.2589393e-17	-8.918248e-17	5.4479363e-17	-1.9035163e-17	0	-1.8851115e-17
1.0740009999899407e-08	9.6534185e-09	-3.4213687e-09	0.00020435336	0.07209365	-7.258942e-17	-8.918341e-17	5.4479958e-17	-1.9034854e-17	0	-1.8851115e-17
1.0750009999899286e-08	1.500547e-08	8.117216e-09	0.00020439763	0.072093636	-7.258948e-17	-8.9184364e-17	5.4480544e-17	-1.9034544e-17	0	-1.8851115e-17
1.0760009999899165e-08	2.6764056e-08	-7.586184e-11	0.00020443974	0.072093636	-7.258951e-17	-8.918529e-17	5.4481126e-17	-1.9034233e-17	0	-1.8851115e-17
1.0770009999899044e-08	3.424024e-08	1.0939277e-08	0.00020447656	0.07209361	-7.2589546e-17	-8.9186203e-17	5.4481702e-17	-1.9033927e-17	0	-1.8851115e-17
1.0780009999898923e-08	2.140821e-08	6.9641164e-09	0.00020449584	0.07209361	-7.25896e-17	-8.918713e-17	5.448228e-17	-1.9033621e-17	0	-1.8851117e-17
1.0790009999898802e-08	1.8874426e-08	5.211708e-09	0.00020452226	0.07209364	-7.258964e-17	-8.918806e-17	5.4482857e-17	-1.9033315e-17	0	-1.8851115e-17
1.0800009999898681e-08	2.1988553e-08	-1.9724078e-10	0.00020453711	0.07209367	-7.258968e-17	-8.9188976e-17	5.448343e-17	-1.9033014e-17	0	-1.8851117e-17
1.081000999989856e-08	2.3850962e-08	-5.3179146e-09	0.00020459185	0.0720937	-7.258972e-17	-8.9189876e-17	5.448399e-17	-1.9032715e-17	0	-1.8851117e-17
1.0820009999898439e-08	3.076956e-08	-3.5275753e-09	0.00020466122	0.072093725	-7.258975e-17	-8.9190776e-17	5.4484557e-17	-1.9032417e-17	0	-1.8851115e-17
1.0830009999898318e-08	2.8531637e-08	6.2206706e-10	0.00020473082	0.072093755	-7.258979e-17	-8.919167e-17	5.4485123e-17	-1.9032117e-17	0	-1.8851115e-17
1.0840009999898197e-08	2.2383034e-08	1.1326172e-08	0.00020478714	0.07209379	-7.2589824e-17	-8.919257e-17	5.4485685e-17	-1.9031818e-17	0	-1.8851119e-17
1.0850009999898076e-08	-8.1172163e-10	2.2409587e-08	0.00020481161	0.07209383	-7.258985e-17	-8.9193456e-17	5.448624e-17	-1.9031523e-17	0	-1.8851115e-17
1.0860009999897955e-08	-1.2926857e-08	4.0980563e-08	0.00020478957	0.072093844	-7.2589896e-17	-8.919435e-17	5.4486797e-17	-1.9031229e-17	0	-1.8851117e-17
1.0870009999897834e-08	-4.513779e-09	6.882944e-08	0.00020477104	0.07209386	-7.258993e-17	-8.9195236e-17	5.448735e-17	-1.9030933e-17	0	-1.8851117e-17
1.0880009999897713e-08	-6.239636e-09	7.422322e-08	0.00020480072	0.07209387	-7.2589976e-17	-8.9196116e-17	5.44879e-17	-1.903064e-17	0	-1.8851117e-17
1.0890009999897592e-08	1.125031e-08	6.682669e-08	0.00020484683	0.07209389	-7.2590016e-17	-8.919698e-17	5.4488442e-17	-1.9030354e-17	0	-1.8851119e-17
1.0900009999897471e-08	3.0447147e-08	4.9363297e-08	0.0002048789	0.07209392	-7.259005e-17	-8.919786e-17	5.4488994e-17	-1.9030063e-17	0	-1.8851119e-17
1.091000999989735e-08	2.512544e-08	5.3664664e-08	0.00020491167	0.07209396	-7.2590075e-17	-8.919873e-17	5.448954e-17	-1.902977e-17	0	-1.8851119e-17
1.0920009999897229e-08	3.3034038e-08	4.6799165e-08	0.00020495708	0.072094	-7.259013e-17	-8.919959e-17	5.449007e-17	-1.9029487e-17	0	-1.8851119e-17
1.0930009999897108e-08	3.3159207e-08	2.7241985e-08	0.00020498886	0.072094046	-7.2590154e-17	-8.920045e-17	5.4490615e-17	-1.90292e-17	0	-1.8851119e-17
1.0940009999896987e-08	2.7245779e-08	3.2590243e-08	0.00020502796	0.072094075	-7.2590194e-17	-8.920131e-17	5.449115e-17	-1.9028916e-17	0	-1.8851122e-17
1.0950009999896866e-08	2.9206808e-08	5.9020508e-08	0.00020511416	0.07209409	-7.259022e-17	-8.920216e-17	5.4491684e-17	-1.9028632e-17	0	-1.8851119e-17
1.0960009999896745e-08	3.7282298e-08	8.0337685e-08	0.00020518182	0.07209413	-7.259027e-17	-8.9203005e-17	5.4492214e-17	-1.902835e-17	0	-1.8851122e-17
1.0970009999896624e-08	6.264291e-08	6.128878e-08	0.0002051822	0.072094165	-7.259029e-17	-8.920385e-17	5.449275e-17	-1.9028066e-17	0	-1.8851119e-17
1.0980009999896503e-08	4.8672955e-08	5.2033634e-08	0.00020515856	0.07209422	-7.259033e-17	-8.9204706e-17	5.4493276e-17	-1.9027786e-17	0	-1.8851119e-17
1.0990009999896382e-08	4.998157e-08	5.05695e-08	0.00020515856	0.072094254	-7.2590366e-17	-8.920554e-17	5.44938e-17	-1.902751e-17	0	-1.8851119e-17
1.100000999989626e-08	5.984361e-08	5.673707e-08	0.00020517022	0.07209432	-7.25904e-17	-8.9206373e-17	5.449432e-17	-1.902723e-17	0	-1.8851119e-17
1.101000999989614e-08	4.8168474e-08	6.6272904e-08	0.00020523867	0.07209437	-7.259044e-17	-8.920721e-17	5.4494844e-17	-1.9026952e-17	0	-1.8851119e-17
1.1020009999896019e-08	3.5218857e-08	4.7747438e-08	0.0002053921	0.072094455	-7.2590465e-17	-8.920803e-17	5.4495364e-17	-1.9026678e-17	0	-1.8851122e-17
1.1030009999895898e-08	3.1437146e-08	4.890054e-08	0.00020552755	0.072094575	-7.2590505e-17	-8.9208875e-17	5.4495886e-17	-1.9026401e-17	0	-1.8851122e-17
1.1040009999895777e-08	2.8948877e-08	3.978195e-08	0.00020558065	0.07209468	-7.2590545e-17	-8.9209695e-17	5.4496396e-17	-1.9026125e-17	0	-1.8851122e-17
1.1050009999895656e-08	1.9542009e-08	5.2784667e-08	0.0002055678	0.072094776	-7.259057e-17	-8.921051e-17	5.4496912e-17	-1.9025852e-17	0	-1.8851122e-17
1.1060009999895535e-08	2.1848209e-08	5.923292e-08	0.00020554212	0.072094865	-7.259061e-17	-8.921133e-17	5.4497418e-17	-1.9025578e-17	0	-1.8851122e-17
1.1070009999895414e-08	2.3850962e-08	5.2208115e-08	0.00020554374	0.07209497	-7.259064e-17	-8.9212144e-17	5.449793e-17	-1.9025308e-17	0	-1.8851122e-17
1.1080009999895293e-08	4.907123e-08	6.3928766e-08	0.00020558691	0.072095074	-7.259067e-17	-8.921296e-17	5.449844e-17	-1.9025037e-17	0	-1.8851122e-17
1.1090009999895172e-08	6.400084e-08	6.364808e-08	0.0002056135	0.07209517	-7.2590704e-17	-8.921376e-17	5.4498944e-17	-1.9024767e-17	0	-1.8851122e-17
1.110000999989505e-08	5.995361e-08	5.5030178e-08	0.00020563146	0.07209526	-7.2590743e-17	-8.9214566e-17	5.449945e-17	-1.9024506e-17	0	-1.8851122e-17
1.111000999989493e-08	5.5265346e-08	5.965775e-08	0.00020562542	0.07209537	-7.259077e-17	-8.921536e-17	5.4499946e-17	-1.9024234e-17	0	-1.8851122e-17
1.1120009999894809e-08	6.633359e-08	5.735155e-08	0.00020565835	0.072095476	-7.259081e-17	-8.921616e-17	5.4500446e-17	-1.9023968e-17	0	-1.8851122e-17
1.1130009999894688e-08	7.151116e-08	5.4673624e-08	0.00020572024	0.07209559	-7.259083e-17	-8.921696e-17	5.450095e-17	-1.9023702e-17	0	-1.8851122e-17
1.1140009999894567e-08	8.135044e-08	6.4998424e-08	0.00020581669	0.07209569	-7.259086e-17	-8.9217755e-17	5.4501448e-17	-1.9023435e-17	0	-1.8851122e-17
1.1150009999894446e-08	8.03832e-08	7.677218e-08	0.00020591063	0.07209582	-7.2590896e-17	-8.921855e-17	5.4501945e-17	-1.9023169e-17	0	-1.8851124e-17
1.1160009999894325e-08	9.194454e-08	8.872042e-08	0.00020596986	0.07209596	-7.259092e-17	-8.9219344e-17	5.4502434e-17	-1.9022906e-17	0	-1.8851124e-17
1.1170009999894204e-08	1.060245e-07	9.3909364e-08	0.00020602751	0.072096094	-7.259097e-17	-8.922013e-17	5.4502927e-17	-1.9022644e-17	0	-1.8851124e-17
1.1180009999894083e-08	1.0276244e-07	9.364385e-08	0.00020607359	0.07209626	-7.2591e-17	-8.922092e-17	5.450342e-17	-1.9022383e-17	0	-1.8851124e-17
1.1190009999893962e-08	9.013145e-08	1.0332382e-07	0.00020610921	0.072096445	-7.2591035e-17	-8.92217e-17	5.4503917e-17	-1.9022122e-17	0	-1.8851124e-17
1.120000999989384e-08	9.286247e-08	1.14065855e-07	0.00020614816	0.072096646	-7.259106e-17	-8.922248e-17	5.4504403e-17	-1.9021859e-17	0	-1.8851124e-17
1.121000999989372e-08	9.435695e-08	1.10788626e-07	0.00020622234	0.07209685	-7.2591094e-17	-8.922326e-17	5.4504886e-17	-1.9021597e-17	0	-1.8851125e-17
1.1220009999893599e-08	7.73639e-08	1.1203276e-07	0.00020628351	0.07209706	-7.259112e-17	-8.9224035e-17	5.450537e-17	-1.9021339e-17	0	-1.8851125e-17
1.1230009999893478e-08	6.7190825e-08	1.198617e-07	0.00020632887	0.07209728	-7.2591154e-17	-8.922481e-17	5.4505855e-17	-1.9021081e-17	0	-1.8851125e-17
1.1240009999893357e-08	9.717901e-08	1.2052928e-07	0.00020636385	0.07209749	-7.259119e-17	-8.922558e-17	5.4506342e-17	-1.902082e-17	0	-1.8851125e-17
1.1250009999893235e-08	9.5282466e-08	1.2131825e-07	0.00020637181	0.07209769	-7.2591207e-17	-8.922634e-17	5.4506825e-17	-1.9020565e-17	0	-1.8851124e-17
1.1260009999893114e-08	8.1809404e-08	1.1119828e-07	0.00020634811	0.07209792	-7.2591227e-17	-8.92271e-17	5.45073e-17	-1.9020308e-17	0	-1.8851124e-17
1.1270009999892993e-08	6.6546e-08	1.0835346e-07	0.00020634905	0.072098136	-7.2591266e-17	-8.9227873e-17	5.4507778e-17	-1.9020052e-17	0	-1.8851124e-17
1.1280009999892872e-08	8.24163e-08	1.3133202e-07	0.00020641605	0.07209834	-7.259129e-17	-8.9228634e-17	5.4508254e-17	-1.90198e-17	0	-1.8851124e-17
1.1290009999892751e-08	9.9621765e-08	1.479761e-07	0.00020648506	0.072098546	-7.259133e-17	-8.9229395e-17	5.4508724e-17	-1.9019546e-17	0	-1.8851125e-17
1.130000999989263e-08	1.0047142e-07	1.4267336e-07	0.00020657967	0.07209874	-7.2591365e-17	-8.923015e-17	5.45092e-17	-1.9019294e-17	0	-1.8851125e-17
1.131000999989251e-08	9.479695e-08	1.1880722e-07	0.00020668357	0.07209892	-7.259139e-17	-8.9230904e-17	5.4509674e-17	-1.9019038e-17	0	-1.8851127e-17
1.1320009999892388e-08	1.05546576e-07	1.0952932e-07	0.0002067662	0.0720991	-7.259142e-17	-8.9231645e-17	5.4510147e-17	-1.9018791e-17	0	-1.8851124e-17
1.1330009999892267e-08	1.226079e-07	1.2072653e-07	0.0002067933	0.072099276	-7.259144e-17	-8.923239e-17	5.4510617e-17	-1.9018538e-17	0	-1.8851125e-17
1.1340009999892146e-08	1.2872236e-07	1.2972374e-07	0.00020679086	0.07209944	-7.259148e-17	-8.923315e-17	5.4511083e-17	-1.9018288e-17	0	-1.8851125e-17
1.1350009999892025e-08	1.2712927e-07	1.2566514e-07	0.00020680667	0.0720996	-7.2591504e-17	-8.923389e-17	5.451155e-17	-1.9018037e-17	0	-1.8851125e-17
1.1360009999891904e-08	1.3157477e-07	1.2221342e-07	0.00020686295	0.07209975	-7.259154e-17	-8.9234636e-17	5.4512016e-17	-1.9017789e-17	0	-1.8851127e-17
1.1370009999891783e-08	1.331527e-07	1.2078722e-07	0.00020690354	0.07209989	-7.259156e-17	-8.9235364e-17	5.4512473e-17	-1.9017539e-17	0	-1.8851125e-17
1.1380009999891662e-08	1.2735686e-07	1.1219966e-07	0.00020693122	0.07210001	-7.25916e-17	-8.923611e-17	5.4512936e-17	-1.9017293e-17	0	-1.8851127e-17
1.1390009999891541e-08	1.1848102e-07	1.0715485e-07	0.00020696469	0.07210015	-7.2591624e-17	-8.9236847e-17	5.45134e-17	-1.9017046e-17	0	-1.8851125e-17
1.140000999989142e-08	1.2238031e-07	1.0224658e-07	0.00020702148	0.072100274	-7.2591657e-17	-8.9237594e-17	5.451386e-17	-1.9016798e-17	0	-1.8851127e-17
1.14100099998913e-08	1.1781343e-07	1.2720513e-07	0.00020708257	0.07210044	-7.2591676e-17	-8.9238316e-17	5.451432e-17	-1.9016555e-17	0	-1.8851127e-17
1.1420009999891178e-08	1.1558309e-07	1.4691403e-07	0.00020713206	0.07210059	-7.259171e-17	-8.923905e-17	5.451478e-17	-1.9016307e-17	0	-1.8851127e-17
1.1430009999891057e-08	1.2593823e-07	1.33532e-07	0.00020718074	0.07210073	-7.259173e-17	-8.923978e-17	5.4515242e-17	-1.9016062e-17	0	-1.8851125e-17
1.1440009999890936e-08	1.3664234e-07	1.33092e-07	0.00020723087	0.07210088	-7.259176e-17	-8.924051e-17	5.4515692e-17	-1.9015819e-17	0	-1.8851127e-17
1.1450009999890815e-08	1.2813064e-07	1.4344715e-07	0.00020725648	0.07210103	-7.2591796e-17	-8.924124e-17	5.4516142e-17	-1.9015574e-17	0	-1.8851125e-17
1.1460009999890694e-08	1.2234997e-07	1.4014715e-07	0.00020728075	0.07210117	-7.2591815e-17	-8.924196e-17	5.4516602e-17	-1.9015332e-17	0	-1.8851127e-17
1.1470009999890573e-08	1.2839615e-07	1.317189e-07	0.00020729026	0.07210133	-7.259185e-17	-8.924269e-17	5.4517055e-17	-1.9015089e-17	0	-1.8851127e-17
1.1480009999890452e-08	1.2111342e-07	1.4934162e-07	0.00020731926	0.072101474	-7.259187e-17	-8.9243405e-17	5.4517505e-17	-1.9014844e-17	0	-1.8851127e-17
1.1490009999890331e-08	1.2207687e-07	1.8062703e-07	0.00020738949	0.07210162	-7.25919e-17	-8.9244126e-17	5.4517955e-17	-1.9014604e-17	0	-1.8851127e-17
1.150000999989021e-08	1.473692e-07	1.9356906e-07	0.00020746622	0.07210175	-7.2591935e-17	-8.924485e-17	5.45184e-17	-1.9014366e-17	0	-1.8851127e-17
1.151000999989009e-08	1.7144775e-07	2.0654902e-07	0.0002075034	0.07210187	-7.259196e-17	-8.9245555e-17	5.451885e-17	-1.9014123e-17	0	-1.8851127e-17
1.1520009999889968e-08	1.8413185e-07	2.1841382e-07	0.0002075138	0.07210199	-7.2591994e-17	-8.9246277e-17	5.4519296e-17	-1.9013885e-17	0	-1.8851127e-17
1.1530009999889847e-08	1.8127186e-07	2.1010695e-07	0.00020754806	0.07210208	-7.2592014e-17	-8.924699e-17	5.4519742e-17	-1.9013645e-17	0	-1.8851127e-17
1.1540009999889726e-08	1.5431814e-07	1.9278009e-07	0.00020759442	0.07210215	-7.259204e-17	-8.924769e-17	5.452019e-17	-1.9013405e-17	0	-1.8851127e-17
1.1550009999889605e-08	1.3445752e-07	1.8499668e-07	0.0002076279	0.072102204	-7.2592074e-17	-8.9248414e-17	5.4520636e-17	-1.9013165e-17	0	-1.8851127e-17
1.1560009999889484e-08	1.3083891e-07	1.8337703e-07	0.00020766722	0.07210226	-7.2592093e-17	-8.924912e-17	5.452108e-17	-1.9012925e-17	0	-1.8851127e-17
1.1570009999889363e-08	1.36832e-07	1.7510429e-07	0.00020772258	0.072102316	-7.2592126e-17	-8.924983e-17	5.4521526e-17	-1.901269e-17	0	-1.8851127e-17
1.1580009999889242e-08	1.5758779e-07	1.6665328e-07	0.00020777303	0.07210237	-7.259214e-17	-8.925053e-17	5.4521962e-17	-1.9012452e-17	0	-1.8851127e-17
1.1590009999889121e-08	1.6863328e-07	1.653864e-07	0.00020782114	0.07210243	-7.259217e-17	-8.925123e-17	5.4522406e-17	-1.9012215e-17	0	-1.8851127e-17
1.1600009999889e-08	1.5803538e-07	1.7351879e-07	0.0002078545	0.07210247	-7.25922e-17	-8.925193e-17	5.452284e-17	-1.9011982e-17	0	-1.8851127e-17
1.1610009999888879e-08	1.5269471e-07	1.8532288e-07	0.00020786191	0.07210251	-7.259223e-17	-8.9252636e-17	5.4523276e-17	-1.9011745e-17	0	-1.8851127e-17
1.1620009999888758e-08	1.3773474e-07	1.9828008e-07	0.00020786711	0.07210254	-7.259226e-17	-8.925333e-17	5.4523713e-17	-1.9011512e-17	0	-1.8851127e-17
1.1630009999888637e-08	1.2264583e-07	1.9618629e-07	0.00020788716	0.07210259	-7.2592285e-17	-8.9254026e-17	5.452415e-17	-1.901128e-17	0	-1.8851127e-17
1.1640009999888516e-08	1.3143821e-07	1.9540113e-07	0.00020792813	0.07210263	-7.2592305e-17	-8.925472e-17	5.4524583e-17	-1.9011046e-17	0	-1.8851129e-17
1.1650009999888395e-08	1.3377476e-07	1.9309113e-07	0.00020798818	0.072102666	-7.259233e-17	-8.925541e-17	5.452502e-17	-1.9010812e-17	0	-1.8851127e-17
1.1660009999888274e-08	1.2703823e-07	1.8863045e-07	0.00020805806	0.0721027	-7.259236e-17	-8.9256117e-17	5.4525453e-17	-1.9010579e-17	0	-1.8851129e-17
1.1670009999888153e-08	1.2905616e-07	2.1439693e-07	0.0002081474	0.07210275	-7.259239e-17	-8.9256805e-17	5.4525886e-17	-1.9010348e-17	0	-1.8851129e-17
1.1680009999888032e-08	1.4867403e-07	2.309348e-07	0.00020821807	0.07210278	-7.259242e-17	-8.925749e-17	5.452632e-17	-1.9010118e-17	0	-1.8851129e-17
1.1690009999887911e-08	1.6242019e-07	2.620685e-07	0.00020825297	0.07210281	-7.2592444e-17	-8.925818e-17	5.4526747e-17	-1.9009884e-17	0	-1.8851129e-17
1.170000999988779e-08	1.5473539e-07	2.778288e-07	0.0002082852	0.07210286	-7.2592464e-17	-8.925886e-17	5.4527174e-17	-1.9009651e-17	0	-1.8851129e-17
1.1710009999887669e-08	1.4683818e-07	2.6494368e-07	0.00020833287	0.07210293	-7.259249e-17	-8.925954e-17	5.4527604e-17	-1.9009421e-17	0	-1.8851129e-17
1.1720009999887548e-08	1.4580645e-07	2.6111644e-07	0.00020839607	0.072103	-7.259252e-17	-8.9260226e-17	5.4528034e-17	-1.9009191e-17	0	-1.8851129e-17
1.1730009999887427e-08	1.5202713e-07	2.5903782e-07	0.00020848191	0.072103105	-7.259255e-17	-8.9260914e-17	5.4528457e-17	-1.9008963e-17	0	-1.8851129e-17
1.1740009999887306e-08	1.4853748e-07	2.5430785e-07	0.0002085654	0.072103225	-7.259256e-17	-8.926159e-17	5.4528884e-17	-1.9008731e-17	0	-1.8851127e-17
1.1750009999887185e-08	1.3525407e-07	2.6251988e-07	0.0002086183	0.072103344	-7.259259e-17	-8.926227e-17	5.4529308e-17	-1.9008505e-17	0	-1.8851127e-17
1.1760009999887064e-08	1.16432744e-07	2.8300258e-07	0.00020867934	0.07210348	-7.259262e-17	-8.9262946e-17	5.452973e-17	-1.9008276e-17	0	-1.8851127e-17
1.1770009999886943e-08	1.16766536e-07	2.8564637e-07	0.00020873123	0.072103605	-7.259264e-17	-8.926362e-17	5.4530155e-17	-1.900805e-17	0	-1.8851127e-17
1.1780009999886822e-08	1.3668786e-07	2.9100602e-07	0.00020880057	0.07210371	-7.2592676e-17	-8.92643e-17	5.4530575e-17	-1.9007825e-17	0	-1.8851127e-17
1.1790009999886701e-08	1.4898507e-07	2.9878564e-07	0.00020887249	0.072103865	-7.2592696e-17	-8.9264964e-17	5.4530995e-17	-1.9007596e-17	0	-1.8851127e-17
1.180000999988658e-08	1.6282985e-07	2.997339e-07	0.00020892569	0.07210401	-7.259272e-17	-8.926563e-17	5.4531412e-17	-1.900737e-17	0	-1.8851127e-17
1.1810009999886459e-08	1.829484e-07	2.960053e-07	0.0002089532	0.07210414	-7.259274e-17	-8.92663e-17	5.453184e-17	-1.9007146e-17	0	-1.8851127e-17
1.1820009999886338e-08	1.797167e-07	3.0350805e-07	0.00020898868	0.07210428	-7.2592775e-17	-8.9266976e-17	5.4532252e-17	-1.9006923e-17	0	-1.8851129e-17
1.1830009999886217e-08	1.8269047e-07	3.0771838e-07	0.0002090155	0.072104424	-7.25928e-17	-8.9267644e-17	5.453267e-17	-1.9006698e-17	0	-1.8851129e-17
1.1840009999886096e-08	1.8496632e-07	3.1546386e-07	0.00020904819	0.072104566	-7.259282e-17	-8.9268306e-17	5.4533086e-17	-1.9006471e-17	0	-1.8851127e-17
1.1850009999885975e-08	1.8055117e-07	3.1124594e-07	0.00020908154	0.07210472	-7.259285e-17	-8.926897e-17	5.45335e-17	-1.9006251e-17	0	-1.8851129e-17
1.1860009999885854e-08	1.8534564e-07	2.985429e-07	0.00020911753	0.072104864	-7.259288e-17	-8.9269636e-17	5.453391e-17	-1.9006028e-17	0	-1.8851129e-17
1.1870009999885733e-08	1.9196838e-07	3.0783974e-07	0.00020913495	0.07210503	-7.25929e-17	-8.927029e-17	5.4534324e-17	-1.9005806e-17	0	-1.8851129e-17
1.1880009999885612e-08	2.0356765e-07	3.1778524e-07	0.00020915919	0.072105184	-7.259292e-17	-8.9270946e-17	5.4534734e-17	-1.9005585e-17	0	-1.8851129e-17
1.1890009999885491e-08	2.0742144e-07	3.197311e-07	0.0002091932	0.07210534	-7.2592954e-17	-8.92716e-17	5.4535148e-17	-1.9005365e-17	0	-1.8851132e-17
1.190000999988537e-08	2.0537317e-07	3.2269728e-07	0.00020925798	0.07210548	-7.259297e-17	-8.9272257e-17	5.4535558e-17	-1.9005143e-17	0	-1.8851129e-17
1.1910009999885249e-08	2.0444764e-07	3.1538042e-07	0.00020932575	0.07210563	-7.2593e-17	-8.927291e-17	5.453596e-17	-1.9004925e-17	0	-1.8851132e-17
1.1920009999885128e-08	1.9529871e-07	3.2174523e-07	0.00020939566	0.07210579	-7.2593026e-17	-8.927357e-17	5.4536372e-17	-1.9004705e-17	0	-1.8851132e-17
1.1930009999885007e-08	1.8442013e-07	3.2553072e-07	0.00020945823	0.072105944	-7.259305e-17	-8.927422e-17	5.4536782e-17	-1.9004483e-17	0	-1.8851132e-17
1.1940009999884886e-08	1.6861051e-07	3.327869e-07	0.00020951667	0.07210607	-7.2593066e-17	-8.927487e-17	5.4537192e-17	-1.9004264e-17	0	-1.8851132e-17
1.1950009999884765e-08	1.81416e-07	3.3835897e-07	0.00020956906	0.07210621	-7.259309e-17	-8.9275506e-17	5.453759e-17	-1.9004046e-17	0	-1.8851132e-17
1.1960009999884644e-08	1.8936632e-07	3.584851e-07	0.00020960919	0.07210634	-7.259311e-17	-8.9276154e-17	5.4538e-17	-1.9003828e-17	0	-1.8851129e-17
1.1970009999884523e-08	1.7709188e-07	3.722692e-07	0.00020964193	0.07210648	-7.259314e-17	-8.92768e-17	5.4538407e-17	-1.9003613e-17	0	-1.8851127e-17
1.1980009999884402e-08	1.636264e-07	3.6698543e-07	0.00020965599	0.0721066	-7.2593165e-17	-8.927746e-17	5.453881e-17	-1.900339e-17	0	-1.8851127e-17
1.199000999988428e-08	1.5489469e-07	3.7080508e-07	0.00020967532	0.07210672	-7.2593185e-17	-8.927809e-17	5.4539214e-17	-1.9003173e-17	0	-1.8851129e-17
1.200000999988416e-08	1.4595817e-07	3.733199e-07	0.00020971124	0.072106846	-7.259322e-17	-8.927874e-17	5.453962e-17	-1.9002956e-17	0	-1.8851129e-17
1.2010009999884039e-08	1.5597193e-07	3.780347e-07	0.000209772	0.07210696	-7.259323e-17	-8.92794e-17	5.4540018e-17	-1.9002739e-17	0	-1.8851129e-17
1.2020009999883918e-08	1.7312429e-07	3.732175e-07	0.00020985739	0.07210708	-7.259326e-17	-8.9280025e-17	5.4540422e-17	-1.9002526e-17	0	-1.8851127e-17
1.2030009999883797e-08	1.8461736e-07	3.830378e-07	0.00020994664	0.07210721	-7.259328e-17	-8.928067e-17	5.4540822e-17	-1.9002307e-17	0	-1.8851127e-17
1.2040009999883676e-08	2.0487248e-07	4.03676e-07	0.00021002759	0.07210734	-7.2593304e-17	-8.9281316e-17	5.4541226e-17	-1.9002089e-17	0	-1.8851127e-17
1.2050009999883555e-08	2.1010695e-07	4.108146e-07	0.00021008415	0.072107464	-7.259334e-17	-8.9281964e-17	5.4541623e-17	-1.9001874e-17	0	-1.8851127e-17
1.2060009999883434e-08	1.9890214e-07	4.2063112e-07	0.00021009408	0.07210759	-7.2593364e-17	-8.928259e-17	5.4542016e-17	-1.9001657e-17	0	-1.8851132e-17
1.2070009999883313e-08	1.9578422e-07	4.3712348e-07	0.00021008949	0.07210771	-7.259339e-17	-8.9283235e-17	5.4542417e-17	-1.9001444e-17	0	-1.8851132e-17
1.2080009999883192e-08	1.9426699e-07	4.3956624e-07	0.00021009147	0.07210783	-7.259341e-17	-8.9283864e-17	5.4542814e-17	-1.9001229e-17	0	-1.8851129e-17
1.209000999988307e-08	1.9854559e-07	4.5124136e-07	0.00021010033	0.07210795	-7.2593423e-17	-8.928449e-17	5.4543218e-17	-1.9001017e-17	0	-1.8851132e-17
1.210000999988295e-08	2.0221731e-07	4.844385e-07	0.00021013085	0.072108075	-7.2593457e-17	-8.9285134e-17	5.454361e-17	-1.9000804e-17	0	-1.8851132e-17
1.2110009999882829e-08	2.0711799e-07	5.0434465e-07	0.0002101822	0.0721082	-7.2593476e-17	-8.928576e-17	5.454401e-17	-1.900059e-17	0	-1.8851132e-17
1.2120009999882708e-08	2.0992488e-07	4.999067e-07	0.00021025138	0.072108336	-7.25935e-17	-8.928639e-17	5.45444e-17	-1.9000377e-17	0	-1.8851132e-17
1.2130009999882587e-08	2.2212346e-07	5.014809e-07	0.00021034102	0.07210846	-7.259352e-17	-8.9287014e-17	5.454479e-17	-1.9000167e-17	0	-1.8851132e-17
1.2140009999882466e-08	2.3565721e-07	5.1362633e-07	0.00021044195	0.0721086	-7.259355e-17	-8.928765e-17	5.4545183e-17	-1.8999953e-17	0	-1.8851132e-17
1.2150009999882345e-08	2.4806062e-07	5.2284355e-07	0.00021053977	0.07210874	-7.259357e-17	-8.928827e-17	5.4545577e-17	-1.8999743e-17	0	-1.8851132e-17
1.2160009999882224e-08	2.6029713e-07	5.256808e-07	0.00021063366	0.07210889	-7.259359e-17	-8.928889e-17	5.454597e-17	-1.8999533e-17	0	-1.8851132e-17
1.2170009999882103e-08	2.616323e-07	5.2356427e-07	0.00021072173	0.072109014	-7.259362e-17	-8.928953e-17	5.454636e-17	-1.8999321e-17	0	-1.8851132e-17
1.2180009999881982e-08	2.4293993e-07	5.310594e-07	0.0002107721	0.07210914	-7.2593635e-17	-8.9290144e-17	5.454675e-17	-1.8999111e-17	0	-1.8851132e-17
1.219000999988186e-08	2.4179442e-07	5.504535e-07	0.00021079043	0.07210925	-7.259366e-17	-8.929078e-17	5.4547142e-17	-1.8998901e-17	0	-1.8851132e-17
1.220000999988174e-08	2.532268e-07	5.6457895e-07	0.000210826	0.072109364	-7.259369e-17	-8.9291394e-17	5.4547526e-17	-1.8998693e-17	0	-1.8851132e-17
1.2210009999881619e-08	2.594323e-07	5.842196e-07	0.00021085767	0.072109476	-7.2593715e-17	-8.9292016e-17	5.4547916e-17	-1.8998482e-17	0	-1.8851133e-17
1.2220009999881498e-08	2.594475e-07	5.9681264e-07	0.0002108874	0.07210959	-7.259373e-17	-8.9292625e-17	5.4548303e-17	-1.8998274e-17	0	-1.8851132e-17
1.2230009999881377e-08	2.4151373e-07	5.9651677e-07	0.00021091703	0.072109684	-7.2593754e-17	-8.929324e-17	5.4548684e-17	-1.8998066e-17	0	-1.8851132e-17
1.2240009999881256e-08	2.380241e-07	5.957582e-07	0.00021095126	0.07210978	-7.259377e-17	-8.9293856e-17	5.4549077e-17	-1.8997855e-17	0	-1.8851132e-17
1.2250009999881135e-08	2.3954132e-07	6.030409e-07	0.00021098815	0.07210988	-7.259381e-17	-8.929448e-17	5.4549455e-17	-1.8997649e-17	0	-1.8851132e-17
1.2260009999881014e-08	2.5670127e-07	6.020471e-07	0.0002110117	0.07210997	-7.259382e-17	-8.9295093e-17	5.4549848e-17	-1.8997442e-17	0	-1.8851132e-17
1.2270009999880893e-08	2.6620677e-07	5.9972575e-07	0.00021102451	0.072110064	-7.259384e-17	-8.92957e-17	5.455023e-17	-1.8997235e-17	0	-1.8851132e-17
1.2280009999880772e-08	2.55533e-07	6.135933e-07	0.00021107361	0.072110154	-7.259387e-17	-8.9296324e-17	5.4550613e-17	-1.8997028e-17	0	-1.8851132e-17
1.229000999988065e-08	2.5732334e-07	6.215967e-07	0.00021114692	0.07211025	-7.259389e-17	-8.9296926e-17	5.4550996e-17	-1.899682e-17	0	-1.8851132e-17
1.230000999988053e-08	2.7035642e-07	6.3123116e-07	0.0002112047	0.07211038	-7.259391e-17	-8.929754e-17	5.4551377e-17	-1.8996618e-17	0	-1.8851132e-17
1.2310009999880408e-08	2.7549225e-07	6.48338e-07	0.00021126545	0.07211049	-7.259393e-17	-8.929815e-17	5.4551757e-17	-1.899641e-17	0	-1.8851132e-17
1.2320009999880287e-08	2.681109e-07	6.549911e-07	0.00021132462	0.07211064	-7.259396e-17	-8.929875e-17	5.4552135e-17	-1.8996208e-17	0	-1.8851132e-17
1.2330009999880166e-08	2.606006e-07	6.5309837e-07	0.00021139113	0.07211078	-7.2593986e-17	-8.929936e-17	5.4552515e-17	-1.8996004e-17	0	-1.8851132e-17
1.2340009999880045e-08	2.7364882e-07	6.5412627e-07	0.00021146104	0.07211092	-7.259401e-17	-8.929998e-17	5.4552896e-17	-1.8995797e-17	0	-1.8851132e-17
1.2350009999879924e-08	2.8182671e-07	6.477539e-07	0.0002115363	0.07211105	-7.259402e-17	-8.9300566e-17	5.4553273e-17	-1.8995594e-17	0	-1.8851132e-17
1.2360009999879803e-08	2.9487495e-07	6.4160906e-07	0.00021160112	0.07211118	-7.259404e-17	-8.930118e-17	5.4553653e-17	-1.899539e-17	0	-1.8851132e-17
1.2370009999879682e-08	3.0455493e-07	6.4201873e-07	0.0002116669	0.07211131	-7.2594065e-17	-8.930178e-17	5.455403e-17	-1.8995185e-17	0	-1.8851132e-17
1.2380009999879561e-08	3.076425e-07	6.2721426e-07	0.00021171643	0.07211144	-7.25941e-17	-8.9302386e-17	5.4554404e-17	-1.8994984e-17	0	-1.8851132e-17
1.239000999987944e-08	3.0744528e-07	6.243126e-07	0.00021175697	0.072111554	-7.2594125e-17	-8.930299e-17	5.4554775e-17	-1.899478e-17	0	-1.8851132e-17
1.240000999987932e-08	2.9999563e-07	6.323236e-07	0.00021180327	0.072111666	-7.259414e-17	-8.930359e-17	5.4555155e-17	-1.8994578e-17	0	-1.8851132e-17
1.2410009999879198e-08	3.0875768e-07	6.4132837e-07	0.00021185486	0.072111785	-7.2594165e-17	-8.9304186e-17	5.455553e-17	-1.8994375e-17	0	-1.8851132e-17
1.2420009999879077e-08	3.0716458e-07	6.4782216e-07	0.00021192727	0.0721119	-7.259419e-17	-8.930479e-17	5.4555903e-17	-1.899417e-17	0	-1.8851132e-17
1.2430009999878956e-08	3.1563076e-07	6.5500626e-07	0.00021201163	0.07211202	-7.259421e-17	-8.930539e-17	5.4556284e-17	-1.8993971e-17	0	-1.8851133e-17
1.2440009999878835e-08	3.333976e-07	6.573428e-07	0.00021207426	0.07211215	-7.259423e-17	-8.930599e-17	5.4556654e-17	-1.899377e-17	0	-1.8851132e-17
1.2450009999878714e-08	3.4347963e-07	6.6904073e-07	0.00021212365	0.07211226	-7.2594264e-17	-8.930659e-17	5.4557025e-17	-1.8993566e-17	0	-1.8851133e-17
1.2460009999878593e-08	3.5017064e-07	6.890948e-07	0.00021217894	0.07211242	-7.259427e-17	-8.930718e-17	5.4557402e-17	-1.8993367e-17	0	-1.8851133e-17
1.2470009999878472e-08	3.5114925e-07	7.013958e-07	0.00021224855	0.072112545	-7.2594304e-17	-8.930777e-17	5.4557773e-17	-1.8993167e-17	0	-1.8851133e-17
1.2480009999878351e-08	3.5479064e-07	7.155516e-07	0.00021231301	0.07211271	-7.259432e-17	-8.930837e-17	5.4558147e-17	-1.8992964e-17	0	-1.8851133e-17
1.249000999987823e-08	3.642582e-07	7.322905e-07	0.00021237187	0.072112866	-7.259434e-17	-8.9308964e-17	5.455852e-17	-1.8992763e-17	0	-1.8851133e-17
1.250000999987811e-08	3.7527334e-07	7.598549e-07	0.00021242788	0.07211303	-7.2594357e-17	-8.930955e-17	5.455889e-17	-1.8992566e-17	0	-1.8851133e-17
1.2510009999877988e-08	3.8112987e-07	7.7817555e-07	0.0002124765	0.0721132	-7.259438e-17	-8.9310135e-17	5.455925e-17	-1.8992368e-17	0	-1.8851133e-17
1.2520009999877867e-08	3.676568e-07	7.8156654e-07	0.00021254568	0.07211338	-7.25944e-17	-8.931073e-17	5.4559626e-17	-1.8992171e-17	0	-1.8851133e-17
1.2530009999877746e-08	3.5457822e-07	7.9825617e-07	0.0002126059	0.07211359	-7.259442e-17	-8.931131e-17	5.455999e-17	-1.8991968e-17	0	-1.8851133e-17
1.2540009999877625e-08	3.5774926e-07	8.2919263e-07	0.00021268248	0.072113805	-7.259445e-17	-8.93119e-17	5.4560357e-17	-1.8991767e-17	0	-1.8851133e-17
1.2550009999877504e-08	3.7175334e-07	8.565636e-07	0.00021275955	0.07211401	-7.259447e-17	-8.9312484e-17	5.4560724e-17	-1.8991572e-17	0	-1.8851133e-17
1.2560009999877383e-08	3.8271537e-07	8.8314175e-07	0.00021283481	0.07211422	-7.259451e-17	-8.9313086e-17	5.4561088e-17	-1.8991377e-17	0	-1.8851133e-17
1.2570009999877262e-08	4.0690773e-07	9.0792963e-07	0.00021289865	0.07211445	-7.259451e-17	-8.9313655e-17	5.4561455e-17	-1.8991178e-17	0	-1.8851133e-17
1.2580009999877141e-08	4.1975872e-07	9.29262e-07	0.00021295655	0.07211468	-7.259454e-17	-8.9314244e-17	5.456182e-17	-1.8990982e-17	0	-1.8851133e-17
1.259000999987702e-08	4.2458353e-07	9.438616e-07	0.00021299819	0.07211493	-7.259456e-17	-8.9314827e-17	5.4562186e-17	-1.8990785e-17	0	-1.8851135e-17
1.26000099998769e-08	4.3878487e-07	9.4992674e-07	0.00021304886	0.07211517	-7.259459e-17	-8.931541e-17	5.456255e-17	-1.899059e-17	0	-1.8851135e-17
1.2610009999876778e-08	4.4195588e-07	9.476433e-07	0.00021308727	0.07211542	-7.259461e-17	-8.931599e-17	5.456291e-17	-1.8990393e-17	0	-1.8851133e-17
1.2620009999876657e-08	4.4522554e-07	9.590794e-07	0.00021312751	0.07211567	-7.259463e-17	-8.9316574e-17	5.456328e-17	-1.8990197e-17	0	-1.8851133e-17
1.2630009999876536e-08	4.4910206e-07	9.749876e-07	0.00021319257	0.07211591	-7.259464e-17	-8.931715e-17	5.456364e-17	-1.899e-17	0	-1.8851133e-17
1.2640009999876415e-08	4.4964827e-07	9.940404e-07	0.00021326425	0.072116144	-7.2594674e-17	-8.9317725e-17	5.4563996e-17	-1.8989807e-17	0	-1.8851133e-17
1.2650009999876294e-08	4.6256756e-07	1.0046269e-06	0.00021333052	0.0721164	-7.259469e-17	-8.931831e-17	5.4564364e-17	-1.8989612e-17	0	-1.8851133e-17
1.2660009999876173e-08	4.8958196e-07	1.0057117e-06	0.00021340688	0.07211663	-7.2594714e-17	-8.931888e-17	5.4564724e-17	-1.8989418e-17	0	-1.8851133e-17
1.2670009999876052e-08	5.104288e-07	1.0034094e-06	0.00021347594	0.072116844	-7.259474e-17	-8.931946e-17	5.4565078e-17	-1.8989225e-17	0	-1.8851133e-17
1.2680009999875931e-08	5.0220535e-07	1.0305375e-06	0.00021353894	0.07211708	-7.259477e-17	-8.932004e-17	5.456544e-17	-1.8989031e-17	0	-1.8851133e-17
1.269000999987581e-08	5.005212e-07	1.0500113e-06	0.00021359805	0.0721173	-7.2594787e-17	-8.932061e-17	5.4565796e-17	-1.8988838e-17	0	-1.8851133e-17
1.2700009999875689e-08	5.151019e-07	1.0599795e-06	0.00021363706	0.072117545	-7.259479e-17	-8.932118e-17	5.4566157e-17	-1.8988642e-17	0	-1.8851133e-17
1.2710009999875568e-08	5.2466044e-07	1.0655554e-06	0.00021367159	0.0721178	-7.259482e-17	-8.932175e-17	5.4566514e-17	-1.898845e-17	0	-1.8851133e-17
1.2720009999875447e-08	5.1868255e-07	1.0774656e-06	0.000213702	0.072118066	-7.259484e-17	-8.932233e-17	5.4566875e-17	-1.8988257e-17	0	-1.8851133e-17
1.2730009999875326e-08	5.0578603e-07	1.1007704e-06	0.00021372063	0.07211834	-7.259486e-17	-8.9322887e-17	5.4567232e-17	-1.8988065e-17	0	-1.8851133e-17
1.2740009999875205e-08	4.9666744e-07	1.1158214e-06	0.00021375547	0.07211862	-7.2594886e-17	-8.932346e-17	5.4567583e-17	-1.8987875e-17	0	-1.8851133e-17
1.2750009999875084e-08	5.0483015e-07	1.124151e-06	0.00021381665	0.072118916	-7.25949e-17	-8.9324025e-17	5.4567944e-17	-1.8987681e-17	0	-1.8851133e-17
1.2760009999874963e-08	5.090026e-07	1.1406206e-06	0.0002138817	0.07211919	-7.259494e-17	-8.932461e-17	5.456829e-17	-1.898749e-17	0	-1.8851133e-17
1.2770009999874842e-08	5.1006464e-07	1.1679613e-06	0.0002139362	0.072119474	-7.259495e-17	-8.9325176e-17	5.4568652e-17	-1.8987299e-17	0	-1.8851133e-17
1.2780009999874721e-08	5.072426e-07	1.1968835e-06	0.00021396916	0.072119765	-7.2594965e-17	-8.932573e-17	5.456901e-17	-1.8987107e-17	0	-1.8851133e-17
1.27900099998746e-08	5.080543e-07	1.2199114e-06	0.00021400624	0.072120056	-7.2594985e-17	-8.932631e-17	5.4569366e-17	-1.8986914e-17	0	-1.8851133e-17
1.2800009999874479e-08	5.1331153e-07	1.2330204e-06	0.00021404715	0.07212034	-7.259502e-17	-8.932688e-17	5.4569717e-17	-1.8986723e-17	0	-1.8851133e-17
1.2810009999874358e-08	5.2682253e-07	1.2665703e-06	0.00021412519	0.072120644	-7.259504e-17	-8.932743e-17	5.457007e-17	-1.8986535e-17	0	-1.8851133e-17
1.2820009999874237e-08	5.3684386e-07	1.3017133e-06	0.0002142127	0.072120965	-7.259506e-17	-8.9328e-17	5.4570422e-17	-1.8986344e-17	0	-1.8851133e-17
1.2830009999874116e-08	5.5106796e-07	1.3186759e-06	0.00021431175	0.07212126	-7.2595084e-17	-8.9328564e-17	5.457077e-17	-1.8986154e-17	0	-1.8851133e-17
1.2840009999873995e-08	5.6283415e-07	1.3411235e-06	0.00021441055	0.072121575	-7.25951e-17	-8.9329134e-17	5.457113e-17	-1.8985966e-17	0	-1.8851133e-17
1.2850009999873874e-08	5.844017e-07	1.3657975e-06	0.00021448266	0.07212189	-7.259512e-17	-8.9329696e-17	5.457148e-17	-1.8985775e-17	0	-1.8851133e-17
1.2860009999873753e-08	6.0503606e-07	1.3803365e-06	0.0002145363	0.072122216	-7.2595144e-17	-8.933025e-17	5.457183e-17	-1.8985587e-17	0	-1.8851133e-17
1.2870009999873632e-08	6.136919e-07	1.4039637e-06	0.00021458838	0.072122544	-7.259515e-17	-8.933081e-17	5.457219e-17	-1.8985396e-17	0	-1.8851133e-17
1.2880009999873511e-08	6.0355677e-07	1.4175467e-06	0.00021464312	0.07212285	-7.2595184e-17	-8.933138e-17	5.4572536e-17	-1.8985208e-17	0	-1.8851133e-17
1.289000999987339e-08	5.9595544e-07	1.4104916e-06	0.00021470313	0.07212318	-7.259521e-17	-8.933193e-17	5.4572877e-17	-1.8985018e-17	0	-1.8851133e-17
1.2900009999873269e-08	6.134492e-07	1.4288956e-06	0.00021476595	0.0721235	-7.2595223e-17	-8.933249e-17	5.457323e-17	-1.898483e-17	0	-1.8851133e-17
1.2910009999873148e-08	6.330746e-07	1.4568734e-06	0.00021482682	0.072123826	-7.259525e-17	-8.9333044e-17	5.4573575e-17	-1.8984642e-17	0	-1.8851133e-17
1.2920009999873027e-08	6.426256e-07	1.4800189e-06	0.00021489145	0.07212417	-7.259528e-17	-8.9333614e-17	5.457392e-17	-1.8984457e-17	0	-1.8851133e-17
1.2930009999872906e-08	6.4952906e-07	1.4904423e-06	0.00021494001	0.072124526	-7.259529e-17	-8.933416e-17	5.4574273e-17	-1.898427e-17	0	-1.8851133e-17
1.2940009999872785e-08	6.591483e-07	1.505535e-06	0.00021500216	0.07212488	-7.25953e-17	-8.933471e-17	5.457462e-17	-1.898408e-17	0	-1.8851133e-17
1.2950009999872664e-08	6.604759e-07	1.5169371e-06	0.00021506047	0.072125286	-7.259533e-17	-8.933527e-17	5.4574965e-17	-1.8983893e-17	0	-1.8851133e-17
1.2960009999872543e-08	6.649593e-07	1.5485032e-06	0.00021509604	0.07212566	-7.259535e-17	-8.9335824e-17	5.4575312e-17	-1.8983709e-17	0	-1.8851133e-17
1.2970009999872422e-08	6.7202967e-07	1.5752711e-06	0.00021514125	0.07212603	-7.259538e-17	-8.933637e-17	5.4575656e-17	-1.898352e-17	0	-1.8851135e-17
1.29800099998723e-08	6.8063997e-07	1.5720659e-06	0.00021520571	0.07212641	-7.2595395e-17	-8.9336936e-17	5.4576004e-17	-1.8983333e-17	0	-1.8851133e-17
1.299000999987218e-08	6.785386e-07	1.5637704e-06	0.00021527064	0.072126776	-7.259543e-17	-8.933748e-17	5.4576348e-17	-1.8983148e-17	0	-1.8851135e-17
1.3000009999872059e-08	6.7385037e-07	1.576849e-06	0.00021530742	0.07212714	-7.2595435e-17	-8.9338034e-17	5.45767e-17	-1.8982961e-17	0	-1.8851133e-17
1.3010009999871938e-08	6.777952e-07	1.6005026e-06	0.000215334	0.0721275	-7.2595455e-17	-8.933858e-17	5.4577046e-17	-1.898278e-17	0	-1.8851135e-17
1.3020009999871817e-08	6.7138484e-07	1.6211181e-06	0.00021536216	0.07212785	-7.259548e-17	-8.933914e-17	5.4577387e-17	-1.8982592e-17	0	-1.8851135e-17
1.3030009999871696e-08	6.669621e-07	1.6424922e-06	0.00021541411	0.0721282	-7.25955e-17	-8.933969e-17	5.457773e-17	-1.8982409e-17	0	-1.8851135e-17
1.3040009999871575e-08	6.637e-07	1.6674431e-06	0.00021547856	0.07212854	-7.2595515e-17	-8.934023e-17	5.4578068e-17	-1.8982222e-17	0	-1.8851133e-17
1.3050009999871454e-08	6.735317e-07	1.698463e-06	0.00021552561	0.072128884	-7.259555e-17	-8.934079e-17	5.4578412e-17	-1.898204e-17	0	-1.8851135e-17
1.3060009999871333e-08	6.862917e-07	1.7174095e-06	0.0002155713	0.072129235	-7.259556e-17	-8.934133e-17	5.4578753e-17	-1.8981851e-17	0	-1.8851135e-17
1.3070009999871212e-08	6.898572e-07	1.7256823e-06	0.00021565348	0.072129585	-7.259558e-17	-8.934187e-17	5.4579097e-17	-1.8981671e-17	0	-1.8851135e-17
1.308000999987109e-08	6.952282e-07	1.7525412e-06	0.00021577097	0.07212995	-7.2595614e-17	-8.934243e-17	5.4579438e-17	-1.8981487e-17	0	-1.8851135e-17
1.309000999987097e-08	7.1024886e-07	1.7804849e-06	0.0002158756	0.07213032	-7.259562e-17	-8.934297e-17	5.457978e-17	-1.8981304e-17	0	-1.8851135e-17
1.3100009999870849e-08	7.3024603e-07	1.821841e-06	0.00021593046	0.072130695	-7.259565e-17	-8.9343507e-17	5.4580116e-17	-1.898112e-17	0	-1.8851135e-17
1.3110009999870728e-08	7.3495704e-07	1.868166e-06	0.00021596906	0.07213105	-7.259567e-17	-8.934405e-17	5.4580454e-17	-1.8980938e-17	0	-1.8851135e-17
1.3120009999870607e-08	7.493632e-07	1.9019132e-06	0.00021602004	0.07213143	-7.25957e-17	-8.9344605e-17	5.4580798e-17	-1.8980753e-17	0	-1.8851135e-17
1.3130009999870486e-08	7.512749e-07	1.9278616e-06	0.00021607005	0.072131805	-7.25957e-17	-8.934513e-17	5.458114e-17	-1.8980572e-17	0	-1.8851135e-17
1.3140009999870365e-08	7.54188e-07	1.9390588e-06	0.00021611253	0.072132155	-7.2595726e-17	-8.934567e-17	5.458147e-17	-1.898039e-17	0	-1.8851135e-17
1.3150009999870244e-08	7.72319e-07	1.957903e-06	0.00021617007	0.072132505	-7.259575e-17	-8.934622e-17	5.458181e-17	-1.898021e-17	0	-1.8851133e-17
1.3160009999870123e-08	7.934238e-07	1.9772249e-06	0.00021624131	0.07213283	-7.259577e-17	-8.9346756e-17	5.4582148e-17	-1.8980026e-17	0	-1.8851133e-17
1.3170009999870002e-08	8.044389e-07	1.9804568e-06	0.00021632008	0.07213315	-7.2595786e-17	-8.9347285e-17	5.4582485e-17	-1.8979851e-17	0	-1.8851135e-17
1.318000999986988e-08	8.095368e-07	1.9978215e-06	0.00021639292	0.07213348	-7.259581e-17	-8.934783e-17	5.4582816e-17	-1.8979667e-17	0	-1.8851135e-17
1.319000999986976e-08	8.166375e-07	2.0264517e-06	0.00021645069	0.072133794	-7.259584e-17	-8.934838e-17	5.4583154e-17	-1.8979487e-17	0	-1.8851135e-17
1.3200009999869639e-08	8.3664224e-07	2.0640791e-06	0.00021649584	0.07213412	-7.259585e-17	-8.93489e-17	5.4583485e-17	-1.8979303e-17	0	-1.8851135e-17
1.3210009999869518e-08	8.5560015e-07	2.0757013e-06	0.00021652911	0.07213445	-7.259588e-17	-8.934944e-17	5.4583826e-17	-1.8979125e-17	0	-1.8851135e-17
1.3220009999869397e-08	8.674497e-07	2.0781288e-06	0.00021657013	0.07213476	-7.2595905e-17	-8.934998e-17	5.458416e-17	-1.8978948e-17	0	-1.8851135e-17
1.3230009999869276e-08	8.9029936e-07	2.0969578e-06	0.00021663045	0.07213507	-7.2595925e-17	-8.9350515e-17	5.458449e-17	-1.8978767e-17	0	-1.8851135e-17
1.3240009999869155e-08	8.979083e-07	2.1356093e-06	0.00021667792	0.07213538	-7.259593e-17	-8.935104e-17	5.4584828e-17	-1.8978589e-17	0	-1.8851135e-17
1.3250009999869034e-08	9.0858964e-07	2.1804892e-06	0.00021673617	0.0721357	-7.2595965e-17	-8.935158e-17	5.458516e-17	-1.8978408e-17	0	-1.8851135e-17
1.3260009999868913e-08	9.2323853e-07	2.222949e-06	0.00021681216	0.07213601	-7.2595984e-17	-8.935211e-17	5.458549e-17	-1.897823e-17	0	-1.8851135e-17
1.3270009999868792e-08	9.406868e-07	2.2528159e-06	0.00021687672	0.07213631	-7.259599e-17	-8.935263e-17	5.4585827e-17	-1.8978048e-17	0	-1.8851135e-17
1.328000999986867e-08	9.488495e-07	2.2851784e-06	0.0002169498	0.07213661	-7.2596024e-17	-8.935317e-17	5.4586158e-17	-1.8977874e-17	0	-1.8851135e-17
1.329000999986855e-08	9.565267e-07	2.3233674e-06	0.00021702348	0.072136916	-7.2596044e-17	-8.93537e-17	5.4586486e-17	-1.8977692e-17	0	-1.8851133e-17
1.3300009999868429e-08	9.59015e-07	2.3423784e-06	0.00021709909	0.07213721	-7.259606e-17	-8.935423e-17	5.458682e-17	-1.8977517e-17	0	-1.8851135e-17
1.3310009999868308e-08	9.57255e-07	2.3736486e-06	0.00021715675	0.07213749	-7.259609e-17	-8.9354756e-17	5.4587154e-17	-1.897734e-17	0	-1.8851135e-17
1.3320009999868186e-08	9.505564e-07	2.4138174e-06	0.00021721004	0.072137766	-7.25961e-17	-8.9355286e-17	5.4587482e-17	-1.897716e-17	0	-1.8851133e-17
1.3330009999868065e-08	9.433495e-07	2.4417725e-06	0.00021726635	0.072138034	-7.2596123e-17	-8.935582e-17	5.4587813e-17	-1.897698e-17	0	-1.8851133e-17
1.3340009999867944e-08	9.373868e-07	2.4526285e-06	0.00021732	0.072138324	-7.259614e-17	-8.935635e-17	5.4588147e-17	-1.8976805e-17	0	-1.8851135e-17
1.3350009999867823e-08	9.46164e-07	2.4536753e-06	0.0002173915	0.072138615	-7.259616e-17	-8.935688e-17	5.4588474e-17	-1.8976625e-17	0	-1.8851135e-17
1.3360009999867702e-08	9.620419e-07	2.4739834e-06	0.00021747027	0.07213889	-7.259619e-17	-8.935741e-17	5.4588805e-17	-1.8976448e-17	0	-1.8851135e-17
1.3370009999867581e-08	9.685281e-07	2.501984e-06	0.00021754335	0.07213917	-7.25962e-17	-8.935793e-17	5.4589133e-17	-1.8976273e-17	0	-1.8851135e-17
1.338000999986746e-08	9.803169e-07	2.53726e-06	0.000217622	0.072139435	-7.259622e-17	-8.935846e-17	5.458946e-17	-1.8976096e-17	0	-1.8851133e-17
1.339000999986734e-08	9.983872e-07	2.580319e-06	0.00021769531	0.072139725	-7.259624e-17	-8.9358985e-17	5.458979e-17	-1.897592e-17	0	-1.8851135e-17
1.3400009999867218e-08	1.0130134e-06	2.615883e-06	0.0002177696	0.07213996	-7.2596276e-17	-8.9359514e-17	5.459012e-17	-1.897574e-17	0	-1.8851135e-17
1.3410009999867097e-08	1.017899e-06	2.6659898e-06	0.00021782835	0.072140224	-7.2596295e-17	-8.936004e-17	5.4590446e-17	-1.8975568e-17	0	-1.8851135e-17
1.3420009999866976e-08	1.029172e-06	2.7259055e-06	0.00021788139	0.07214049	-7.259631e-17	-8.936055e-17	5.4590774e-17	-1.8975393e-17	0	-1.8851135e-17
1.3430009999866855e-08	1.0332989e-06	2.7711799e-06	0.00021794075	0.07214075	-7.259633e-17	-8.936108e-17	5.45911e-17	-1.8975217e-17	0	-1.8851135e-17
1.3440009999866734e-08	1.0376837e-06	2.8210816e-06	0.00021800859	0.07214103	-7.259634e-17	-8.9361605e-17	5.4591436e-17	-1.897504e-17	0	-1.8851135e-17
1.3450009999866613e-08	1.0402706e-06	2.8565698e-06	0.00021808008	0.07214128	-7.2596375e-17	-8.936213e-17	5.4591753e-17	-1.8974865e-17	0	-1.8851135e-17
1.3460009999866492e-08	1.0427665e-06	2.8833263e-06	0.00021815873	0.07214155	-7.259639e-17	-8.9362644e-17	5.459208e-17	-1.8974691e-17	0	-1.8851135e-17
1.3470009999866371e-08	1.0457251e-06	2.9099992e-06	0.00021822975	0.0721418	-7.259642e-17	-8.936318e-17	5.4592408e-17	-1.8974517e-17	0	-1.8851135e-17
1.348000999986625e-08	1.0471664e-06	2.9343964e-06	0.00021828352	0.07214204	-7.2596434e-17	-8.9363696e-17	5.459273e-17	-1.897434e-17	0	-1.8851135e-17
1.349000999986613e-08	1.0566491e-06	2.972775e-06	0.0002183379	0.07214229	-7.259647e-17	-8.936422e-17	5.4593054e-17	-1.8974168e-17	0	-1.8851135e-17
1.3500009999866008e-08	1.0688326e-06	3.0257115e-06	0.00021839081	0.07214253	-7.259649e-17	-8.9364735e-17	5.4593384e-17	-1.8973995e-17	0	-1.8851135e-17
1.3510009999865887e-08	1.0637954e-06	3.0615865e-06	0.00021845878	0.07214276	-7.25965e-17	-8.936525e-17	5.459371e-17	-1.8973821e-17	0	-1.8851137e-17
1.3520009999865766e-08	1.063985e-06	3.0876527e-06	0.00021851498	0.07214301	-7.2596514e-17	-8.936577e-17	5.4594036e-17	-1.8973642e-17	0	-1.8851137e-17
1.3530009999865645e-08	1.0657526e-06	3.122276e-06	0.0002185821	0.07214327	-7.259655e-17	-8.936629e-17	5.4594354e-17	-1.8973473e-17	0	-1.8851137e-17
1.3540009999865524e-08	1.0715409e-06	3.156262e-06	0.00021863515	0.072143525	-7.259657e-17	-8.9366807e-17	5.4594678e-17	-1.8973301e-17	0	-1.8851135e-17
1.3550009999865403e-08	1.0866449e-06	3.1914317e-06	0.00021868285	0.072143786	-7.259658e-17	-8.9367316e-17	5.4595e-17	-1.897313e-17	0	-1.8851135e-17
1.3560009999865282e-08	1.0957484e-06	3.233679e-06	0.00021872108	0.072144054	-7.259661e-17	-8.936784e-17	5.4595317e-17	-1.8972954e-17	0	-1.8851135e-17
1.3570009999865161e-08	1.0999056e-06	3.2660114e-06	0.00021877207	0.07214432	-7.259662e-17	-8.936835e-17	5.459564e-17	-1.8972785e-17	0	-1.8851135e-17
1.358000999986504e-08	1.1123622e-06	3.297661e-06	0.00021884502	0.07214459	-7.259666e-17	-8.936887e-17	5.4595962e-17	-1.897261e-17	0	-1.8851135e-17
1.359000999986492e-08	1.1243332e-06	3.34446e-06	0.00021893022	0.07214482	-7.2596666e-17	-8.936938e-17	5.459629e-17	-1.8972438e-17	0	-1.8851135e-17
1.3600009999864798e-08	1.1331786e-06	3.395151e-06	0.00021900087	0.07214508	-7.259668e-17	-8.9369884e-17	5.4596607e-17	-1.8972264e-17	0	-1.8851135e-17
1.3610009999864677e-08	1.1308268e-06	3.4303205e-06	0.0002190851	0.07214533	-7.259671e-17	-8.93704e-17	5.4596928e-17	-1.8972099e-17	0	-1.8851135e-17
1.3620009999864556e-08	1.1315096e-06	3.4652473e-06	0.00021916327	0.072145574	-7.2596726e-17	-8.937091e-17	5.4597246e-17	-1.8971925e-17	0	-1.8851135e-17
1.3630009999864435e-08	1.1289759e-06	3.4985885e-06	0.00021925503	0.07214583	-7.259675e-17	-8.9371426e-17	5.4597567e-17	-1.8971755e-17	0	-1.8851135e-17
1.3640009999864314e-08	1.12142e-06	3.5247153e-06	0.00021934339	0.07214607	-7.2596765e-17	-8.9371935e-17	5.4597888e-17	-1.8971583e-17	0	-1.8851135e-17
1.3650009999864193e-08	1.1244697e-06	3.5584208e-06	0.00021942933	0.072146304	-7.25968e-17	-8.937246e-17	5.4598205e-17	-1.897141e-17	0	-1.8851135e-17
1.3660009999864072e-08	1.1432683e-06	3.6007518e-06	0.00021950192	0.07214654	-7.2596805e-17	-8.937296e-17	5.4598526e-17	-1.897124e-17	0	-1.8851133e-17
1.3670009999863951e-08	1.1459992e-06	3.645313e-06	0.00021955169	0.07214678	-7.259683e-17	-8.9373464e-17	5.4598844e-17	-1.8971073e-17	0	-1.8851133e-17
1.368000999986383e-08	1.1516737e-06	3.6989472e-06	0.00021960655	0.072147004	-7.259685e-17	-8.937398e-17	5.459916e-17	-1.8970903e-17	0	-1.8851133e-17
1.3690009999863709e-08	1.148351e-06	3.7607974e-06	0.00021968909	0.072147205	-7.259687e-17	-8.937448e-17	5.459948e-17	-1.897073e-17	0	-1.8851135e-17
1.3700009999863588e-08	1.1459992e-06	3.8276394e-06	0.0002197562	0.07214742	-7.259689e-17	-8.937499e-17	5.4599793e-17	-1.8970562e-17	0	-1.8851133e-17
1.3710009999863467e-08	1.1561344e-06	3.886986e-06	0.00021980706	0.07214764	-7.259691e-17	-8.9375495e-17	5.460011e-17	-1.8970393e-17	0	-1.8851133e-17
1.3720009999863346e-08	1.1783164e-06	3.9433285e-06	0.00021984955	0.07214787	-7.2596944e-17	-8.937601e-17	5.460043e-17	-1.8970224e-17	0	-1.8851135e-17
1.3730009999863225e-08	1.2027742e-06	3.9988745e-06	0.00021989639	0.07214808	-7.2596964e-17	-8.9376514e-17	5.460074e-17	-1.8970054e-17	0	-1.8851135e-17
1.3740009999863104e-08	1.2136073e-06	4.0540795e-06	0.00021995514	0.072148286	-7.2596984e-17	-8.9377024e-17	5.4601057e-17	-1.8969888e-17	0	-1.8851135e-17
1.3750009999862983e-08	1.2222253e-06	4.105711e-06	0.00022000734	0.07214847	-7.2597004e-17	-8.937752e-17	5.4601375e-17	-1.8969721e-17	0	-1.8851135e-17
1.3760009999862862e-08	1.2553162e-06	4.161416e-06	0.0002200673	0.07214865	-7.259703e-17	-8.9378036e-17	5.4601696e-17	-1.8969553e-17	0	-1.8851135e-17
1.3770009999862741e-08	1.2718389e-06	4.2133815e-06	0.00022011621	0.07214883	-7.259705e-17	-8.937854e-17	5.4602007e-17	-1.8969386e-17	0	-1.8851135e-17
1.378000999986262e-08	1.2886195e-06	4.26892e-06	0.00022017387	0.07214899	-7.259706e-17	-8.9379036e-17	5.460232e-17	-1.8969215e-17	0	-1.8851135e-17
1.3790009999862499e-08	1.303989e-06	4.32703e-06	0.00022022169	0.072149165	-7.2597096e-17	-8.9379545e-17	5.4602632e-17	-1.8969046e-17	0	-1.8851135e-17
1.3800009999862378e-08	1.3335904e-06	4.39809e-06	0.00022027898	0.07214934	-7.25971e-17	-8.938004e-17	5.4602957e-17	-1.8968878e-17	0	-1.8851135e-17
1.3810009999862257e-08	1.3640413e-06	4.4568524e-06	0.00022032195	0.07214949	-7.259713e-17	-8.938055e-17	5.4603268e-17	-1.896871e-17	0	-1.8851135e-17
1.3820009999862136e-08	1.388135e-06	4.4939943e-06	0.00022036929	0.07214964	-7.2597156e-17	-8.938106e-17	5.4603582e-17	-1.8968545e-17	0	-1.8851135e-17
1.3830009999862015e-08	1.4001515e-06	4.5391553e-06	0.00022042269	0.0721498	-7.259717e-17	-8.938155e-17	5.4603896e-17	-1.8968375e-17	0	-1.8851133e-17
1.3840009999861894e-08	1.4174633e-06	4.591507e-06	0.00022047828	0.07214994	-7.2597195e-17	-8.938205e-17	5.46042e-17	-1.896821e-17	0	-1.8851135e-17
1.3850009999861773e-08	1.4310045e-06	4.638701e-06	0.00022055524	0.07215008	-7.259722e-17	-8.938255e-17	5.460452e-17	-1.8968046e-17	0	-1.8851135e-17
1.3860009999861652e-08	1.4412535e-06	4.7042154e-06	0.0002206282	0.07215023	-7.2597235e-17	-8.938306e-17	5.4604836e-17	-1.8967878e-17	0	-1.8851135e-17
1.3870009999861531e-08	1.4444093e-06	4.7576373e-06	0.00022069653	0.07215036	-7.259727e-17	-8.938357e-17	5.4605144e-17	-1.8967713e-17	0	-1.8851135e-17
1.388000999986141e-08	1.4590355e-06	4.7976996e-06	0.00022076668	0.072150484	-7.259729e-17	-8.938406e-17	5.4605455e-17	-1.8967546e-17	0	-1.8851135e-17
1.3890009999861289e-08	1.4785169e-06	4.8356383e-06	0.00022080966	0.0721506	-7.259731e-17	-8.938456e-17	5.4605762e-17	-1.8967382e-17	0	-1.8851135e-17
1.3900009999861168e-08	1.502292e-06	4.8854417e-06	0.00022085031	0.07215075	-7.259732e-17	-8.938505e-17	5.4606077e-17	-1.8967217e-17	0	-1.8851135e-17
1.3910009999861047e-08	1.5303001e-06	4.9431874e-06	0.00022092533	0.072150886	-7.259735e-17	-8.938555e-17	5.4606388e-17	-1.8967055e-17	0	-1.8851135e-17
1.3920009999860926e-08	1.5297387e-06	5.0017074e-06	0.00022100264	0.072151035	-7.259736e-17	-8.9386044e-17	5.4606702e-17	-1.8966886e-17	0	-1.8851135e-17
1.3930009999860805e-08	1.5285098e-06	5.0489843e-06	0.00022107475	0.07215117	-7.259738e-17	-8.938653e-17	5.4607013e-17	-1.8966722e-17	0	-1.8851135e-17
1.3940009999860684e-08	1.5335926e-06	5.1000015e-06	0.00022114295	0.072151296	-7.259742e-17	-8.938703e-17	5.4607317e-17	-1.8966562e-17	0	-1.8851135e-17
1.3950009999860563e-08	1.5423014e-06	5.157816e-06	0.00022120644	0.07215143	-7.259744e-17	-8.938753e-17	5.4607622e-17	-1.8966401e-17	0	-1.8851135e-17
1.3960009999860442e-08	1.5646352e-06	5.2254773e-06	0.00022128133	0.072151564	-7.2597454e-17	-8.9388016e-17	5.4607933e-17	-1.8966236e-17	0	-1.8851135e-17
1.3970009999860321e-08	1.6022475e-06	5.2931005e-06	0.00022134614	0.07215169	-7.2597487e-17	-8.938852e-17	5.460824e-17	-1.8966074e-17	0	-1.8851135e-17
1.39800099998602e-08	1.6418929e-06	5.3503304e-06	0.00022141654	0.072151825	-7.25975e-17	-8.9389e-17	5.4608545e-17	-1.8965908e-17	0	-1.8851133e-17
1.3990009999860079e-08	1.6553205e-06	5.406157e-06	0.00022146899	0.07215196	-7.259751e-17	-8.938949e-17	5.4608856e-17	-1.8965746e-17	0	-1.8851133e-17
1.4000009999859958e-08	1.6678529e-06	5.468622e-06	0.00022151413	0.07215211	-7.259753e-17	-8.938998e-17	5.4609167e-17	-1.8965584e-17	0	-1.8851133e-17
1.4010009999859837e-08	1.6842238e-06	5.551827e-06	0.00022156657	0.07215223	-7.259756e-17	-8.9390484e-17	5.4609475e-17	-1.896542e-17	0	-1.8851133e-17
1.4020009999859716e-08	1.7051314e-06	5.6304125e-06	0.0002216241	0.072152376	-7.259759e-17	-8.9390974e-17	5.4609773e-17	-1.8965258e-17	0	-1.8851133e-17
1.4030009999859595e-08	1.7188623e-06	5.698491e-06	0.00022170263	0.072152525	-7.2597606e-17	-8.9391457e-17	5.461008e-17	-1.8965099e-17	0	-1.8851133e-17
1.4040009999859474e-08	1.7259175e-06	5.7610314e-06	0.00022180617	0.07215266	-7.259763e-17	-8.9391946e-17	5.4610388e-17	-1.8964937e-17	0	-1.8851133e-17
1.4050009999859353e-08	1.7471588e-06	5.817943e-06	0.00022191905	0.072152816	-7.259765e-17	-8.939243e-17	5.461069e-17	-1.8964775e-17	0	-1.8851135e-17
1.4060009999859232e-08	1.7683242e-06	5.8935393e-06	0.00022203922	0.07215296	-7.259767e-17	-8.9392926e-17	5.4611e-17	-1.8964613e-17	0	-1.8851135e-17
1.407000999985911e-08	1.7868952e-06	5.9873955e-06	0.00022211156	0.07215313	-7.25977e-17	-8.939341e-17	5.4611304e-17	-1.8964456e-17	0	-1.8851133e-17
1.408000999985899e-08	1.7948304e-06	6.075228e-06	0.0002221436	0.072153285	-7.2597725e-17	-8.939389e-17	5.4611602e-17	-1.8964295e-17	0	-1.8851133e-17
1.4090009999858869e-08	1.7940717e-06	6.1572273e-06	0.00022217978	0.072153434	-7.259775e-17	-8.939439e-17	5.4611907e-17	-1.8964136e-17	0	-1.8851133e-17
1.4100009999858748e-08	1.802629e-06	6.2433382e-06	0.00022223307	0.072153606	-7.2597765e-17	-8.939487e-17	5.4612214e-17	-1.8963976e-17	0	-1.8851135e-17
1.4110009999858627e-08	1.8183779e-06	6.3277116e-06	0.00022230188	0.07215378	-7.259779e-17	-8.9395354e-17	5.4612512e-17	-1.8963814e-17	0	-1.8851135e-17
1.4120009999858506e-08	1.8376771e-06	6.3960633e-06	0.00022237787	0.072153956	-7.259781e-17	-8.939584e-17	5.461282e-17	-1.8963657e-17	0	-1.8851132e-17
1.4130009999858385e-08	1.8481765e-06	6.4770534e-06	0.00022242824	0.07215414	-7.259782e-17	-8.9396314e-17	5.4613124e-17	-1.8963498e-17	0	-1.8851132e-17
1.4140009999858264e-08	1.8547915e-06	6.5404283e-06	0.0002224735	0.07215433	-7.2597864e-17	-8.9396804e-17	5.461342e-17	-1.8963339e-17	0	-1.8851135e-17
1.4150009999858143e-08	1.8866839e-06	6.611981e-06	0.00022253166	0.072154514	-7.2597884e-17	-8.9397287e-17	5.461372e-17	-1.8963182e-17	0	-1.8851133e-17
1.4160009999858022e-08	1.9132506e-06	6.6782086e-06	0.00022260752	0.0721547	-7.25979e-17	-8.939777e-17	5.4614028e-17	-1.8963025e-17	0	-1.8851132e-17
1.41700099998579e-08	1.9277402e-06	6.7614974e-06	0.0002226789	0.0721549	-7.2597923e-17	-8.9398246e-17	5.4614322e-17	-1.8962869e-17	0	-1.8851132e-17
1.418000999985778e-08	1.951925e-06	6.843428e-06	0.0002227391	0.07215508	-7.259795e-17	-8.939873e-17	5.4614623e-17	-1.8962709e-17	0	-1.8851135e-17
1.4190009999857659e-08	1.9731663e-06	6.935365e-06	0.00022277939	0.07215526	-7.259797e-17	-8.9399206e-17	5.461492e-17	-1.8962553e-17	0	-1.8851133e-17
1.4200009999857538e-08	1.9743802e-06	7.0172655e-06	0.00022279152	0.072155446	-7.2598e-17	-8.939969e-17	5.461522e-17	-1.8962398e-17	0	-1.8851133e-17
1.4210009999857417e-08	1.9865636e-06	7.100228e-06	0.0002228345	0.07215565	-7.259802e-17	-8.9400165e-17	5.461552e-17	-1.8962242e-17	0	-1.8851133e-17
1.4220009999857296e-08	2.0192904e-06	7.1835243e-06	0.00022289227	0.07215583	-7.259804e-17	-8.940064e-17	5.4615818e-17	-1.8962087e-17	0	-1.8851133e-17
1.4230009999857175e-08	2.037922e-06	7.276091e-06	0.00022296656	0.07215606	-7.2598056e-17	-8.9401105e-17	5.4616112e-17	-1.8961931e-17	0	-1.8851133e-17
1.4240009999857054e-08	2.0400157e-06	7.3831925e-06	0.00022304327	0.07215626	-7.259809e-17	-8.940159e-17	5.4616407e-17	-1.8961777e-17	0	-1.8851133e-17
1.4250009999856933e-08	2.0448406e-06	7.482564e-06	0.00022311877	0.07215647	-7.259811e-17	-8.940206e-17	5.4616704e-17	-1.8961618e-17	0	-1.8851133e-17
1.4260009999856812e-08	2.0544296e-06	7.5764506e-06	0.00022316561	0.07215668	-7.2598135e-17	-8.940254e-17	5.4617002e-17	-1.8961468e-17	0	-1.8851132e-17
1.427000999985669e-08	2.0694654e-06	7.674093e-06	0.00022322303	0.07215689	-7.259816e-17	-8.9403004e-17	5.4617293e-17	-1.8961312e-17	0	-1.8851132e-17
1.428000999985657e-08	2.0882032e-06	7.780398e-06	0.00022329646	0.072157115	-7.259818e-17	-8.940348e-17	5.461759e-17	-1.896116e-17	0	-1.8851132e-17
1.4290009999856449e-08	2.0997038e-06	7.879761e-06	0.00022339575	0.07215735	-7.2598215e-17	-8.940395e-17	5.4617882e-17	-1.8961006e-17	0	-1.8851132e-17
1.4300009999856328e-08	2.1130707e-06	7.955707e-06	0.00022346542	0.0721576	-7.259823e-17	-8.940443e-17	5.461818e-17	-1.8960852e-17	0	-1.8851132e-17
1.4310009999856207e-08	2.138985e-06	8.046931e-06	0.00022350815	0.07215783	-7.259826e-17	-8.940489e-17	5.461847e-17	-1.8960702e-17	0	-1.8851133e-17
1.4320009999856086e-08	2.1628816e-06	8.148502e-06	0.00022356203	0.072158076	-7.259828e-17	-8.940537e-17	5.4618776e-17	-1.896055e-17	0	-1.8851132e-17
1.4330009999855965e-08	2.1952746e-06	8.2409015e-06	0.00022363	0.0721583	-7.259831e-17	-8.940584e-17	5.4619063e-17	-1.8960396e-17	0	-1.8851132e-17
1.4340009999855844e-08	2.214058e-06	8.333984e-06	0.00022369204	0.072158545	-7.259833e-17	-8.9406306e-17	5.4619358e-17	-1.8960245e-17	0	-1.8851132e-17
1.4350009999855722e-08	2.2103104e-06	8.426459e-06	0.00022375236	0.07215879	-7.259836e-17	-8.9406776e-17	5.4619642e-17	-1.8960095e-17	0	-1.8851132e-17
1.4360009999855601e-08	2.1831975e-06	8.544106e-06	0.0002238383	0.07215906	-7.259838e-17	-8.940724e-17	5.461994e-17	-1.8959944e-17	0	-1.8851133e-17
1.437000999985548e-08	2.1657188e-06	8.669354e-06	0.00022394973	0.072159335	-7.2598406e-17	-8.94077e-17	5.4620225e-17	-1.8959797e-17	0	-1.8851133e-17
1.438000999985536e-08	2.196109e-06	8.77572e-06	0.00022405047	0.07215962	-7.259842e-17	-8.940816e-17	5.462052e-17	-1.8959646e-17	0	-1.8851133e-17
1.4390009999855238e-08	2.2099766e-06	8.888755e-06	0.00022413871	0.0721599	-7.259846e-17	-8.9408636e-17	5.4620807e-17	-1.8959496e-17	0	-1.8851133e-17
1.4400009999855117e-08	2.2213105e-06	8.999679e-06	0.00022421264	0.072160184	-7.259847e-17	-8.940909e-17	5.46211e-17	-1.8959347e-17	0	-1.8851133e-17
1.4410009999854996e-08	2.2398056e-06	9.123084e-06	0.00022429152	0.07216045	-7.259849e-17	-8.940956e-17	5.462139e-17	-1.8959198e-17	0	-1.8851132e-17
1.4420009999854875e-08	2.2511545e-06	9.256934e-06	0.00022434481	0.07216073	-7.2598526e-17	-8.941002e-17	5.4621674e-17	-1.8959052e-17	0	-1.8851132e-17
1.4430009999854754e-08	2.2723957e-06	9.384382e-06	0.00022438401	0.07216102	-7.259855e-17	-8.9410475e-17	5.4621962e-17	-1.8958904e-17	0	-1.8851132e-17
1.4440009999854633e-08	2.3000703e-06	9.504388e-06	0.00022444592	0.07216128	-7.2598585e-17	-8.9410945e-17	5.462225e-17	-1.8958756e-17	0	-1.8851132e-17
1.4450009999854512e-08	2.3110701e-06	9.6202975e-06	0.0002245168	0.07216154	-7.2598605e-17	-8.9411395e-17	5.4622534e-17	-1.8958612e-17	0	-1.8851132e-17
1.4460009999854391e-08	2.3132095e-06	9.719062e-06	0.00022458502	0.0721618	-7.259863e-17	-8.941185e-17	5.4622822e-17	-1.8958465e-17	0	-1.8851133e-17
1.447000999985427e-08	2.3332977e-06	9.833894e-06	0.00022464474	0.07216208	-7.2598645e-17	-8.94123e-17	5.462311e-17	-1.895832e-17	0	-1.8851132e-17
1.448000999985415e-08	2.3638547e-06	9.957018e-06	0.00022470992	0.07216235	-7.2598684e-17	-8.9412765e-17	5.462339e-17	-1.8958179e-17	0	-1.8851132e-17
1.4490009999854028e-08	2.3896478e-06	1.0073807e-05	0.00022477802	0.07216261	-7.259872e-17	-8.941322e-17	5.4623666e-17	-1.8958035e-17	0	-1.8851132e-17
1.4500009999853907e-08	2.4338449e-06	1.0169332e-05	0.00022484866	0.0721629	-7.259873e-17	-8.9413665e-17	5.4623954e-17	-1.895789e-17	0	-1.8851132e-17
1.4510009999853786e-08	2.4569222e-06	1.0266785e-05	0.00022493606	0.07216317	-7.259876e-17	-8.9414115e-17	5.4624235e-17	-1.8957745e-17	0	-1.8851132e-17
1.4520009999853665e-08	2.4705469e-06	1.0379446e-05	0.00022501653	0.072163455	-7.2598784e-17	-8.9414565e-17	5.462452e-17	-1.8957605e-17	0	-1.8851132e-17
1.4530009999853544e-08	2.4864476e-06	1.0515998e-05	0.00022508437	0.07216376	-7.2598803e-17	-8.941501e-17	5.4624797e-17	-1.8957464e-17	0	-1.8851132e-17
1.4540009999853423e-08	2.5252584e-06	1.0672456e-05	0.00022517626	0.072164066	-7.2598837e-17	-8.941546e-17	5.4625075e-17	-1.8957327e-17	0	-1.8851129e-17
1.4550009999853302e-08	2.557333e-06	1.0814416e-05	0.00022528222	0.072164364	-7.259887e-17	-8.941591e-17	5.4625353e-17	-1.8957181e-17	0	-1.8851132e-17
1.4560009999853181e-08	2.5888457e-06	1.0938085e-05	0.00022537241	0.07216466	-7.259889e-17	-8.9416345e-17	5.462563e-17	-1.8957044e-17	0	-1.8851132e-17
1.457000999985306e-08	2.6037906e-06	1.1061209e-05	0.00022545701	0.072164975	-7.2598916e-17	-8.9416795e-17	5.462591e-17	-1.8956905e-17	0	-1.8851127e-17
1.458000999985294e-08	2.6099506e-06	1.1194407e-05	0.00022553201	0.07216526	-7.259894e-17	-8.9417225e-17	5.4626184e-17	-1.8956768e-17	0	-1.8851129e-17
1.4590009999852818e-08	2.622923e-06	1.1335048e-05	0.00022560266	0.072165556	-7.259897e-17	-8.941767e-17	5.462646e-17	-1.8956629e-17	0	-1.8851129e-17
1.4600009999852697e-08	2.6312525e-06	1.1479951e-05	0.00022568156	0.072165854	-7.2598995e-17	-8.9418105e-17	5.462673e-17	-1.8956493e-17	0	-1.8851129e-17
1.4610009999852576e-08	2.65128e-06	1.16182255e-05	0.00022574443	0.07216615	-7.259903e-17	-8.941855e-17	5.4627004e-17	-1.8956357e-17	0	-1.8851129e-17
1.4620009999852455e-08	2.6820953e-06	1.17432755e-05	0.00022579699	0.07216646	-7.2599055e-17	-8.941898e-17	5.462728e-17	-1.8956222e-17	0	-1.8851129e-17
1.4630009999852334e-08	2.7021379e-06	1.1884037e-05	0.00022587067	0.07216675	-7.259909e-17	-8.9419415e-17	5.4627544e-17	-1.895609e-17	0	-1.8851129e-17
1.4640009999852213e-08	2.713426e-06	1.2026036e-05	0.000225939	0.07216707	-7.259911e-17	-8.941984e-17	5.4627818e-17	-1.8955954e-17	0	-1.8851129e-17
1.4650009999852092e-08	2.7099668e-06	1.2162124e-05	0.000226002	0.07216735	-7.259914e-17	-8.9420276e-17	5.4628086e-17	-1.8955821e-17	0	-1.8851127e-17
1.4660009999851971e-08	2.7181752e-06	1.22928495e-05	0.00022605663	0.07216765	-7.2599174e-17	-8.942071e-17	5.462835e-17	-1.895569e-17	0	-1.8851127e-17
1.467000999985185e-08	2.7448027e-06	1.2432966e-05	0.0002261229	0.07216796	-7.259921e-17	-8.942114e-17	5.4628622e-17	-1.8955558e-17	0	-1.8851127e-17
1.468000999985173e-08	2.7689873e-06	1.2550673e-05	0.00022617557	0.072168276	-7.259923e-17	-8.942156e-17	5.4628887e-17	-1.8955428e-17	0	-1.8851127e-17
1.4690009999851608e-08	2.8101044e-06	1.2680787e-05	0.00022619573	0.07216858	-7.259926e-17	-8.942199e-17	5.4629155e-17	-1.8955299e-17	0	-1.8851127e-17
1.4700009999851487e-08	2.8308602e-06	1.2845488e-05	0.00022622704	0.072168894	-7.259929e-17	-8.942241e-17	5.462942e-17	-1.8955168e-17	0	-1.8851127e-17
1.4710009999851366e-08	2.850812e-06	1.3019503e-05	0.00022630229	0.0721692	-7.259932e-17	-8.942283e-17	5.4629684e-17	-1.8955039e-17	0	-1.8851125e-17
1.4720009999851245e-08	2.881172e-06	1.3189225e-05	0.00022637754	0.07216949	-7.2599346e-17	-8.942326e-17	5.4629946e-17	-1.8954912e-17	0	-1.8851127e-17
1.4730009999851124e-08	2.9018972e-06	1.3341427e-05	0.000226496	0.07216981	-7.259937e-17	-8.942368e-17	5.4630207e-17	-1.8954784e-17	0	-1.8851125e-17
1.4740009999851003e-08	2.9166144e-06	1.3485203e-05	0.00022660186	0.0721701	-7.2599406e-17	-8.942409e-17	5.4630465e-17	-1.895466e-17	0	-1.8851125e-17
1.4750009999850882e-08	2.9431965e-06	1.3639583e-05	0.00022667565	0.0721704	-7.259943e-17	-8.9424504e-17	5.4630727e-17	-1.8954534e-17	0	-1.8851125e-17
1.4760009999850761e-08	2.9675177e-06	1.3804772e-05	0.00022675382	0.07217071	-7.259948e-17	-8.9424914e-17	5.463098e-17	-1.8954412e-17	0	-1.8851125e-17
1.477000999985064e-08	2.994828e-06	1.3983521e-05	0.0002268247	0.07217102	-7.25995e-17	-8.9425325e-17	5.4631243e-17	-1.8954291e-17	0	-1.8851125e-17
1.4780009999850519e-08	3.022912e-06	1.4154453e-05	0.00022687083	0.07217134	-7.2599545e-17	-8.942574e-17	5.4631494e-17	-1.895417e-17	0	-1.8851127e-17
1.4790009999850398e-08	3.0455037e-06	1.4311734e-05	0.00022692133	0.072171666	-7.2599564e-17	-8.942614e-17	5.463175e-17	-1.8954048e-17	0	-1.8851125e-17
1.4800009999850277e-08	3.0584458e-06	1.4493666e-05	0.00022700871	0.072171986	-7.25996e-17	-8.942655e-17	5.4632007e-17	-1.8953927e-17	0	-1.8851125e-17
1.4810009999850156e-08	3.0594774e-06	1.4658122e-05	0.00022706891	0.07217232	-7.2599624e-17	-8.942695e-17	5.463226e-17	-1.8953808e-17	0	-1.8851125e-17
1.4820009999850035e-08	3.0714941e-06	1.481043e-05	0.00022714977	0.07217264	-7.259966e-17	-8.9427356e-17	5.463251e-17	-1.8953694e-17	0	-1.8851125e-17
1.4830009999849914e-08	3.0826307e-06	1.4984579e-05	0.0002272522	0.07217298	-7.25997e-17	-8.9427753e-17	5.4632755e-17	-1.8953572e-17	0	-1.8851124e-17
1.4840009999849793e-08	3.0834499e-06	1.5152936e-05	0.00022735016	0.07217331	-7.2599737e-17	-8.942815e-17	5.4633006e-17	-1.8953459e-17	0	-1.8851124e-17
1.4850009999849672e-08	3.0901106e-06	1.5335778e-05	0.00022742602	0.07217366	-7.259976e-17	-8.942854e-17	5.4633248e-17	-1.8953345e-17	0	-1.8851124e-17
1.4860009999849551e-08	3.1179823e-06	1.5520209e-05	0.00022747336	0.07217402	-7.2599796e-17	-8.942894e-17	5.4633493e-17	-1.895323e-17	0	-1.8851124e-17
1.487000999984943e-08	3.135916e-06	1.5691016e-05	0.00022753744	0.0721744	-7.259984e-17	-8.9429335e-17	5.4633734e-17	-1.8953118e-17	0	-1.8851124e-17
1.4880009999849309e-08	3.1581737e-06	1.5890573e-05	0.00022761269	0.07217477	-7.259987e-17	-8.942972e-17	5.4633982e-17	-1.8953009e-17	0	-1.8851124e-17
1.4890009999849188e-08	3.1852867e-06	1.6087899e-05	0.00022769377	0.07217514	-7.259989e-17	-8.9430096e-17	5.4634227e-17	-1.8952897e-17	0	-1.8851122e-17
1.4900009999849067e-08	3.1925695e-06	1.6302067e-05	0.00022776515	0.072175495	-7.2599935e-17	-8.943049e-17	5.463447e-17	-1.8952786e-17	0	-1.8851122e-17
1.4910009999848946e-08	3.1994882e-06	1.6513695e-05	0.00022782438	0.072175875	-7.2599975e-17	-8.943088e-17	5.4634704e-17	-1.895268e-17	0	-1.8851122e-17
1.4920009999848825e-08	3.220426e-06	1.671707e-05	0.00022786565	0.07217624	-7.260001e-17	-8.9431254e-17	5.463494e-17	-1.8952572e-17	0	-1.8851122e-17
1.4930009999848704e-08	3.2491473e-06	1.6916438e-05	0.00022789187	0.07217661	-7.2600034e-17	-8.943163e-17	5.463518e-17	-1.8952466e-17	0	-1.8851122e-17
1.4940009999848583e-08	3.2496782e-06	1.7098355e-05	0.00022793096	0.07217699	-7.260008e-17	-8.943201e-17	5.463541e-17	-1.8952362e-17	0	-1.8851122e-17
1.4950009999848462e-08	3.2548824e-06	1.728226e-05	0.00022799359	0.07217736	-7.2600094e-17	-8.943237e-17	5.4635647e-17	-1.8952258e-17	0	-1.8851119e-17
1.496000999984834e-08	3.2758962e-06	1.7480728e-05	0.00022807249	0.072177716	-7.260015e-17	-8.943274e-17	5.4635875e-17	-1.8952159e-17	0	-1.8851119e-17
1.497000999984822e-08	3.2982298e-06	1.7685059e-05	0.00022814021	0.072178066	-7.2600187e-17	-8.943311e-17	5.46361e-17	-1.895206e-17	0	-1.8851119e-17
1.49800099998481e-08	3.3241595e-06	1.7922419e-05	0.00022820843	0.07217842	-7.260022e-17	-8.943347e-17	5.463633e-17	-1.8951959e-17	0	-1.8851119e-17
1.4990009999847978e-08	3.3363428e-06	1.8153214e-05	0.00022831961	0.0721788	-7.260025e-17	-8.9433835e-17	5.463656e-17	-1.8951863e-17	0	-1.8851119e-17
1.5000009999847857e-08	3.3595263e-06	1.8357927e-05	0.00022841914	0.07217919	-7.2600306e-17	-8.9434205e-17	5.463678e-17	-1.8951767e-17	0	-1.8851119e-17
1.5010009999847736e-08	3.3953786e-06	1.85502e-05	0.00022847498	0.07217958	-7.2600325e-17	-8.943455e-17	5.4637007e-17	-1.8951674e-17	0	-1.8851115e-17
1.5020009999847615e-08	3.4082902e-06	1.8746234e-05	0.00022853275	0.07217998	-7.260037e-17	-8.94349e-17	5.4637225e-17	-1.8951581e-17	0	-1.8851117e-17
1.5030009999847494e-08	3.4368295e-06	1.8960984e-05	0.00022863034	0.07218036	-7.260042e-17	-8.943525e-17	5.463744e-17	-1.8951492e-17	0	-1.8851117e-17
1.5040009999847373e-08	3.479221e-06	1.9202807e-05	0.00022873253	0.07218078	-7.2600464e-17	-8.9435595e-17	5.4637662e-17	-1.8951401e-17	0	-1.8851117e-17
1.5050009999847252e-08	3.5097933e-06	1.9456142e-05	0.00022882406	0.07218121	-7.26005e-17	-8.943593e-17	5.463787e-17	-1.8951315e-17	0	-1.8851117e-17
1.506000999984713e-08	3.5321877e-06	1.9686253e-05	0.00022889204	0.072181635	-7.260054e-17	-8.9436277e-17	5.4638085e-17	-1.8951232e-17	0	-1.8851115e-17
1.507000999984701e-08	3.5375892e-06	1.9890931e-05	0.00022894058	0.07218203	-7.260058e-17	-8.943661e-17	5.4638294e-17	-1.8951146e-17	0	-1.8851115e-17
1.508000999984689e-08	3.5232665e-06	2.0111553e-05	0.00022898185	0.07218244	-7.260062e-17	-8.9436945e-17	5.46385e-17	-1.8951062e-17	0	-1.8851115e-17
1.5090009999846768e-08	3.5085188e-06	2.0341677e-05	0.00022903089	0.07218283	-7.260066e-17	-8.943727e-17	5.4638704e-17	-1.8950982e-17	0	-1.8851114e-17
1.5100009999846647e-08	3.5157107e-06	2.0582625e-05	0.00022909255	0.07218324	-7.2600696e-17	-8.943759e-17	5.4638906e-17	-1.8950903e-17	0	-1.8851114e-17
1.5110009999846526e-08	3.560287e-06	2.0835669e-05	0.00022915227	0.072183646	-7.260075e-17	-8.943791e-17	5.4639108e-17	-1.8950829e-17	0	-1.8851114e-17
1.5120009999846405e-08	3.5823173e-06	2.1082638e-05	0.00022924063	0.07218405	-7.260078e-17	-8.9438235e-17	5.463931e-17	-1.8950753e-17	0	-1.885111e-17
1.5130009999846284e-08	3.6011006e-06	2.1308331e-05	0.00022931444	0.07218445	-7.260083e-17	-8.943853e-17	5.46395e-17	-1.8950681e-17	0	-1.885111e-17
1.5140009999846163e-08	3.6245572e-06	2.1542357e-05	0.00022937318	0.07218485	-7.2600875e-17	-8.9438844e-17	5.463969e-17	-1.8950609e-17	0	-1.885111e-17
1.5150009999846042e-08	3.6513818e-06	2.181912e-05	0.00022945304	0.07218527	-7.2600914e-17	-8.9439155e-17	5.4639885e-17	-1.8950539e-17	0	-1.885111e-17
1.516000999984592e-08	3.6698923e-06	2.2082198e-05	0.00022952563	0.07218569	-7.260097e-17	-8.943945e-17	5.464007e-17	-1.8950476e-17	0	-1.885111e-17
1.51700099998458e-08	3.6840024e-06	2.2344355e-05	0.00022958049	0.07218612	-7.260101e-17	-8.943975e-17	5.464026e-17	-1.895041e-17	0	-1.885111e-17
1.518000999984568e-08	3.691619e-06	2.2592038e-05	0.00022964118	0.07218654	-7.260106e-17	-8.944005e-17	5.4640444e-17	-1.8950346e-17	0	-1.8851109e-17
1.5190009999845558e-08	3.6964439e-06	2.2835617e-05	0.00022971304	0.07218697	-7.260111e-17	-8.9440326e-17	5.464062e-17	-1.8950288e-17	0	-1.8851109e-17
1.5200009999845437e-08	3.7132245e-06	2.3099228e-05	0.00022979897	0.0721874	-7.260116e-17	-8.944062e-17	5.4640795e-17	-1.8950231e-17	0	-1.8851107e-17
1.5210009999845316e-08	3.729019e-06	2.3370725e-05	0.00022989996	0.072187856	-7.2601206e-17	-8.9440896e-17	5.464097e-17	-1.8950173e-17	0	-1.8851107e-17
1.5220009999845195e-08	3.7631871e-06	2.3638811e-05	0.00023000872	0.072188295	-7.2601245e-17	-8.944117e-17	5.4641143e-17	-1.8950119e-17	0	-1.8851107e-17
1.5230009999845074e-08	3.7909222e-06	2.390983e-05	0.0002301119	0.07218869	-7.260129e-17	-8.944144e-17	5.464132e-17	-1.8950068e-17	0	-1.8851105e-17
1.5240009999844953e-08	3.7998284e-06	2.421047e-05	0.00023018278	0.07218908	-7.260135e-17	-8.94417e-17	5.464148e-17	-1.8950021e-17	0	-1.8851105e-17
1.525000999984483e-08	3.8058063e-06	2.4504565e-05	0.00023023109	0.07218944	-7.260141e-17	-8.944197e-17	5.464164e-17	-1.8949973e-17	0	-1.8851105e-17
1.526000999984471e-08	3.802438e-06	2.4785844e-05	0.00023026361	0.07218983	-7.260145e-17	-8.944222e-17	5.4641804e-17	-1.8949929e-17	0	-1.8851105e-17
1.527000999984459e-08	3.7870836e-06	2.5058025e-05	0.00023032381	0.0721902	-7.2601503e-17	-8.944247e-17	5.464196e-17	-1.894989e-17	0	-1.8851102e-17
1.528000999984447e-08	3.80966e-06	2.5358613e-05	0.0002304015	0.07219062	-7.2601556e-17	-8.9442715e-17	5.4642112e-17	-1.8949853e-17	0	-1.8851102e-17
1.5290009999844348e-08	3.8263497e-06	2.5678484e-05	0.00023046073	0.07219104	-7.260161e-17	-8.944294e-17	5.4642258e-17	-1.8949818e-17	0	-1.8851102e-17
1.5300009999844227e-08	3.8146366e-06	2.5983029e-05	0.00023051682	0.07219147	-7.260166e-17	-8.944318e-17	5.4642406e-17	-1.8949786e-17	0	-1.8851099e-17
1.5310009999844106e-08	3.810616e-06	2.6293812e-05	0.00023058018	0.07219191	-7.260172e-17	-8.944342e-17	5.464255e-17	-1.8949757e-17	0	-1.8851099e-17
1.5320009999843985e-08	3.819871e-06	2.6628995e-05	0.00023065737	0.07219234	-7.260178e-17	-8.944363e-17	5.464269e-17	-1.8949728e-17	0	-1.8851099e-17
1.5330009999843864e-08	3.852158e-06	2.6958638e-05	0.00023072874	0.07219279	-7.260183e-17	-8.944385e-17	5.4642823e-17	-1.8949705e-17	0	-1.8851099e-17
1.5340009999843743e-08	3.86774e-06	2.7264243e-05	0.00023081273	0.07219325	-7.260189e-17	-8.944406e-17	5.464295e-17	-1.8949684e-17	0	-1.8851099e-17
1.535000999984362e-08	3.883231e-06	2.759527e-05	0.00023090109	0.07219372	-7.260194e-17	-8.9444264e-17	5.4643085e-17	-1.8949667e-17	0	-1.8851094e-17
1.53600099998435e-08	3.897918e-06	2.794769e-05	0.00023098024	0.07219418	-7.2602e-17	-8.9444456e-17	5.4643204e-17	-1.8949652e-17	0	-1.8851094e-17
1.537000999984338e-08	3.9129536e-06	2.8292076e-05	0.00023103753	0.07219465	-7.260206e-17	-8.944465e-17	5.4643326e-17	-1.894964e-17	0	-1.8851094e-17
1.538000999984326e-08	3.9200086e-06	2.8612607e-05	0.00023109093	0.072195165	-7.260212e-17	-8.9444826e-17	5.464344e-17	-1.8949632e-17	0	-1.8851094e-17
1.5390009999843137e-08	3.9240444e-06	2.8919976e-05	0.0002311407	0.072195694	-7.260219e-17	-8.944502e-17	5.4643548e-17	-1.894963e-17	0	-1.8851094e-17
1.5400009999843016e-08	3.923559e-06	2.9279036e-05	0.00023121668	0.07219624	-7.260224e-17	-8.944519e-17	5.4643657e-17	-1.8949624e-17	0	-1.8851092e-17
1.5410009999842895e-08	3.921632e-06	2.9626266e-05	0.00023131185	0.072196804	-7.26023e-17	-8.944535e-17	5.464377e-17	-1.8949624e-17	0	-1.8851092e-17
1.5420009999842774e-08	3.9145616e-06	2.9950776e-05	0.00023140312	0.072197355	-7.2602364e-17	-8.944551e-17	5.4643862e-17	-1.8949632e-17	0	-1.885109e-17
1.5430009999842653e-08	3.8932444e-06	3.0286552e-05	0.00023149463	0.07219794	-7.260243e-17	-8.944566e-17	5.4643958e-17	-1.894964e-17	0	-1.885109e-17
1.5440009999842532e-08	3.861565e-06	3.0661733e-05	0.00023158567	0.072198495	-7.2602496e-17	-8.94458e-17	5.4644048e-17	-1.8949652e-17	0	-1.8851089e-17
1.545000999984241e-08	3.8386997e-06	3.1034935e-05	0.0002316852	0.07219905	-7.2602556e-17	-8.944594e-17	5.4644137e-17	-1.8949669e-17	0	-1.8851086e-17
1.546000999984229e-08	3.825697e-06	3.1388852e-05	0.00023178765	0.07219958	-7.260263e-17	-8.944607e-17	5.4644216e-17	-1.8949689e-17	0	-1.8851086e-17
1.547000999984217e-08	3.852507e-06	3.174109e-05	0.0002318595	0.07220013	-7.2602695e-17	-8.944619e-17	5.4644292e-17	-1.894971e-17	0	-1.8851086e-17
1.548000999984205e-08	3.8627177e-06	3.212263e-05	0.0002319032	0.07220069	-7.2602754e-17	-8.94463e-17	5.464437e-17	-1.8949738e-17	0	-1.8851084e-17
1.5490009999841927e-08	3.853903e-06	3.251027e-05	0.00023193864	0.07220125	-7.2602834e-17	-8.9446415e-17	5.464443e-17	-1.894977e-17	0	-1.8851082e-17
1.5500009999841806e-08	3.8484404e-06	3.292223e-05	0.00023196584	0.072201855	-7.260289e-17	-8.9446514e-17	5.4644498e-17	-1.8949805e-17	0	-1.8851082e-17
1.5510009999841685e-08	3.851536e-06	3.331373e-05	0.00023201827	0.07220247	-7.260297e-17	-8.9446606e-17	5.4644557e-17	-1.8949841e-17	0	-1.885108e-17
1.5520009999841564e-08	3.8486833e-06	3.3700504e-05	0.00023208867	0.07220312	-7.260304e-17	-8.944668e-17	5.4644603e-17	-1.8949886e-17	0	-1.885108e-17
1.5530009999841443e-08	3.850823e-06	3.4102097e-05	0.00023216635	0.072203815	-7.260312e-17	-8.944676e-17	5.4644653e-17	-1.8949934e-17	0	-1.885108e-17
1.5540009999841322e-08	3.8511866e-06	3.4484525e-05	0.00023222073	0.07220454	-7.260319e-17	-8.9446825e-17	5.4644696e-17	-1.8949985e-17	0	-1.8851079e-17
1.55500099998412e-08	3.827184e-06	3.4884222e-05	0.00023227025	0.07220529	-7.260327e-17	-8.9446884e-17	5.4644732e-17	-1.8950041e-17	0	-1.8851079e-17
1.556000999984108e-08	3.8037276e-06	3.52871e-05	0.00023234938	0.07220603	-7.260335e-17	-8.9446924e-17	5.464476e-17	-1.89501e-17	0	-1.8851076e-17
1.557000999984096e-08	3.762565e-06	3.5686782e-05	0.00023244115	0.07220677	-7.260342e-17	-8.9446964e-17	5.4644785e-17	-1.8950165e-17	0	-1.8851074e-17
1.5580009999840838e-08	3.7516409e-06	3.610833e-05	0.00023253146	0.07220753	-7.2603495e-17	-8.944699e-17	5.4644805e-17	-1.8950236e-17	0	-1.8851072e-17
1.5590009999840717e-08	3.7496989e-06	3.6520458e-05	0.00023259604	0.0722083	-7.2603575e-17	-8.944702e-17	5.4644822e-17	-1.8950309e-17	0	-1.8851072e-17
1.5600009999840596e-08	3.717761e-06	3.6959314e-05	0.00023264288	0.07220906	-7.2603654e-17	-8.944703e-17	5.4644825e-17	-1.895039e-17	0	-1.885107e-17
1.5610009999840475e-08	3.710372e-06	3.7398444e-05	0.00023269217	0.07220981	-7.2603733e-17	-8.9447023e-17	5.4644832e-17	-1.8950473e-17	0	-1.885107e-17
1.5620009999840354e-08	3.689252e-06	3.785534e-05	0.00023275625	0.072210595	-7.2603826e-17	-8.9447023e-17	5.4644825e-17	-1.8950562e-17	0	-1.885107e-17
1.5630009999840233e-08	3.666084e-06	3.828621e-05	0.00023282714	0.07221141	-7.2603906e-17	-8.9447e-17	5.4644815e-17	-1.8950653e-17	0	-1.8851066e-17
1.5640009999840112e-08	3.619626e-06	3.8713144e-05	0.00023291065	0.07221229	-7.260399e-17	-8.944697e-17	5.46448e-17	-1.8950753e-17	0	-1.8851066e-17
1.565000999983999e-08	3.6060621e-06	3.9139733e-05	0.00023296503	0.07221321	-7.260408e-17	-8.9446944e-17	5.4644775e-17	-1.8950853e-17	0	-1.8851064e-17
1.566000999983987e-08	3.5914206e-06	3.9591247e-05	0.00023301989	0.0722141	-7.260416e-17	-8.9446884e-17	5.464475e-17	-1.8950966e-17	0	-1.8851062e-17
1.567000999983975e-08	3.5781752e-06	4.0042563e-05	0.00023308348	0.072214976	-7.2604256e-17	-8.9446825e-17	5.4644716e-17	-1.8951075e-17	0	-1.8851062e-17
1.5680009999839628e-08	3.5698154e-06	4.048133e-05	0.00023316045	0.072215825	-7.260435e-17	-8.944676e-17	5.464467e-17	-1.89512e-17	0	-1.8851062e-17
1.5690009999839507e-08	3.5467988e-06	4.093705e-05	0.00023327187	0.072216675	-7.2604435e-17	-8.944668e-17	5.4644613e-17	-1.8951322e-17	0	-1.8851057e-17
1.5700009999839386e-08	3.4937714e-06	4.1411215e-05	0.00023340053	0.07221749	-7.260453e-17	-8.944658e-17	5.4644567e-17	-1.8951454e-17	0	-1.8851056e-17
1.5710009999839265e-08	3.4535342e-06	4.1922853e-05	0.00023350249	0.07221833	-7.260463e-17	-8.944648e-17	5.4644498e-17	-1.895159e-17	0	-1.8851056e-17
1.5720009999839144e-08	3.408533e-06	4.241194e-05	0.0002335644	0.07221919	-7.260472e-17	-8.944637e-17	5.464443e-17	-1.8951732e-17	0	-1.8851056e-17
1.5730009999839023e-08	3.3534573e-06	4.2885218e-05	0.00023361659	0.072220124	-7.2604825e-17	-8.944624e-17	5.4644355e-17	-1.895188e-17	0	-1.8851054e-17
1.5740009999838902e-08	3.3111567e-06	4.3402924e-05	0.00023364207	0.07222114	-7.2604925e-17	-8.9446104e-17	5.464427e-17	-1.8952035e-17	0	-1.885105e-17
1.575000999983878e-08	3.280554e-06	4.394777e-05	0.00023369232	0.0722222	-7.260501e-17	-8.944595e-17	5.464418e-17	-1.8952192e-17	0	-1.8851047e-17
1.576000999983866e-08	3.2523335e-06	4.4454726e-05	0.00023377583	0.07222326	-7.260513e-17	-8.944579e-17	5.4644074e-17	-1.8952357e-17	0	-1.8851047e-17
1.577000999983854e-08	3.1894137e-06	4.4977147e-05	0.00023383992	0.072224274	-7.2605216e-17	-8.9445614e-17	5.464397e-17	-1.8952528e-17	0	-1.8851046e-17
1.5780009999838418e-08	3.1258112e-06	4.5495748e-05	0.00023388167	0.0722253	-7.260533e-17	-8.9445435e-17	5.4643856e-17	-1.8952708e-17	0	-1.8851046e-17
1.5790009999838297e-08	3.0812043e-06	4.602648e-05	0.00023395014	0.07222631	-7.2605434e-17	-8.944523e-17	5.4643733e-17	-1.8952892e-17	0	-1.8851044e-17
1.5800009999838176e-08	3.0323492e-06	4.654864e-05	0.00023402004	0.072227314	-7.2605533e-17	-8.9445005e-17	5.4643598e-17	-1.8953083e-17	0	-1.8851041e-17
1.5810009999838055e-08	2.9581565e-06	4.708707e-05	0.00023411035	0.07222833	-7.2605646e-17	-8.9444787e-17	5.464346e-17	-1.8953282e-17	0	-1.885104e-17
1.5820009999837934e-08	2.8939926e-06	4.7650334e-05	0.00023417153	0.072229356	-7.2605765e-17	-8.944455e-17	5.464331e-17	-1.8953489e-17	0	-1.8851038e-17
1.5830009999837813e-08	2.8224397e-06	4.820714e-05	0.00023418173	0.07223042	-7.260587e-17	-8.9444284e-17	5.464315e-17	-1.8953697e-17	0	-1.8851036e-17
1.5840009999837692e-08	2.751964e-06	4.8747163e-05	0.00023423562	0.07223157	-7.2605983e-17	-8.944402e-17	5.4642982e-17	-1.8953916e-17	0	-1.8851036e-17
1.585000999983757e-08	2.7103918e-06	4.9279413e-05	0.00023433224	0.07223272	-7.260611e-17	-8.9443734e-17	5.4642803e-17	-1.8954139e-17	0	-1.8851033e-17
1.586000999983745e-08	2.6573643e-06	4.9847364e-05	0.0002344274	0.07223393	-7.2606215e-17	-8.944344e-17	5.464263e-17	-1.895437e-17	0	-1.8851031e-17
1.587000999983733e-08	2.5956128e-06	5.0447023e-05	0.00023452498	0.07223514	-7.260634e-17	-8.944313e-17	5.4642433e-17	-1.8954612e-17	0	-1.885103e-17
1.5880009999837208e-08	2.5239233e-06	5.104906e-05	0.00023461286	0.07223633	-7.260645e-17	-8.94428e-17	5.4642234e-17	-1.895486e-17	0	-1.8851028e-17
1.5890009999837087e-08	2.4292174e-06	5.162468e-05	0.00023469492	0.0722375	-7.260657e-17	-8.944246e-17	5.4642026e-17	-1.8955115e-17	0	-1.8851024e-17
1.5900009999836966e-08	2.3281693e-06	5.221882e-05	0.00023474396	0.072238624	-7.2606705e-17	-8.9442107e-17	5.4641804e-17	-1.8955375e-17	0	-1.8851024e-17
1.5910009999836845e-08	2.233767e-06	5.2831107e-05	0.0002347913	0.07223979	-7.260684e-17	-8.944175e-17	5.464158e-17	-1.8955644e-17	0	-1.8851021e-17
1.5920009999836724e-08	2.1271508e-06	5.3438533e-05	0.00023484736	0.072241	-7.2606956e-17	-8.944135e-17	5.4641338e-17	-1.895592e-17	0	-1.8851021e-17
1.5930009999836603e-08	2.0438392e-06	5.4059805e-05	0.00023488766	0.072242245	-7.260709e-17	-8.9440955e-17	5.464109e-17	-1.8956205e-17	0	-1.885102e-17
1.5940009999836482e-08	1.9662175e-06	5.467167e-05	0.00023491656	0.07224348	-7.260723e-17	-8.9440545e-17	5.4640828e-17	-1.8956496e-17	0	-1.8851016e-17
1.595000999983636e-08	1.8724066e-06	5.528297e-05	0.00023498015	0.07224475	-7.2607347e-17	-8.94401e-17	5.4640563e-17	-1.8956796e-17	0	-1.8851013e-17
1.596000999983624e-08	1.761436e-06	5.5925757e-05	0.00023506196	0.07224611	-7.2607486e-17	-8.943965e-17	5.464028e-17	-1.8957105e-17	0	-1.8851013e-17
1.597000999983612e-08	1.6656224e-06	5.6575784e-05	0.00023512071	0.07224749	-7.2607625e-17	-8.943918e-17	5.4639994e-17	-1.8957423e-17	0	-1.8851011e-17
1.5980009999835998e-08	1.5916116e-06	5.7230474e-05	0.0002351615	0.0722489	-7.2607764e-17	-8.94387e-17	5.4639693e-17	-1.8957749e-17	0	-1.8851008e-17
1.5990009999835877e-08	1.5030354e-06	5.7896374e-05	0.00023517024	0.07225044	-7.260789e-17	-8.94382e-17	5.4639386e-17	-1.895808e-17	0	-1.8851004e-17
1.6000009999835756e-08	1.3800937e-06	5.8595153e-05	0.00023521781	0.07225204	-7.260804e-17	-8.9437686e-17	5.4639058e-17	-1.8958422e-17	0	-1.8851003e-17
1.6010009999835635e-08	1.2806084e-06	5.9299226e-05	0.0002353018	0.07225371	-7.260818e-17	-8.943716e-17	5.463873e-17	-1.8958773e-17	0	-1.8851001e-17
1.6020009999835514e-08	1.1753274e-06	5.9989903e-05	0.00023538143	0.072255395	-7.260834e-17	-8.9436594e-17	5.4638386e-17	-1.895913e-17	0	-1.8851001e-17
1.6030009999835393e-08	1.0573623e-06	6.067709e-05	0.00023546665	0.07225709	-7.2608485e-17	-8.943603e-17	5.4638036e-17	-1.8959497e-17	0	-1.8850996e-17
1.6040009999835272e-08	9.4317505e-07	6.137595e-05	0.0002355953	0.0722588	-7.260864e-17	-8.943545e-17	5.4637678e-17	-1.8959876e-17	0	-1.8850995e-17
1.605000999983515e-08	8.2373816e-07	6.208155e-05	0.00023569605	0.07226051	-7.2608796e-17	-8.943484e-17	5.4637298e-17	-1.8960258e-17	0	-1.8850993e-17
1.606000999983503e-08	6.8014685e-07	6.2792664e-05	0.000235731	0.07226225	-7.260895e-17	-8.943421e-17	5.4636917e-17	-1.8960654e-17	0	-1.8850993e-17
1.607000999983491e-08	5.215198e-07	6.350811e-05	0.00023573416	0.07226403	-7.2609094e-17	-8.943357e-17	5.463652e-17	-1.8961051e-17	0	-1.8850988e-17
1.6080009999834788e-08	3.67232e-07	6.421877e-05	0.00023572979	0.072265826	-7.260926e-17	-8.9432915e-17	5.463611e-17	-1.8961468e-17	0	-1.8850986e-17
1.6090009999834667e-08	2.337455e-07	6.494286e-05	0.00023571984	0.072267644	-7.260943e-17	-8.9432247e-17	5.4635686e-17	-1.896189e-17	0	-1.8850985e-17
1.6100009999834546e-08	1.2630996e-07	6.5696426e-05	0.00023574849	0.072269544	-7.260959e-17	-8.9431545e-17	5.4635256e-17	-1.896232e-17	0	-1.8850981e-17
1.6110009999834425e-08	1.8115806e-08	6.642219e-05	0.00023583249	0.07227152	-7.260975e-17	-8.943084e-17	5.463482e-17	-1.8962755e-17	0	-1.8850978e-17
1.6120009999834304e-08	-1.4826438e-07	6.7166766e-05	0.00023591623	0.07227357	-7.260992e-17	-8.9430096e-17	5.463436e-17	-1.8963207e-17	0	-1.8850978e-17
1.6130009999834183e-08	-3.192873e-07	6.7947505e-05	0.00023595046	0.07227569	-7.2610086e-17	-8.942934e-17	5.4633896e-17	-1.8963666e-17	0	-1.8850976e-17
1.6140009999834062e-08	-4.9475574e-07	6.870881e-05	0.00023599707	0.07227785	-7.261026e-17	-8.9428574e-17	5.4633413e-17	-1.8964131e-17	0	-1.8850971e-17
1.615000999983394e-08	-6.427015e-07	6.948664e-05	0.00023606795	0.072280034	-7.2610424e-17	-8.942777e-17	5.4632924e-17	-1.8964611e-17	0	-1.885097e-17
1.616000999983382e-08	-8.1724437e-07	7.028433e-05	0.0002361454	0.07228233	-7.261062e-17	-8.942698e-17	5.4632427e-17	-1.8965099e-17	0	-1.8850968e-17
1.61700099998337e-08	-1.0033486e-06	7.106943e-05	0.00023620827	0.072284706	-7.2610794e-17	-8.942615e-17	5.4631908e-17	-1.8965594e-17	0	-1.8850968e-17
1.6180009999833578e-08	-1.2239245e-06	7.1856986e-05	0.0002362777	0.07228715	-7.261097e-17	-8.94253e-17	5.4631382e-17	-1.89661e-17	0	-1.8850963e-17
1.6190009999833457e-08	-1.4307846e-06	7.267875e-05	0.0002363515	0.07228967	-7.261116e-17	-8.942442e-17	5.4630842e-17	-1.8966616e-17	0	-1.8850961e-17
1.6200009999833336e-08	-1.635748e-06	7.349047e-05	0.00023637238	0.072292276	-7.261134e-17	-8.9423525e-17	5.463029e-17	-1.896714e-17	0	-1.885096e-17
1.6210009999833215e-08	-1.8649115e-06	7.4326475e-05	0.00023640878	0.07229497	-7.2611535e-17	-8.9422625e-17	5.4629724e-17	-1.8967677e-17	0	-1.8850958e-17
1.6220009999833094e-08	-2.104893e-06	7.517101e-05	0.00023648841	0.07229777	-7.261172e-17	-8.942169e-17	5.4629152e-17	-1.8968224e-17	0	-1.8850955e-17
1.6230009999832973e-08	-2.3250743e-06	7.60002e-05	0.00023656391	0.07230064	-7.2611906e-17	-8.942073e-17	5.4628556e-17	-1.8968778e-17	0	-1.8850952e-17
1.6240009999832852e-08	-2.5744473e-06	7.683566e-05	0.00023662338	0.072303526	-7.2612105e-17	-8.9419766e-17	5.4627957e-17	-1.8969346e-17	0	-1.885095e-17
1.625000999983273e-08	-2.8358218e-06	7.7676785e-05	0.00023662727	0.07230646	-7.26123e-17	-8.941879e-17	5.462735e-17	-1.8969922e-17	0	-1.8850947e-17
1.626000999983261e-08	-3.0876981e-06	7.8532845e-05	0.00023666077	0.07230951	-7.261251e-17	-8.9417774e-17	5.4626723e-17	-1.8970509e-17	0	-1.8850943e-17
1.627000999983249e-08	-3.3372228e-06	7.940763e-05	0.00023668796	0.07231266	-7.2612713e-17	-8.9416735e-17	5.4626075e-17	-1.8971104e-17	0	-1.8850943e-17
1.6280009999832368e-08	-3.607033e-06	8.028214e-05	0.0002367183	0.0723159	-7.2612905e-17	-8.941568e-17	5.4625423e-17	-1.8971712e-17	0	-1.8850938e-17
1.6290009999832247e-08	-3.8934418e-06	8.115693e-05	0.00023673505	0.07231927	-7.2613124e-17	-8.941462e-17	5.4624754e-17	-1.897233e-17	0	-1.8850937e-17
1.6300009999832126e-08	-4.177135e-06	8.200312e-05	0.00023676612	0.07232286	-7.261333e-17	-8.941352e-17	5.4624073e-17	-1.8972954e-17	0	-1.8850935e-17
1.6310009999832005e-08	-4.45045e-06	8.2900726e-05	0.00023683094	0.07232666	-7.261355e-17	-8.94124e-17	5.4623385e-17	-1.8973594e-17	0	-1.8850933e-17
1.6320009999831884e-08	-4.72686e-06	8.38149e-05	0.00023690499	0.07233063	-7.261375e-17	-8.941126e-17	5.4622683e-17	-1.8974241e-17	0	-1.885093e-17
1.6330009999831763e-08	-5.0082012e-06	8.471646e-05	0.00023698898	0.07233478	-7.2613964e-17	-8.941011e-17	5.4621962e-17	-1.8974896e-17	0	-1.8850927e-17
1.634000999983164e-08	-5.2720184e-06	8.562055e-05	0.00023702103	0.07233903	-7.261419e-17	-8.940892e-17	5.462123e-17	-1.8975568e-17	0	-1.8850927e-17
1.635000999983152e-08	-5.5574865e-06	8.653093e-05	0.00023705987	0.07234336	-7.2614414e-17	-8.940772e-17	5.462048e-17	-1.8976246e-17	0	-1.8850922e-17
1.63600099998314e-08	-5.8359146e-06	8.746551e-05	0.00023711764	0.07234775	-7.2614626e-17	-8.94065e-17	5.461972e-17	-1.8976936e-17	0	-1.8850918e-17
1.637000999983128e-08	-6.1381934e-06	8.839873e-05	0.00023718318	0.07235215	-7.2614864e-17	-8.940526e-17	5.4618954e-17	-1.8977634e-17	0	-1.8850918e-17
1.6380009999831158e-08	-6.4826672e-06	8.9347704e-05	0.00023724338	0.0723566	-7.261508e-17	-8.9404e-17	5.4618177e-17	-1.8978346e-17	0	-1.8850917e-17
1.6390009999831037e-08	-6.817855e-06	9.034265e-05	0.00023728465	0.07236107	-7.261532e-17	-8.940271e-17	5.4617376e-17	-1.8979065e-17	0	-1.8850917e-17
1.6400009999830916e-08	-7.1703394e-06	9.1353104e-05	0.0002373468	0.07236556	-7.261555e-17	-8.9401416e-17	5.4616572e-17	-1.8979796e-17	0	-1.885091e-17
1.6410009999830794e-08	-7.508076e-06	9.235326e-05	0.00023737253	0.072370104	-7.261577e-17	-8.940008e-17	5.461575e-17	-1.8980534e-17	0	-1.8850908e-17
1.6420009999830673e-08	-7.851306e-06	9.333025e-05	0.00023740798	0.07237473	-7.261602e-17	-8.939875e-17	5.4614908e-17	-1.8981285e-17	0	-1.8850908e-17
1.6430009999830552e-08	-8.1837625e-06	9.428588e-05	0.00023745095	0.07237947	-7.261627e-17	-8.939738e-17	5.461406e-17	-1.8982046e-17	0	-1.8850907e-17
1.644000999983043e-08	-8.518207e-06	9.526701e-05	0.00023746333	0.07238432	-7.261651e-17	-8.939599e-17	5.46132e-17	-1.8982822e-17	0	-1.8850902e-17
1.645000999983031e-08	-8.863818e-06	9.629594e-05	0.0002374541	0.072389185	-7.261675e-17	-8.939459e-17	5.4612333e-17	-1.89836e-17	0	-1.8850902e-17
1.646000999983019e-08	-9.213192e-06	9.732101e-05	0.00023743954	0.07239407	-7.2616995e-17	-8.939315e-17	5.4611447e-17	-1.898439e-17	0	-1.8850899e-17
1.647000999983007e-08	-9.601681e-06	9.833037e-05	0.00023747595	0.07239891	-7.261725e-17	-8.93917e-17	5.4610543e-17	-1.8985196e-17	0	-1.8850899e-17
1.6480009999829947e-08	-9.996921e-06	9.9332596e-05	0.0002375381	0.072403826	-7.2617504e-17	-8.939023e-17	5.4609634e-17	-1.8986009e-17	0	-1.8850892e-17
1.6490009999829826e-08	-1.0382117e-05	0.00010034008	0.0002375711	0.07240879	-7.261774e-17	-8.9388743e-17	5.460871e-17	-1.8986828e-17	0	-1.8850892e-17
1.6500009999829705e-08	-1.0790527e-05	0.00010137551	0.00023760607	0.07241375	-7.261801e-17	-8.9387235e-17	5.4607777e-17	-1.8987658e-17	0	-1.885089e-17
1.6510009999829584e-08	-1.1189166e-05	0.000102421174	0.00023761044	0.07241878	-7.261826e-17	-8.93857e-17	5.4606828e-17	-1.8988502e-17	0	-1.8850887e-17
1.6520009999829463e-08	-1.1608454e-05	0.00010345918	0.00023762987	0.072423846	-7.261854e-17	-8.938416e-17	5.460586e-17	-1.8989354e-17	0	-1.8850885e-17
1.6530009999829342e-08	-1.2009536e-05	0.00010450539	0.0002376165	0.07242888	-7.261879e-17	-8.938258e-17	5.460489e-17	-1.8990212e-17	0	-1.8850884e-17
1.654000999982922e-08	-1.2428778e-05	0.000105563384	0.00023760097	0.072433904	-7.261905e-17	-8.9380994e-17	5.4603906e-17	-1.8991081e-17	0	-1.8850882e-17
1.65500099998291e-08	-1.28634365e-05	0.00010664029	0.00023765364	0.07243898	-7.261933e-17	-8.9379386e-17	5.4602904e-17	-1.899196e-17	0	-1.8850882e-17
1.656000999982898e-08	-1.3310779e-05	0.000107694854	0.00023771434	0.07244414	-7.26196e-17	-8.9377765e-17	5.4601894e-17	-1.8992851e-17	0	-1.8850877e-17
1.6570009999828858e-08	-1.3773961e-05	0.00010878305	0.0002377522	0.072449386	-7.261987e-17	-8.9376124e-17	5.4600875e-17	-1.8993748e-17	0	-1.8850877e-17
1.6580009999828737e-08	-1.42059935e-05	0.00010988011	0.0002377879	0.072454624	-7.2620145e-17	-8.9374456e-17	5.4599843e-17	-1.8994658e-17	0	-1.8850874e-17
1.6590009999828616e-08	-1.46351895e-05	0.00011097634	0.0002377964	0.07245987	-7.262042e-17	-8.937276e-17	5.459879e-17	-1.8995574e-17	0	-1.8850872e-17
1.6600009999828495e-08	-1.5091544e-05	0.000112056914	0.00023781387	0.07246515	-7.2620694e-17	-8.937107e-17	5.4597742e-17	-1.89965e-17	0	-1.8850869e-17
1.6610009999828374e-08	-1.5565634e-05	0.000113147216	0.00023781435	0.07247045	-7.262098e-17	-8.936935e-17	5.4596677e-17	-1.8997437e-17	0	-1.8850869e-17
1.6620009999828253e-08	-1.6048845e-05	0.000114235954	0.00023780174	0.07247574	-7.262125e-17	-8.93676e-17	5.459559e-17	-1.8998378e-17	0	-1.8850865e-17
1.6630009999828132e-08	-1.6541826e-05	0.00011532985	0.00023778329	0.072481	-7.262153e-17	-8.936584e-17	5.459451e-17	-1.8999333e-17	0	-1.8850865e-17
1.664000999982801e-08	-1.7051678e-05	0.00011644219	0.00023782018	0.072486274	-7.262184e-17	-8.936408e-17	5.45934e-17	-1.9000296e-17	0	-1.8850864e-17
1.665000999982789e-08	-1.7562197e-05	0.00011755206	0.00023786533	0.07249157	-7.262212e-17	-8.936229e-17	5.4592296e-17	-1.9001263e-17	0	-1.885086e-17
1.666000999982777e-08	-1.8057772e-05	0.0001186592	0.00023789544	0.07249692	-7.26224e-17	-8.9360474e-17	5.4591174e-17	-1.9002241e-17	0	-1.885086e-17
1.6670009999827648e-08	-1.856503e-05	0.000119781515	0.0002379367	0.07250226	-7.262269e-17	-8.935865e-17	5.4590043e-17	-1.9003232e-17	0	-1.8850859e-17
1.6680009999827527e-08	-1.9124496e-05	0.000120873214	0.00023798429	0.072507665	-7.262299e-17	-8.9356814e-17	5.4588898e-17	-1.9004223e-17	0	-1.8850857e-17
1.6690009999827406e-08	-1.9680578e-05	0.00012196667	0.00023800807	0.07251318	-7.262328e-17	-8.935494e-17	5.4587743e-17	-1.9005227e-17	0	-1.8850856e-17
1.6700009999827285e-08	-2.0214145e-05	0.00012305011	0.00023799448	0.07251875	-7.262358e-17	-8.935307e-17	5.4586585e-17	-1.9006241e-17	0	-1.885085e-17
1.6710009999827164e-08	-2.075143e-05	0.00012418599	0.0002379418	0.07252437	-7.262388e-17	-8.935118e-17	5.458541e-17	-1.9007259e-17	0	-1.885085e-17
1.6720009999827043e-08	-2.1315658e-05	0.00012532668	0.00023791632	0.07253	-7.2624175e-17	-8.934928e-17	5.458423e-17	-1.9008283e-17	0	-1.885085e-17
1.6730009999826922e-08	-2.1869148e-05	0.00012644331	0.00023790514	0.07253561	-7.262449e-17	-8.934736e-17	5.4583035e-17	-1.900932e-17	0	-1.8850849e-17
1.67400099998268e-08	-2.2430282e-05	0.00012755783	0.00023791728	0.072541274	-7.262479e-17	-8.934542e-17	5.458183e-17	-1.901036e-17	0	-1.8850849e-17
1.675000999982668e-08	-2.2993798e-05	0.00012869562	0.00023795127	0.0725469	-7.26251e-17	-8.934347e-17	5.4580623e-17	-1.901141e-17	0	-1.8850847e-17
1.676000999982656e-08	-2.3564508e-05	0.00012981688	0.00023798477	0.07255246	-7.262542e-17	-8.93415e-17	5.4579395e-17	-1.9012468e-17	0	-1.8850844e-17
1.6770009999826438e-08	-2.4136809e-05	0.00013092835	0.00023800468	0.07255804	-7.2625717e-17	-8.933951e-17	5.457817e-17	-1.9013534e-17	0	-1.8850844e-17
1.6780009999826317e-08	-2.4734478e-05	0.00013203522	0.00023803793	0.072563685	-7.2626034e-17	-8.933751e-17	5.4576927e-17	-1.9014604e-17	0	-1.8850842e-17
1.6790009999826196e-08	-2.5349324e-05	0.00013316801	0.0002380037	0.07256939	-7.2626345e-17	-8.93355e-17	5.4575673e-17	-1.9015685e-17	0	-1.885084e-17
1.6800009999826075e-08	-2.5934172e-05	0.00013427243	0.00023800565	0.072575204	-7.2626656e-17	-8.933347e-17	5.457442e-17	-1.9016768e-17	0	-1.885084e-17
1.6810009999825954e-08	-2.6523574e-05	0.00013536589	0.00023803915	0.07258109	-7.2626994e-17	-8.9331436e-17	5.4573155e-17	-1.9017863e-17	0	-1.8850839e-17
1.6820009999825833e-08	-2.71557e-05	0.00013647745	0.00023807604	0.07258688	-7.262729e-17	-8.932937e-17	5.4571878e-17	-1.901896e-17	0	-1.8850836e-17
1.6830009999825712e-08	-2.7787766e-05	0.00013758811	0.0002381064	0.072592705	-7.262762e-17	-8.9327314e-17	5.4570594e-17	-1.9020067e-17	0	-1.8850836e-17
1.684000999982559e-08	-2.8404067e-05	0.00013871955	0.0002381382	0.07259852	-7.262795e-17	-8.932523e-17	5.4569304e-17	-1.9021179e-17	0	-1.8850836e-17
1.685000999982547e-08	-2.9042687e-05	0.00013982892	0.00023814669	0.07260433	-7.262826e-17	-8.932314e-17	5.4568e-17	-1.9022295e-17	0	-1.8850832e-17
1.686000999982535e-08	-2.9688286e-05	0.00014094365	0.00023814548	0.072610155	-7.262858e-17	-8.932102e-17	5.45667e-17	-1.9023417e-17	0	-1.8850832e-17
1.6870009999825228e-08	-3.0354884e-05	0.00014205625	0.00023812192	0.07261602	-7.26289e-17	-8.93189e-17	5.4565383e-17	-1.9024552e-17	0	-1.8850834e-17
1.6880009999825107e-08	-3.1030435e-05	0.00014317119	0.00023811392	0.072621986	-7.262923e-17	-8.931678e-17	5.4564063e-17	-1.9025682e-17	0	-1.8850832e-17
1.6890009999824986e-08	-3.1703785e-05	0.00014429443	0.00023810955	0.07262807	-7.262955e-17	-8.931462e-17	5.4562736e-17	-1.902683e-17	0	-1.8850832e-17
1.6900009999824865e-08	-3.239434e-05	0.00014540766	0.00023810324	0.07263421	-7.262989e-17	-8.931248e-17	5.456139e-17	-1.9027976e-17	0	-1.885083e-17
1.6910009999824744e-08	-3.3068114e-05	0.00014652297	0.0002380962	0.07264033	-7.263022e-17	-8.9310314e-17	5.4560052e-17	-1.902913e-17	0	-1.8850829e-17
1.6920009999824623e-08	-3.3753557e-05	0.00014760444	0.00023806294	0.07264639	-7.263054e-17	-8.9308117e-17	5.4558696e-17	-1.9030286e-17	0	-1.8850829e-17
1.6930009999824502e-08	-3.4436478e-05	0.00014869931	0.00023804983	0.0726524	-7.263087e-17	-8.930594e-17	5.4557343e-17	-1.9031449e-17	0	-1.8850829e-17
1.694000999982438e-08	-3.5095993e-05	0.00014977776	0.0002380445	0.07265841	-7.2631216e-17	-8.930374e-17	5.4555976e-17	-1.9032617e-17	0	-1.8850829e-17
1.695000999982426e-08	-3.577195e-05	0.0001508495	0.00023808527	0.07266454	-7.2631547e-17	-8.930153e-17	5.4554603e-17	-1.9033793e-17	0	-1.8850826e-17
1.696000999982414e-08	-3.6460657e-05	0.00015192715	0.00023811829	0.07267065	-7.2631884e-17	-8.92993e-17	5.455322e-17	-1.9034973e-17	0	-1.8850824e-17
1.6970009999824018e-08	-3.7139194e-05	0.00015300846	0.00023811247	0.072676785	-7.2632215e-17	-8.9297065e-17	5.455184e-17	-1.9036157e-17	0	-1.8850826e-17
1.6980009999823897e-08	-3.7823498e-05	0.00015405421	0.00023805856	0.07268296	-7.2632566e-17	-8.929484e-17	5.4550447e-17	-1.9037345e-17	0	-1.8850826e-17
1.6990009999823776e-08	-3.8531773e-05	0.00015508468	0.0002380207	0.07268915	-7.263289e-17	-8.929257e-17	5.4549044e-17	-1.9038541e-17	0	-1.8850824e-17
1.7000009999823655e-08	-3.9241175e-05	0.0001561235	0.00023801147	0.07269537	-7.263323e-17	-8.92903e-17	5.4547645e-17	-1.9039737e-17	0	-1.8850824e-17
1.7010009999823534e-08	-3.9939496e-05	0.00015717409	0.00023802604	0.07270155	-7.2633565e-17	-8.928803e-17	5.4546235e-17	-1.9040943e-17	0	-1.8850824e-17
1.7020009999823413e-08	-4.065002e-05	0.00015818962	0.0002380304	0.07270774	-7.2633896e-17	-8.9285736e-17	5.4544816e-17	-1.9042151e-17	0	-1.8850822e-17
1.7030009999823292e-08	-4.1380947e-05	0.00015918487	0.00023803672	0.07271387	-7.263425e-17	-8.928345e-17	5.4543393e-17	-1.9043365e-17	0	-1.8850822e-17
1.704000999982317e-08	-4.2122556e-05	0.00016021007	0.00023803818	0.07272002	-7.263459e-17	-8.928115e-17	5.454196e-17	-1.904458e-17	0	-1.8850822e-17
1.705000999982305e-08	-4.2874955e-05	0.00016122255	0.00023803647	0.07272616	-7.263493e-17	-8.9278834e-17	5.454053e-17	-1.90458e-17	0	-1.8850822e-17
1.706000999982293e-08	-4.36225e-05	0.00016221106	0.00023805031	0.07273236	-7.2635266e-17	-8.927651e-17	5.453909e-17	-1.9047026e-17	0	-1.885082e-17
1.7070009999822808e-08	-4.4351895e-05	0.00016317489	0.00023810081	0.07273864	-7.263561e-17	-8.927418e-17	5.4537642e-17	-1.904825e-17	0	-1.885082e-17
1.7080009999822687e-08	-4.5111636e-05	0.00016415009	0.0002381416	0.07274496	-7.263596e-17	-8.9271846e-17	5.4536193e-17	-1.9049488e-17	0	-1.885082e-17
1.7090009999822566e-08	-4.5881785e-05	0.00016512624	0.00023816028	0.07275127	-7.2636305e-17	-8.926949e-17	5.453474e-17	-1.9050726e-17	0	-1.885082e-17
1.7100009999822445e-08	-4.6633486e-05	0.00016607907	0.00023816247	0.07275759	-7.263665e-17	-8.9267135e-17	5.4533275e-17	-1.9051966e-17	0	-1.885082e-17
1.7110009999822324e-08	-4.737799e-05	0.00016707413	0.00023814548	0.072763935	-7.263699e-17	-8.9264766e-17	5.4531802e-17	-1.905321e-17	0	-1.885082e-17
1.7120009999822203e-08	-4.8147656e-05	0.00016802546	0.0002380911	0.07277023	-7.263733e-17	-8.926239e-17	5.4530333e-17	-1.9054454e-17	0	-1.885082e-17
1.7130009999822082e-08	-4.8919595e-05	0.00016896003	0.00023806051	0.072776504	-7.263768e-17	-8.926001e-17	5.452885e-17	-1.9055708e-17	0	-1.8850818e-17
1.714000999982196e-08	-4.9660674e-05	0.00016987674	0.00023803793	0.07278272	-7.2638025e-17	-8.925761e-17	5.452737e-17	-1.9056964e-17	0	-1.8850818e-17
1.715000999982184e-08	-5.0412465e-05	0.00017077684	0.00023800565	0.072788976	-7.263837e-17	-8.925522e-17	5.4525886e-17	-1.9058221e-17	0	-1.8850818e-17
1.716000999982172e-08	-5.116597e-05	0.00017166123	0.00023799205	0.072795324	-7.263873e-17	-8.925282e-17	5.4524388e-17	-1.905948e-17	0	-1.8850818e-17
1.7170009999821598e-08	-5.1946863e-05	0.00017252554	0.00023796632	0.07280168	-7.263907e-17	-8.92504e-17	5.4522895e-17	-1.9060746e-17	0	-1.885082e-17
1.7180009999821477e-08	-5.270301e-05	0.00017340985	0.0002379702	0.072808035	-7.263942e-17	-8.924797e-17	5.4521393e-17	-1.9062013e-17	0	-1.885082e-17
1.7190009999821356e-08	-5.343814e-05	0.00017431098	0.00023797895	0.072814345	-7.263976e-17	-8.924555e-17	5.451989e-17	-1.9063282e-17	0	-1.8850818e-17
1.7200009999821235e-08	-5.421642e-05	0.00017518846	0.00023798866	0.07282064	-7.264011e-17	-8.924311e-17	5.4518376e-17	-1.9064556e-17	0	-1.885082e-17
1.7210009999821114e-08	-5.4987086e-05	0.0001760132	0.00023798502	0.07282693	-7.264047e-17	-8.9240665e-17	5.451686e-17	-1.9065832e-17	0	-1.885082e-17
1.7220009999820993e-08	-5.5744553e-05	0.00017682205	0.00023794496	0.072833255	-7.264081e-17	-8.923822e-17	5.4515345e-17	-1.9067109e-17	0	-1.8850818e-17
1.7230009999820872e-08	-5.6493034e-05	0.0001776491	0.00023789203	0.07283959	-7.2641155e-17	-8.923577e-17	5.4513816e-17	-1.9068389e-17	0	-1.8850816e-17
1.724000999982075e-08	-5.7243535e-05	0.00017847377	0.00023786533	0.07284604	-7.26415e-17	-8.92333e-17	5.4512298e-17	-1.9069673e-17	0	-1.8850818e-17
1.725000999982063e-08	-5.7992977e-05	0.00017926807	0.00023786194	0.0728525	-7.264185e-17	-8.9230825e-17	5.4510766e-17	-1.907096e-17	0	-1.885082e-17
1.726000999982051e-08	-5.8770256e-05	0.00018000879	0.00023788864	0.07285888	-7.26422e-17	-8.922836e-17	5.4509224e-17	-1.9072247e-17	0	-1.8850818e-17
1.7270009999820388e-08	-5.955737e-05	0.00018075727	0.00023789349	0.072865285	-7.2642545e-17	-8.922588e-17	5.4507692e-17	-1.9073538e-17	0	-1.885082e-17
1.7280009999820267e-08	-6.0344813e-05	0.00018151329	0.00023786776	0.072871596	-7.26429e-17	-8.92234e-17	5.4506147e-17	-1.907483e-17	0	-1.885082e-17
1.7290009999820146e-08	-6.1115476e-05	0.00018228265	0.00023786485	0.0728779	-7.264323e-17	-8.92209e-17	5.4504598e-17	-1.9076127e-17	0	-1.885082e-17
1.7300009999820025e-08	-6.19027e-05	0.00018300115	0.00023788548	0.07288425	-7.264359e-17	-8.921839e-17	5.4503046e-17	-1.9077425e-17	0	-1.885082e-17
1.7310009999819904e-08	-6.266402e-05	0.00018370368	0.00023789398	0.07289054	-7.264394e-17	-8.9215896e-17	5.4501495e-17	-1.9078724e-17	0	-1.885082e-17
1.7320009999819783e-08	-6.341188e-05	0.00018441153	0.00023783717	0.07289689	-7.2644285e-17	-8.921338e-17	5.449994e-17	-1.9080024e-17	0	-1.8850818e-17
1.733000999981966e-08	-6.415516e-05	0.00018509132	0.0002377964	0.0729033	-7.264463e-17	-8.9210853e-17	5.4498374e-17	-1.9081328e-17	0	-1.885082e-17
1.734000999981954e-08	-6.490006e-05	0.00018577122	0.00023778717	0.07290973	-7.2644987e-17	-8.920835e-17	5.4496813e-17	-1.9082632e-17	0	-1.8850818e-17
1.735000999981942e-08	-6.5691616e-05	0.00018643113	0.00023776192	0.072916105	-7.2645324e-17	-8.920581e-17	5.4495248e-17	-1.9083935e-17	0	-1.885082e-17
1.73600099998193e-08	-6.6471715e-05	0.00018707571	0.0002377595	0.07292248	-7.264567e-17	-8.9203276e-17	5.4493676e-17	-1.9085244e-17	0	-1.8850822e-17
1.7370009999819178e-08	-6.724416e-05	0.00018770457	0.00023772963	0.07292887	-7.2646006e-17	-8.920075e-17	5.449211e-17	-1.908655e-17	0	-1.885082e-17
1.7380009999819057e-08	-6.799481e-05	0.00018831408	0.00023771045	0.07293516	-7.2646356e-17	-8.91982e-17	5.449053e-17	-1.9087864e-17	0	-1.8850822e-17
1.7390009999818936e-08	-6.873131e-05	0.00018888304	0.00023769929	0.07294143	-7.2646714e-17	-8.9195666e-17	5.4488948e-17	-1.9089175e-17	0	-1.885082e-17
1.7400009999818815e-08	-6.9473936e-05	0.00018944633	0.00023770366	0.0729478	-7.2647045e-17	-8.919311e-17	5.4487373e-17	-1.9090483e-17	0	-1.8850822e-17
1.7410009999818694e-08	-7.025636e-05	0.00019001005	0.00023767259	0.07295429	-7.264739e-17	-8.919056e-17	5.448578e-17	-1.9091797e-17	0	-1.8850822e-17
1.7420009999818573e-08	-7.102272e-05	0.00019056803	0.00023764637	0.07296081	-7.2647726e-17	-8.9188e-17	5.44842e-17	-1.9093109e-17	0	-1.8850822e-17
1.743000999981845e-08	-7.180374e-05	0.00019109731	0.00023762889	0.07296732	-7.2648084e-17	-8.918544e-17	5.4482612e-17	-1.9094426e-17	0	-1.8850824e-17
1.744000999981833e-08	-7.2547555e-05	0.00019162652	0.00023760898	0.0729738	-7.2648414e-17	-8.918288e-17	5.4481027e-17	-1.909574e-17	0	-1.8850824e-17
1.745000999981821e-08	-7.328012e-05	0.00019213892	0.00023756092	0.0729803	-7.264876e-17	-8.9180314e-17	5.447943e-17	-1.9097056e-17	0	-1.8850824e-17
1.746000999981809e-08	-7.402545e-05	0.0001926132	0.0002375296	0.07298678	-7.26491e-17	-8.917775e-17	5.4477837e-17	-1.9098374e-17	0	-1.8850824e-17
1.7470009999817967e-08	-7.4795826e-05	0.0001930543	0.00023750847	0.07299321	-7.264944e-17	-8.9175165e-17	5.4476242e-17	-1.9099686e-17	0	-1.8850824e-17
1.7480009999817846e-08	-7.553581e-05	0.00019352953	0.00023750751	0.07299956	-7.264979e-17	-8.9172605e-17	5.447465e-17	-1.9101007e-17	0	-1.8850826e-17
1.7490009999817725e-08	-7.626045e-05	0.00019401113	0.00023748372	0.07300592	-7.265012e-17	-8.917002e-17	5.447305e-17	-1.910232e-17	0	-1.8850826e-17
1.7500009999817604e-08	-7.698277e-05	0.0001944467	0.00023746915	0.07301231	-7.2650466e-17	-8.916744e-17	5.4471448e-17	-1.9103635e-17	0	-1.8850829e-17
1.7510009999817483e-08	-7.772725e-05	0.000194843	0.00023747061	0.073018804	-7.2650784e-17	-8.9164855e-17	5.4469853e-17	-1.910495e-17	0	-1.8850829e-17
1.7520009999817362e-08	-7.8444595e-05	0.00019524197	0.00023746284	0.073025286	-7.2651134e-17	-8.916229e-17	5.446825e-17	-1.9106267e-17	0	-1.8850829e-17
1.753000999981724e-08	-7.916112e-05	0.00019563426	0.00023746648	0.073031746	-7.2651465e-17	-8.915971e-17	5.446665e-17	-1.9107583e-17	0	-1.885083e-17
1.754000999981712e-08	-7.989051e-05	0.00019600772	0.0002374405	0.07303821	-7.265179e-17	-8.915711e-17	5.446505e-17	-1.91089e-17	0	-1.8850829e-17
1.7550009999817e-08	-8.064684e-05	0.00019634688	0.00023742011	0.073044606	-7.265213e-17	-8.915452e-17	5.4463438e-17	-1.9110211e-17	0	-1.8850832e-17
1.756000999981688e-08	-8.137062e-05	0.00019669186	0.00023735505	0.073050916	-7.265247e-17	-8.9151945e-17	5.4461836e-17	-1.9111528e-17	0	-1.8850832e-17
1.7570009999816757e-08	-8.204591e-05	0.00019702484	0.00023732205	0.07305724	-7.265279e-17	-8.914935e-17	5.446023e-17	-1.9112839e-17	0	-1.8850832e-17
1.7580009999816636e-08	-8.273333e-05	0.00019733056	0.00023731621	0.07306362	-7.265312e-17	-8.914677e-17	5.445863e-17	-1.911415e-17	0	-1.8850832e-17
1.7590009999816515e-08	-8.3400926e-05	0.00019761232	0.00023731719	0.07306999	-7.2653444e-17	-8.914417e-17	5.4457025e-17	-1.9115462e-17	0	-1.8850834e-17
1.7600009999816394e-08	-8.4096915e-05	0.00019788728	0.00023730748	0.0730764	-7.265379e-17	-8.9141595e-17	5.4455424e-17	-1.9116773e-17	0	-1.8850836e-17
1.7610009999816273e-08	-8.4767e-05	0.00019813085	0.0002372832	0.07308284	-7.2654105e-17	-8.9139014e-17	5.4453823e-17	-1.9118076e-17	0	-1.8850834e-17
1.7620009999816152e-08	-8.541671e-05	0.00019835187	0.00023725408	0.073089354	-7.265443e-17	-8.913642e-17	5.4452214e-17	-1.9119385e-17	0	-1.8850836e-17
1.763000999981603e-08	-8.607181e-05	0.0001985354	0.00023722858	0.073095866	-7.265476e-17	-8.913384e-17	5.445061e-17	-1.9120692e-17	0	-1.8850836e-17
1.764000999981591e-08	-8.67515e-05	0.00019871857	0.00023720552	0.07310239	-7.2655065e-17	-8.913125e-17	5.4449018e-17	-1.9121992e-17	0	-1.8850836e-17
1.765000999981579e-08	-8.738048e-05	0.00019894693	0.00023717541	0.07310883	-7.2655396e-17	-8.912867e-17	5.444741e-17	-1.9123294e-17	0	-1.8850839e-17
1.7660009999815668e-08	-8.801181e-05	0.00019915699	0.0002371322	0.073115185	-7.2655714e-17	-8.912609e-17	5.4445815e-17	-1.9124593e-17	0	-1.885084e-17
1.7670009999815547e-08	-8.86536e-05	0.00019929196	0.00023709773	0.073121525	-7.2656025e-17	-8.912352e-17	5.4444217e-17	-1.912589e-17	0	-1.885084e-17
1.7680009999815426e-08	-8.929058e-05	0.00019941079	0.00023709482	0.07312788	-7.2656355e-17	-8.912095e-17	5.444262e-17	-1.9127185e-17	0	-1.885084e-17
1.7690009999815305e-08	-8.990683e-05	0.00019953035	0.00023707782	0.073134266	-7.2656666e-17	-8.9118375e-17	5.444102e-17	-1.9128477e-17	0	-1.8850842e-17
1.7700009999815184e-08	-9.054321e-05	0.00019962454	0.00023705453	0.073140636	-7.265699e-17	-8.91158e-17	5.443943e-17	-1.9129768e-17	0	-1.8850844e-17
1.7710009999815063e-08	-9.1212176e-05	0.0001997237	0.0002370419	0.07314701	-7.26573e-17	-8.911323e-17	5.4437835e-17	-1.9131058e-17	0	-1.8850844e-17
1.7720009999814942e-08	-9.18309e-05	0.00019981837	0.00023704433	0.07315323	-7.265761e-17	-8.9110665e-17	5.443624e-17	-1.9132342e-17	0	-1.8850844e-17
1.773000999981482e-08	-9.242267e-05	0.00019987009	0.00023708316	0.07315943	-7.265792e-17	-8.910811e-17	5.4434662e-17	-1.9133622e-17	0	-1.8850847e-17
1.77400099998147e-08	-9.29993e-05	0.00019988514	0.00023711716	0.07316565	-7.2658235e-17	-8.9105557e-17	5.443307e-17	-1.9134908e-17	0	-1.8850847e-17
1.775000999981458e-08	-9.357782e-05	0.0001999139	0.00023714434	0.07317195	-7.2658546e-17	-8.9103e-17	5.4431482e-17	-1.9136185e-17	0	-1.8850849e-17
1.7760009999814458e-08	-9.4168085e-05	0.0001999335	0.00023713366	0.07317826	-7.2658844e-17	-8.910044e-17	5.4429904e-17	-1.9137455e-17	0	-1.8850849e-17
1.7770009999814337e-08	-9.4752635e-05	0.00019992227	0.00023712323	0.07318448	-7.265915e-17	-8.9097894e-17	5.442833e-17	-1.9138726e-17	0	-1.885085e-17
1.7780009999814216e-08	-9.533314e-05	0.00019989266	0.00023712128	0.07319062	-7.2659446e-17	-8.909536e-17	5.4426754e-17	-1.9139995e-17	0	-1.885085e-17
1.7790009999814095e-08	-9.5891635e-05	0.00019984574	0.00023712686	0.0731969	-7.265976e-17	-8.9092825e-17	5.4425182e-17	-1.9141259e-17	0	-1.8850852e-17
1.7800009999813974e-08	-9.643611e-05	0.00019980509	0.00023707152	0.073203355	-7.266007e-17	-8.9090303e-17	5.4423604e-17	-1.9142516e-17	0	-1.8850852e-17
1.7810009999813853e-08	-9.694226e-05	0.00019973402	0.00023704919	0.073209785	-7.2660366e-17	-8.908778e-17	5.4422046e-17	-1.9143773e-17	0	-1.8850857e-17
1.7820009999813732e-08	-9.748076e-05	0.00019964583	0.00023701471	0.07321609	-7.2660663e-17	-8.908526e-17	5.4420484e-17	-1.9145026e-17	0	-1.8850857e-17
1.783000999981361e-08	-9.802465e-05	0.00019954357	0.00023701617	0.07322231	-7.2660955e-17	-8.9082746e-17	5.441893e-17	-1.9146276e-17	0	-1.8850857e-17
1.784000999981349e-08	-9.853145e-05	0.0001994194	0.00023701762	0.073228456	-7.2661246e-17	-8.9080245e-17	5.4417374e-17	-1.9147517e-17	0	-1.8850859e-17
1.785000999981337e-08	-9.902464e-05	0.0001992709	0.00023705015	0.07323454	-7.266153e-17	-8.907773e-17	5.441582e-17	-1.9148763e-17	0	-1.885086e-17
1.7860009999813248e-08	-9.952653e-05	0.0001991011	0.00023707298	0.07324064	-7.266182e-17	-8.9075235e-17	5.441427e-17	-1.9150002e-17	0	-1.885086e-17
1.7870009999813127e-08	-0.0001000001	0.00019895227	0.0002370822	0.07324671	-7.2662126e-17	-8.907276e-17	5.441273e-17	-1.915123e-17	0	-1.885086e-17
1.7880009999813006e-08	-0.00010049366	0.00019875492	0.00023707346	0.07325274	-7.266242e-17	-8.907028e-17	5.4411193e-17	-1.9152462e-17	0	-1.885086e-17
1.7890009999812885e-08	-0.000100977806	0.00019852484	0.0002370618	0.073258825	-7.2662695e-17	-8.9067804e-17	5.4409658e-17	-1.9153683e-17	0	-1.8850865e-17
1.7900009999812764e-08	-0.0001014467	0.0001982827	0.00023705307	0.073265046	-7.266298e-17	-8.906534e-17	5.4408126e-17	-1.9154902e-17	0	-1.8850865e-17
1.7910009999812643e-08	-0.00010190405	0.0001980542	0.00023703073	0.07327119	-7.266326e-17	-8.906288e-17	5.4406604e-17	-1.9156118e-17	0	-1.8850865e-17
1.7920009999812522e-08	-0.00010232871	0.00019782182	0.0002369914	0.07327731	-7.266354e-17	-8.906043e-17	5.4405082e-17	-1.9157328e-17	0	-1.8850865e-17
1.79300099998124e-08	-0.00010275361	0.00019753791	0.00023695742	0.07328341	-7.266382e-17	-8.9057984e-17	5.4403566e-17	-1.9158537e-17	0	-1.8850867e-17
1.794000999981228e-08	-0.000103189544	0.00019723264	0.00023694456	0.07328954	-7.26641e-17	-8.905554e-17	5.4402058e-17	-1.9159736e-17	0	-1.8850869e-17
1.795000999981216e-08	-0.00010359315	0.00019693265	0.00023693533	0.0732957	-7.2664376e-17	-8.905312e-17	5.4400552e-17	-1.9160934e-17	0	-1.8850869e-17
1.7960009999812038e-08	-0.00010400989	0.00019662562	0.00023695888	0.073301725	-7.2664654e-17	-8.905071e-17	5.439905e-17	-1.9162124e-17	0	-1.8850869e-17
1.7970009999811917e-08	-0.00010441106	0.0001963013	0.0002369817	0.073307656	-7.266492e-17	-8.9048296e-17	5.439755e-17	-1.916331e-17	0	-1.8850872e-17
1.7980009999811796e-08	-0.000104800696	0.00019591459	0.00023702878	0.07331353	-7.2665196e-17	-8.9045894e-17	5.439607e-17	-1.9164496e-17	0	-1.8850874e-17
1.7990009999811675e-08	-0.000105158084	0.00019554778	0.00023705744	0.0733194	-7.266546e-17	-8.904349e-17	5.4394577e-17	-1.9165669e-17	0	-1.8850875e-17
1.8000009999811554e-08	-0.00010551914	0.000195174	0.0002370618	0.07332547	-7.2665726e-17	-8.904112e-17	5.4393107e-17	-1.916684e-17	0	-1.8850875e-17
1.8010009999811433e-08	-0.00010585923	0.00019476932	0.00023705258	0.07333159	-7.266601e-17	-8.903875e-17	5.4391625e-17	-1.9168008e-17	0	-1.8850877e-17
1.8020009999811312e-08	-0.00010616818	0.00019433096	0.00023707055	0.073337644	-7.266626e-17	-8.903637e-17	5.4390163e-17	-1.916917e-17	0	-1.8850877e-17
1.803000999981119e-08	-0.00010649901	0.00019391062	0.00023709968	0.07334366	-7.2666526e-17	-8.9034015e-17	5.4388694e-17	-1.9170324e-17	0	-1.8850882e-17
1.804000999981107e-08	-0.00010684038	0.00019348488	0.000237139	0.073349565	-7.2666784e-17	-8.9031666e-17	5.4387238e-17	-1.9171476e-17	0	-1.8850882e-17
1.805000999981095e-08	-0.00010714969	0.00019303724	0.00023718391	0.073355466	-7.266704e-17	-8.902933e-17	5.4385785e-17	-1.9172622e-17	0	-1.8850884e-17
1.8060009999810828e-08	-0.00010741402	0.00019255925	0.00023721815	0.07336135	-7.2667314e-17	-8.9027e-17	5.4384336e-17	-1.9173764e-17	0	-1.8850884e-17
1.8070009999810707e-08	-0.000107708925	0.00019206008	0.00023720843	0.07336729	-7.266756e-17	-8.9024685e-17	5.4382903e-17	-1.9174895e-17	0	-1.8850884e-17
1.8080009999810586e-08	-0.00010798996	0.0001915285	0.00023718658	0.073373206	-7.266781e-17	-8.9022375e-17	5.438147e-17	-1.9176027e-17	0	-1.8850885e-17
1.8090009999810465e-08	-0.00010825806	0.00019098564	0.00023715793	0.07337902	-7.2668075e-17	-8.902007e-17	5.4380035e-17	-1.917715e-17	0	-1.8850887e-17
1.8100009999810344e-08	-0.000108514454	0.00019042662	0.0002371827	0.07338477	-7.266831e-17	-8.9017776e-17	5.4378615e-17	-1.9178269e-17	0	-1.8850887e-17
1.8110009999810223e-08	-0.00010875701	0.0001898511	0.0002372349	0.07339055	-7.2668565e-17	-8.901549e-17	5.43772e-17	-1.9179384e-17	0	-1.885089e-17
1.8120009999810102e-08	-0.00010902177	0.00018922564	0.00023731233	0.073396385	-7.2668816e-17	-8.9013223e-17	5.437579e-17	-1.918049e-17	0	-1.885089e-17
1.813000999980998e-08	-0.000109257235	0.00018864429	0.00023739875	0.07340217	-7.2669054e-17	-8.901096e-17	5.4374387e-17	-1.918159e-17	0	-1.885089e-17
1.814000999980986e-08	-0.00010948444	0.00018804256	0.00023745895	0.07340789	-7.2669306e-17	-8.900871e-17	5.4372987e-17	-1.9182689e-17	0	-1.8850892e-17
1.815000999980974e-08	-0.00010968552	0.00018742868	0.00023751528	0.073413685	-7.266954e-17	-8.900647e-17	5.4371604e-17	-1.9183783e-17	0	-1.8850894e-17
1.8160009999809618e-08	-0.000109887995	0.00018679794	0.00023754974	0.07341956	-7.266979e-17	-8.900424e-17	5.437021e-17	-1.9184868e-17	0	-1.8850894e-17
1.8170009999809497e-08	-0.000110068395	0.0001861618	0.0002375546	0.0734255	-7.267002e-17	-8.900201e-17	5.4368835e-17	-1.9185948e-17	0	-1.8850895e-17
1.8180009999809376e-08	-0.0001102232	0.00018548947	0.00023751333	0.07343142	-7.2670245e-17	-8.8999797e-17	5.436746e-17	-1.9187022e-17	0	-1.8850895e-17
1.8190009999809255e-08	-0.000110395464	0.00018482262	0.00023747254	0.0734373	-7.2670484e-17	-8.899759e-17	5.4366092e-17	-1.918809e-17	0	-1.8850895e-17
1.8200009999809134e-08	-0.000110587804	0.00018410351	0.00023744877	0.07344313	-7.267073e-17	-8.89954e-17	5.4364732e-17	-1.9189156e-17	0	-1.88509e-17
1.8210009999809013e-08	-0.00011074399	0.00018336972	0.00023747013	0.073448904	-7.2670953e-17	-8.899322e-17	5.436338e-17	-1.9190211e-17	0	-1.88509e-17
1.8220009999808892e-08	-0.00011086133	0.00018263604	0.00023750945	0.07345467	-7.267119e-17	-8.8991055e-17	5.436203e-17	-1.9191265e-17	0	-1.8850902e-17
1.823000999980877e-08	-0.00011096661	0.00018189289	0.00023753592	0.07346045	-7.2671423e-17	-8.898889e-17	5.4360685e-17	-1.9192312e-17	0	-1.8850902e-17
1.824000999980865e-08	-0.00011108663	0.00018112184	0.0002375711	0.073466405	-7.267165e-17	-8.898674e-17	5.435935e-17	-1.9193355e-17	0	-1.8850904e-17
1.825000999980853e-08	-0.000111211026	0.00018033014	0.00023763932	0.07347244	-7.267187e-17	-8.89846e-17	5.4358025e-17	-1.919439e-17	0	-1.8850907e-17
1.8260009999808408e-08	-0.00011131494	0.00017950537	0.00023766991	0.07347842	-7.267209e-17	-8.898247e-17	5.43567e-17	-1.919542e-17	0	-1.8850907e-17
1.8270009999808287e-08	-0.00011140317	0.0001786687	0.00023768618	0.073484376	-7.267231e-17	-8.898035e-17	5.4355388e-17	-1.9196443e-17	0	-1.8850907e-17
1.8280009999808166e-08	-0.00011146249	0.0001778505	0.00023770705	0.07349031	-7.267255e-17	-8.8978244e-17	5.4354084e-17	-1.9197462e-17	0	-1.885091e-17
1.8290009999808045e-08	-0.00011153074	0.00017704393	0.00023772016	0.07349621	-7.2672767e-17	-8.897615e-17	5.4352777e-17	-1.9198477e-17	0	-1.885091e-17
1.8300009999807924e-08	-0.00011158032	0.00017618504	0.00023774152	0.07350208	-7.267298e-17	-8.897407e-17	5.435148e-17	-1.9199484e-17	0	-1.885091e-17
1.8310009999807803e-08	-0.00011162277	0.00017531027	0.00023778425	0.07350793	-7.267319e-17	-8.8971983e-17	5.4350193e-17	-1.9200485e-17	0	-1.885091e-17
1.832000999980768e-08	-0.00011164037	0.00017441693	0.00023783815	0.07351375	-7.267341e-17	-8.896991e-17	5.4348903e-17	-1.9201487e-17	0	-1.8850915e-17
1.833000999980756e-08	-0.00011166729	0.00017347903	0.00023790855	0.07351963	-7.2673614e-17	-8.896785e-17	5.434763e-17	-1.9202477e-17	0	-1.8850912e-17
1.834000999980744e-08	-0.000111683614	0.00017254551	0.00023796243	0.073525615	-7.267383e-17	-8.896581e-17	5.4346355e-17	-1.9203463e-17	0	-1.8850915e-17
1.835000999980732e-08	-0.00011164423	0.00017163929	0.00023803915	0.07353163	-7.267403e-17	-8.896377e-17	5.4345095e-17	-1.9204442e-17	0	-1.8850915e-17
1.8360009999807198e-08	-0.00011163124	0.00017072118	0.00023811052	0.07353764	-7.2674256e-17	-8.8961746e-17	5.434383e-17	-1.9205417e-17	0	-1.8850918e-17
1.8370009999807077e-08	-0.00011163548	0.00016974517	0.0002381416	0.07354366	-7.267445e-17	-8.895973e-17	5.4342583e-17	-1.920639e-17	0	-1.8850918e-17
1.8380009999806956e-08	-0.000111621375	0.00016874561	0.00023811538	0.07354974	-7.267466e-17	-8.8957716e-17	5.4341336e-17	-1.9207357e-17	0	-1.8850918e-17
1.8390009999806835e-08	-0.00011159298	0.00016777312	0.00023808624	0.07355588	-7.2674864e-17	-8.8955724e-17	5.4340092e-17	-1.9208313e-17	0	-1.885092e-17
1.8400009999806714e-08	-0.000111551824	0.00016679178	0.00023812024	0.073562	-7.267506e-17	-8.895373e-17	5.4338854e-17	-1.920927e-17	0	-1.8850922e-17
1.8410009999806593e-08	-0.00011152864	0.00016578421	0.00023821296	0.07356818	-7.267526e-17	-8.8951754e-17	5.433763e-17	-1.9210218e-17	0	-1.8850922e-17
1.842000999980647e-08	-0.00011148728	0.00016475843	0.0002383052	0.073574334	-7.2675453e-17	-8.8949775e-17	5.4336406e-17	-1.9211162e-17	0	-1.8850922e-17
1.843000999980635e-08	-0.00011140007	0.00016373048	0.00023835788	0.07358051	-7.267566e-17	-8.8947817e-17	5.4335185e-17	-1.9212104e-17	0	-1.8850922e-17
1.844000999980623e-08	-0.000111283276	0.00016266841	0.00023838726	0.07358668	-7.267586e-17	-8.894587e-17	5.4333974e-17	-1.9213035e-17	0	-1.8850927e-17
1.845000999980611e-08	-0.00011119652	0.00016157236	0.00023842513	0.07359286	-7.267606e-17	-8.894394e-17	5.433277e-17	-1.9213965e-17	0	-1.8850927e-17
1.8460009999805988e-08	-0.000111116075	0.00016046077	0.00023848534	0.07359906	-7.267625e-17	-8.8942e-17	5.4331572e-17	-1.921489e-17	0	-1.8850927e-17
1.8470009999805866e-08	-0.0001110251	0.00015936229	0.00023855573	0.07360524	-7.267644e-17	-8.8940074e-17	5.4330377e-17	-1.9215811e-17	0	-1.8850928e-17
1.8480009999805745e-08	-0.000110925175	0.00015825228	0.0002385805	0.073611386	-7.2676625e-17	-8.893816e-17	5.432919e-17	-1.9216726e-17	0	-1.885093e-17
1.8490009999805624e-08	-0.000110803645	0.00015711387	0.00023863633	0.073617496	-7.267681e-17	-8.893625e-17	5.4328005e-17	-1.9217636e-17	0	-1.885093e-17
1.8500009999805503e-08	-0.000110713096	0.00015595058	0.00023870358	0.073623575	-7.267701e-17	-8.893437e-17	5.432683e-17	-1.9218539e-17	0	-1.885093e-17
1.8510009999805382e-08	-0.00011057634	0.0001548039	0.00023879462	0.07362958	-7.2677194e-17	-8.8932484e-17	5.432566e-17	-1.9219437e-17	0	-1.885093e-17
1.852000999980526e-08	-0.00011043487	0.00015363126	0.00023883297	0.073635556	-7.267738e-17	-8.893062e-17	5.4324498e-17	-1.922033e-17	0	-1.8850933e-17
1.853000999980514e-08	-0.00011029434	0.00015245656	0.00023886502	0.07364158	-7.267758e-17	-8.8928745e-17	5.4323343e-17	-1.922122e-17	0	-1.8850935e-17
1.854000999980502e-08	-0.00011011227	0.00015127177	0.00023892036	0.073647626	-7.267774e-17	-8.8926905e-17	5.432219e-17	-1.9222102e-17	0	-1.8850935e-17
1.85500099998049e-08	-0.00010993557	0.00015008797	0.00023900533	0.07365371	-7.267792e-17	-8.892505e-17	5.4321047e-17	-1.922298e-17	0	-1.8850937e-17
1.8560009999804777e-08	-0.000109744404	0.00014889154	0.0002390903	0.07365976	-7.2678114e-17	-8.8923226e-17	5.4319905e-17	-1.9223854e-17	0	-1.8850937e-17
1.8570009999804656e-08	-0.00010957705	0.0001476763	0.00023912307	0.07366576	-7.267829e-17	-8.89214e-17	5.4318767e-17	-1.9224723e-17	0	-1.8850937e-17
1.8580009999804535e-08	-0.00010939768	0.00014644199	0.00023913787	0.07367169	-7.267848e-17	-8.8919587e-17	5.4317642e-17	-1.922559e-17	0	-1.8850938e-17
1.8590009999804414e-08	-0.000109191154	0.00014518766	0.00023916895	0.07367754	-7.267864e-17	-8.8917773e-17	5.431652e-17	-1.9226448e-17	0	-1.8850942e-17
1.8600009999804293e-08	-0.0001089934	0.00014392217	0.00023923304	0.07368334	-7.2678815e-17	-8.891597e-17	5.4315402e-17	-1.9227305e-17	0	-1.8850943e-17
1.8610009999804172e-08	-0.00010879122	0.00014265958	0.0002393379	0.07368911	-7.267901e-17	-8.89142e-17	5.431429e-17	-1.9228154e-17	0	-1.8850943e-17
1.862000999980405e-08	-0.000108578526	0.00014141398	0.00023942943	0.0736949	-7.267917e-17	-8.8912393e-17	5.4313185e-17	-1.9229e-17	0	-1.8850943e-17
1.863000999980393e-08	-0.00010836545	0.00014014594	0.00023950735	0.07370068	-7.267934e-17	-8.8910646e-17	5.4312083e-17	-1.9229842e-17	0	-1.8850943e-17
1.864000999980381e-08	-0.00010816545	0.00013884123	0.00023956901	0.07370641	-7.2679516e-17	-8.890889e-17	5.4310995e-17	-1.9230677e-17	0	-1.8850947e-17
1.8650009999803688e-08	-0.00010795425	0.00013751881	0.00023963868	0.07371211	-7.267967e-17	-8.890712e-17	5.4309903e-17	-1.9231506e-17	0	-1.8850947e-17
1.8660009999803567e-08	-0.0001077019	0.00013623985	0.00023969282	0.07371775	-7.267984e-17	-8.890538e-17	5.4308814e-17	-1.9232333e-17	0	-1.8850947e-17
1.8670009999803446e-08	-0.000107430984	0.00013493418	0.00023975156	0.07372335	-7.268002e-17	-8.890366e-17	5.4307742e-17	-1.9233155e-17	0	-1.885095e-17
1.8680009999803325e-08	-0.00010715752	0.00013360131	0.00023978313	0.07372891	-7.268018e-17	-8.8901925e-17	5.4306667e-17	-1.9233973e-17	0	-1.885095e-17
1.8690009999803204e-08	-0.00010688535	0.00013225777	0.00023981468	0.0737345	-7.2680344e-17	-8.8900204e-17	5.4305605e-17	-1.9234788e-17	0	-1.8850952e-17
1.8700009999803083e-08	-0.000106629755	0.0001309039	0.00023985424	0.07374018	-7.2680516e-17	-8.8898503e-17	5.430454e-17	-1.9235599e-17	0	-1.8850952e-17
1.8710009999802962e-08	-0.000106374864	0.00012954434	0.00023991762	0.0737459	-7.2680675e-17	-8.889681e-17	5.430348e-17	-1.9236398e-17	0	-1.8850952e-17
1.872000999980284e-08	-0.000106094056	0.0001281894	0.00023997053	0.07375157	-7.2680833e-17	-8.889511e-17	5.430243e-17	-1.9237199e-17	0	-1.8850952e-17
1.873000999980272e-08	-0.000105789935	0.00012682096	0.00024000791	0.073757246	-7.2680986e-17	-8.889342e-17	5.4301386e-17	-1.9237996e-17	0	-1.8850953e-17
1.87400099998026e-08	-0.00010548819	0.00012545618	0.0002400924	0.073762864	-7.268116e-17	-8.889176e-17	5.430034e-17	-1.9238785e-17	0	-1.8850953e-17
1.8750009999802478e-08	-0.00010518881	0.00012407902	0.00024018392	0.07376849	-7.268131e-17	-8.889009e-17	5.429931e-17	-1.9239574e-17	0	-1.8850955e-17
1.8760009999802357e-08	-0.000104851315	0.00012270633	0.00024023805	0.073774055	-7.268146e-17	-8.8888425e-17	5.429828e-17	-1.9240358e-17	0	-1.8850955e-17
1.8770009999802236e-08	-0.00010452271	0.00012130757	0.00024029729	0.07377956	-7.268162e-17	-8.888678e-17	5.429725e-17	-1.9241136e-17	0	-1.8850955e-17
1.8780009999802115e-08	-0.000104199025	0.00011990637	0.00024039026	0.07378503	-7.268178e-17	-8.888514e-17	5.429623e-17	-1.9241912e-17	0	-1.8850958e-17
1.8790009999801994e-08	-0.00010388323	0.00011850565	0.00024047984	0.07379048	-7.2681925e-17	-8.888351e-17	5.4295226e-17	-1.9242681e-17	0	-1.8850958e-17
1.8800009999801873e-08	-0.00010356354	0.00011713359	0.00024054416	0.07379592	-7.268208e-17	-8.888189e-17	5.4294216e-17	-1.9243444e-17	0	-1.885096e-17
1.8810009999801752e-08	-0.000103231636	0.00011574259	0.00024058227	0.07380132	-7.2682236e-17	-8.888027e-17	5.4293204e-17	-1.9244206e-17	0	-1.885096e-17
1.882000999980163e-08	-0.000102904945	0.00011431092	0.00024062404	0.07380664	-7.2682375e-17	-8.8878664e-17	5.429221e-17	-1.9244966e-17	0	-1.885096e-17
1.883000999980151e-08	-0.00010255234	0.00011287477	0.00024065706	0.073811896	-7.268254e-17	-8.887707e-17	5.429121e-17	-1.9245715e-17	0	-1.8850961e-17
1.884000999980139e-08	-0.000102199	0.00011143169	0.00024068763	0.07381712	-7.268267e-17	-8.8875475e-17	5.4290233e-17	-1.9246465e-17	0	-1.8850961e-17
1.8850009999801268e-08	-0.00010185562	0.00011000343	0.00024075853	0.0738223	-7.2682825e-17	-8.887389e-17	5.4289243e-17	-1.924721e-17	0	-1.8850963e-17
1.8860009999801147e-08	-0.000101523256	0.000108586566	0.00024082698	0.07382742	-7.268298e-17	-8.887233e-17	5.428827e-17	-1.9247952e-17	0	-1.8850963e-17
1.8870009999801026e-08	-0.000101175385	0.000107145075	0.00024088475	0.073832534	-7.268312e-17	-8.887075e-17	5.4287295e-17	-1.9248686e-17	0	-1.8850965e-17
1.8880009999800905e-08	-0.00010081464	0.000105687795	0.00024093234	0.07383765	-7.268326e-17	-8.88692e-17	5.4286325e-17	-1.9249421e-17	0	-1.8850965e-17
1.8890009999800784e-08	-0.000100469806	0.0001042128	0.00024097215	0.073842786	-7.268341e-17	-8.886765e-17	5.4285362e-17	-1.9250152e-17	0	-1.8850965e-17
1.8900009999800663e-08	-0.000100124	0.00010274278	0.00024101585	0.07384792	-7.268356e-17	-8.886611e-17	5.42844e-17	-1.9250877e-17	0	-1.8850965e-17
1.8910009999800542e-08	-9.978763e-05	0.00010127604	0.00024105735	0.07385301	-7.26837e-17	-8.886459e-17	5.428345e-17	-1.9251595e-17	0	-1.8850968e-17
1.892000999980042e-08	-9.9389625e-05	9.980844e-05	0.00024113989	0.073858105	-7.2683824e-17	-8.886305e-17	5.4282503e-17	-1.925231e-17	0	-1.8850968e-17
1.89300099998003e-08	-9.9012956e-05	9.833199e-05	0.00024123676	0.07386318	-7.268399e-17	-8.886155e-17	5.4281557e-17	-1.9253024e-17	0	-1.885097e-17
1.894000999980018e-08	-9.862154e-05	9.6843156e-05	0.00024131274	0.0738682	-7.26841e-17	-8.886002e-17	5.4280627e-17	-1.925373e-17	0	-1.885097e-17
1.8950009999800058e-08	-9.822563e-05	9.536039e-05	0.0002413795	0.07387318	-7.2684255e-17	-8.885854e-17	5.427969e-17	-1.9254434e-17	0	-1.8850971e-17
1.8960009999799937e-08	-9.784575e-05	9.38491e-05	0.00024142877	0.073878124	-7.268439e-17	-8.885703e-17	5.4278758e-17	-1.9255138e-17	0	-1.8850971e-17
1.8970009999799816e-08	-9.7468226e-05	9.233308e-05	0.00024143727	0.073883064	-7.268453e-17	-8.885556e-17	5.427783e-17	-1.9255835e-17	0	-1.8850971e-17
1.8980009999799695e-08	-9.7083095e-05	9.0834415e-05	0.00024149263	0.07388799	-7.2684665e-17	-8.885409e-17	5.4276925e-17	-1.9256528e-17	0	-1.8850971e-17
1.8990009999799574e-08	-9.668779e-05	8.9346184e-05	0.00024156156	0.07389292	-7.268479e-17	-8.885261e-17	5.4276005e-17	-1.9257216e-17	0	-1.8850973e-17
1.9000009999799453e-08	-9.62856e-05	8.787107e-05	0.00024162857	0.07389785	-7.2684936e-17	-8.8851156e-17	5.4275095e-17	-1.9257905e-17	0	-1.8850973e-17
1.9010009999799332e-08	-9.589352e-05	8.638211e-05	0.00024166255	0.073902756	-7.268507e-17	-8.88497e-17	5.4274192e-17	-1.9258584e-17	0	-1.8850973e-17
1.902000999979921e-08	-9.551078e-05	8.4884174e-05	0.00024172348	0.07390765	-7.268521e-17	-8.884825e-17	5.427329e-17	-1.9259261e-17	0	-1.8850978e-17
1.903000999979909e-08	-9.510234e-05	8.336463e-05	0.00024182472	0.073912494	-7.268533e-17	-8.884682e-17	5.4272402e-17	-1.9259936e-17	0	-1.8850976e-17
1.904000999979897e-08	-9.4697025e-05	8.183878e-05	0.00024189366	0.07391731	-7.2685466e-17	-8.884539e-17	5.4271512e-17	-1.9260606e-17	0	-1.8850976e-17
1.9050009999798848e-08	-9.429632e-05	8.031123e-05	0.00024193346	0.073922075	-7.26856e-17	-8.8843976e-17	5.4270632e-17	-1.9261274e-17	0	-1.8850976e-17
1.9060009999798727e-08	-9.389699e-05	7.880394e-05	0.00024196114	0.07392681	-7.268571e-17	-8.8842546e-17	5.426975e-17	-1.926194e-17	0	-1.8850978e-17
1.9070009999798606e-08	-9.346825e-05	7.729593e-05	0.00024199537	0.073931515	-7.2685856e-17	-8.884115e-17	5.4268865e-17	-1.9262598e-17	0	-1.8850978e-17
1.9080009999798485e-08	-9.303007e-05	7.577869e-05	0.00024207281	0.07393619	-7.268599e-17	-8.883975e-17	5.4267995e-17	-1.9263255e-17	0	-1.8850978e-17
1.9090009999798364e-08	-9.2611794e-05	7.4265336e-05	0.0002421636	0.07394084	-7.268611e-17	-8.883835e-17	5.426713e-17	-1.9263907e-17	0	-1.885098e-17
1.9100009999798243e-08	-9.21938e-05	7.275842e-05	0.00024225489	0.07394548	-7.2686227e-17	-8.883696e-17	5.426627e-17	-1.9264555e-17	0	-1.885098e-17
1.9110009999798122e-08	-9.177692e-05	7.1250164e-05	0.00024236024	0.0739501	-7.268635e-17	-8.88356e-17	5.4265414e-17	-1.92652e-17	0	-1.885098e-17
1.9120009999798e-08	-9.137816e-05	6.975393e-05	0.0002424418	0.07395475	-7.2686485e-17	-8.883423e-17	5.4264567e-17	-1.9265839e-17	0	-1.8850985e-17
1.913000999979788e-08	-9.0976064e-05	6.825016e-05	0.00024248939	0.07395943	-7.268662e-17	-8.883287e-17	5.4263713e-17	-1.926648e-17	0	-1.885098e-17
1.914000999979776e-08	-9.055709e-05	6.673633e-05	0.00024252628	0.073964074	-7.268674e-17	-8.8831515e-17	5.4262873e-17	-1.9267114e-17	0	-1.8850985e-17
1.9150009999797638e-08	-9.0124224e-05	6.522953e-05	0.0002425355	0.07396867	-7.2686855e-17	-8.883016e-17	5.4262036e-17	-1.9267748e-17	0	-1.8850985e-17
1.9160009999797517e-08	-8.968748e-05	6.369639e-05	0.0002425542	0.07397322	-7.268699e-17	-8.882883e-17	5.4261202e-17	-1.9268375e-17	0	-1.8850985e-17
1.9170009999797396e-08	-8.926465e-05	6.216434e-05	0.0002425792	0.07397771	-7.26871e-17	-8.882749e-17	5.4260375e-17	-1.9268997e-17	0	-1.8850985e-17
1.9180009999797275e-08	-8.8829474e-05	6.066483e-05	0.00024261586	0.07398214	-7.268722e-17	-8.8826175e-17	5.4259548e-17	-1.9269617e-17	0	-1.8850985e-17
1.9190009999797154e-08	-8.8367175e-05	5.9180973e-05	0.00024269185	0.07398658	-7.268734e-17	-8.882486e-17	5.425873e-17	-1.9270236e-17	0	-1.8850985e-17
1.9200009999797033e-08	-8.789899e-05	5.7678666e-05	0.00024276371	0.07399096	-7.2687464e-17	-8.882355e-17	5.4257903e-17	-1.9270848e-17	0	-1.8850988e-17
1.9210009999796912e-08	-8.748305e-05	5.6155117e-05	0.00024285109	0.07399531	-7.268759e-17	-8.8822244e-17	5.42571e-17	-1.9271459e-17	0	-1.8850988e-17
1.922000999979679e-08	-8.703422e-05	5.463242e-05	0.00024296276	0.0739996	-7.268771e-17	-8.882094e-17	5.4256292e-17	-1.927207e-17	0	-1.8850988e-17
1.923000999979667e-08	-8.660069e-05	5.3115302e-05	0.00024304676	0.07400384	-7.2687835e-17	-8.8819656e-17	5.4255484e-17	-1.9272675e-17	0	-1.8850988e-17
1.924000999979655e-08	-8.6163695e-05	5.157998e-05	0.00024311716	0.07400809	-7.2687934e-17	-8.8818366e-17	5.425469e-17	-1.9273275e-17	0	-1.8850988e-17
1.9250009999796428e-08	-8.572002e-05	5.0097213e-05	0.00024316086	0.07401231	-7.2688066e-17	-8.8817096e-17	5.4253896e-17	-1.9273874e-17	0	-1.885099e-17
1.9260009999796307e-08	-8.5279535e-05	4.8639697e-05	0.00024319679	0.07401652	-7.268817e-17	-8.881582e-17	5.425311e-17	-1.927447e-17	0	-1.885099e-17
1.9270009999796186e-08	-8.484582e-05	4.7139452e-05	0.00024324922	0.0740207	-7.26883e-17	-8.881457e-17	5.4252318e-17	-1.9275062e-17	0	-1.885099e-17
1.9280009999796065e-08	-8.441544e-05	4.5613357e-05	0.00024330796	0.074024834	-7.268842e-17	-8.881332e-17	5.425154e-17	-1.9275651e-17	0	-1.8850988e-17
1.9290009999795944e-08	-8.3966974e-05	4.409782e-05	0.00024339875	0.07402897	-7.268852e-17	-8.881206e-17	5.4250763e-17	-1.9276235e-17	0	-1.8850993e-17
1.9300009999795823e-08	-8.350865e-05	4.2596603e-05	0.00024351431	0.07403307	-7.268863e-17	-8.8810816e-17	5.424999e-17	-1.9276817e-17	0	-1.8850993e-17
1.9310009999795702e-08	-8.305057e-05	4.113144e-05	0.00024362476	0.07403711	-7.2688754e-17	-8.8809585e-17	5.4249218e-17	-1.9277396e-17	0	-1.8850993e-17
1.932000999979558e-08	-8.2631384e-05	3.965462e-05	0.00024370293	0.07404114	-7.268887e-17	-8.880836e-17	5.424846e-17	-1.9277972e-17	0	-1.8850993e-17
1.933000999979546e-08	-8.221609e-05	3.813447e-05	0.00024377454	0.07404515	-7.268898e-17	-8.8807136e-17	5.42477e-17	-1.9278544e-17	0	-1.8850995e-17
1.934000999979534e-08	-8.177247e-05	3.662743e-05	0.00024380659	0.07404911	-7.268909e-17	-8.8805925e-17	5.424694e-17	-1.9279113e-17	0	-1.8850993e-17
1.9350009999795218e-08	-8.13122e-05	3.5158988e-05	0.0002438367	0.07405301	-7.26892e-17	-8.8804714e-17	5.4246187e-17	-1.927968e-17	0	-1.8850995e-17
1.9360009999795097e-08	-8.0870086e-05	3.3703654e-05	0.00024390612	0.07405688	-7.268931e-17	-8.8803517e-17	5.4245446e-17	-1.9280245e-17	0	-1.8850993e-17
1.9370009999794976e-08	-8.0409605e-05	3.2221375e-05	0.0002439775	0.074060746	-7.2689436e-17	-8.8802325e-17	5.42447e-17	-1.928081e-17	0	-1.8850996e-17
1.9380009999794855e-08	-7.99433e-05	3.072987e-05	0.00024402702	0.074064575	-7.2689535e-17	-8.880114e-17	5.4243963e-17	-1.9281365e-17	0	-1.8850996e-17
1.9390009999794734e-08	-7.949944e-05	2.9278057e-05	0.0002441076	0.074068405	-7.2689654e-17	-8.879996e-17	5.4243226e-17	-1.928192e-17	0	-1.8850996e-17
1.9400009999794613e-08	-7.9084086e-05	2.7814347e-05	0.00024417948	0.07407227	-7.2689754e-17	-8.879878e-17	5.4242498e-17	-1.9282473e-17	0	-1.8850996e-17
1.941000999979449e-08	-7.8660894e-05	2.6338015e-05	0.0002442494	0.07407615	-7.268988e-17	-8.879763e-17	5.4241766e-17	-1.9283021e-17	0	-1.8850996e-17
1.942000999979437e-08	-7.821483e-05	2.487977e-05	0.00024430716	0.07408	-7.268997e-17	-8.879645e-17	5.4241042e-17	-1.9283569e-17	0	-1.8850996e-17
1.943000999979425e-08	-7.77701e-05	2.3418124e-05	0.0002443494	0.074083805	-7.26901e-17	-8.87953e-17	5.424032e-17	-1.9284111e-17	0	-1.8850996e-17
1.944000999979413e-08	-7.731374e-05	2.1962305e-05	0.00024439942	0.07408761	-7.2690184e-17	-8.879415e-17	5.4239613e-17	-1.928465e-17	0	-1.8850996e-17
1.9450009999794008e-08	-7.683114e-05	2.0524572e-05	0.0002444834	0.07409141	-7.26903e-17	-8.879301e-17	5.4238895e-17	-1.9285188e-17	0	-1.8850998e-17
1.9460009999793887e-08	-7.640258e-05	1.908174e-05	0.000244597	0.07409522	-7.269041e-17	-8.8791876e-17	5.4238193e-17	-1.9285728e-17	0	-1.8850996e-17
1.9470009999793766e-08	-7.596194e-05	1.7650076e-05	0.0002446934	0.074099004	-7.2690515e-17	-8.8790745e-17	5.4237488e-17	-1.9286255e-17	0	-1.8850996e-17
1.9480009999793645e-08	-7.552155e-05	1.6216469e-05	0.00024478952	0.07410278	-7.2690614e-17	-8.878961e-17	5.4236784e-17	-1.9286788e-17	0	-1.8851001e-17
1.9490009999793524e-08	-7.5105374e-05	1.4786382e-05	0.00024486502	0.07410654	-7.269073e-17	-8.878851e-17	5.4236092e-17	-1.9287316e-17	0	-1.8851001e-17
1.9500009999793402e-08	-7.4683856e-05	1.336285e-05	0.00024495897	0.074110284	-7.2690826e-17	-8.878738e-17	5.4235397e-17	-1.9287839e-17	0	-1.8851001e-17
1.951000999979328e-08	-7.4241245e-05	1.1926694e-05	0.00024504273	0.07411402	-7.2690945e-17	-8.878629e-17	5.423471e-17	-1.9288363e-17	0	-1.8851001e-17
1.952000999979316e-08	-7.3765776e-05	1.0487383e-05	0.00024511068	0.07411766	-7.2691044e-17	-8.878519e-17	5.4234027e-17	-1.9288879e-17	0	-1.8851001e-17
1.953000999979304e-08	-7.3313604e-05	9.070405e-06	0.0002451561	0.074121304	-7.269114e-17	-8.878409e-17	5.4233342e-17	-1.9289399e-17	0	-1.8851001e-17
1.954000999979292e-08	-7.285619e-05	7.668964e-06	0.00024522113	0.07412491	-7.269126e-17	-8.8783e-17	5.4232658e-17	-1.9289915e-17	0	-1.8851003e-17
1.9550009999792797e-08	-7.239959e-05	6.265581e-06	0.00024527236	0.074128516	-7.269136e-17	-8.8781924e-17	5.4231986e-17	-1.9290426e-17	0	-1.8851003e-17
1.9560009999792676e-08	-7.193535e-05	4.8845313e-06	0.0002453469	0.07413208	-7.269147e-17	-8.878085e-17	5.4231318e-17	-1.9290935e-17	0	-1.8851003e-17
1.9570009999792555e-08	-7.149195e-05	3.515134e-06	0.0002454277	0.074135646	-7.2691573e-17	-8.877977e-17	5.4230646e-17	-1.9291438e-17	0	-1.8851001e-17
1.9580009999792434e-08	-7.1029135e-05	2.1068956e-06	0.0002454928	0.07413918	-7.2691666e-17	-8.87787e-17	5.4229987e-17	-1.929195e-17	0	-1.8851003e-17
1.9590009999792313e-08	-7.0583e-05	7.0375506e-07	0.00024555446	0.074142694	-7.2691765e-17	-8.877765e-17	5.4229322e-17	-1.9292446e-17	0	-1.8851003e-17
1.9600009999792192e-08	-7.0143855e-05	-6.7802273e-07	0.00024560033	0.07414618	-7.269188e-17	-8.877659e-17	5.4228664e-17	-1.9292949e-17	0	-1.8851003e-17
1.961000999979207e-08	-6.9680646e-05	-2.0867467e-06	0.0002456751	0.07414965	-7.2691984e-17	-8.877554e-17	5.422801e-17	-1.9293448e-17	0	-1.8851004e-17
1.962000999979195e-08	-6.921731e-05	-3.4908583e-06	0.00024576372	0.074153125	-7.269209e-17	-8.87745e-17	5.4227357e-17	-1.9293941e-17	0	-1.8851003e-17
1.963000999979183e-08	-6.876957e-05	-4.8340376e-06	0.00024584963	0.07415656	-7.269218e-17	-8.877346e-17	5.4226715e-17	-1.9294436e-17	0	-1.8851004e-17
1.964000999979171e-08	-6.8323476e-05	-6.1706623e-06	0.00024593898	0.07415996	-7.2692295e-17	-8.877243e-17	5.4226067e-17	-1.9294929e-17	0	-1.8851004e-17
1.9650009999791587e-08	-6.7891546e-05	-7.5191824e-06	0.00024601835	0.07416333	-7.269239e-17	-8.877139e-17	5.4225425e-17	-1.929542e-17	0	-1.8851004e-17
1.9660009999791466e-08	-6.7461806e-05	-8.873772e-06	0.00024608852	0.07416665	-7.2692487e-17	-8.877036e-17	5.422479e-17	-1.9295905e-17	0	-1.8851006e-17
1.9670009999791345e-08	-6.7022294e-05	-1.0220835e-05	0.00024614096	0.07416992	-7.2692586e-17	-8.876935e-17	5.4224154e-17	-1.9296387e-17	0	-1.8851004e-17
1.9680009999791224e-08	-6.654764e-05	-1.1567899e-05	0.00024619678	0.07417316	-7.269269e-17	-8.876834e-17	5.4223525e-17	-1.9296873e-17	0	-1.8851004e-17
1.9690009999791103e-08	-6.610558e-05	-1.2908893e-05	0.00024626768	0.07417635	-7.26928e-17	-8.876733e-17	5.4222894e-17	-1.9297354e-17	0	-1.8851006e-17
1.9700009999790982e-08	-6.568646e-05	-1.4250858e-05	0.00024635458	0.07417952	-7.26929e-17	-8.876631e-17	5.422226e-17	-1.9297833e-17	0	-1.8851006e-17
1.971000999979086e-08	-6.524531e-05	-1.5564665e-05	0.00024645508	0.07418264	-7.269299e-17	-8.8765314e-17	5.4221643e-17	-1.929831e-17	0	-1.8851006e-17
1.972000999979074e-08	-6.477302e-05	-1.6845697e-05	0.0002465318	0.07418573	-7.2693095e-17	-8.876433e-17	5.422102e-17	-1.9298785e-17	0	-1.8851006e-17
1.973000999979062e-08	-6.432938e-05	-1.8135956e-05	0.00024659053	0.074188784	-7.26932e-17	-8.876334e-17	5.4220405e-17	-1.9299259e-17	0	-1.8851006e-17
1.9740009999790498e-08	-6.38946e-05	-1.942063e-05	0.00024668933	0.074191846	-7.26933e-17	-8.876235e-17	5.4219783e-17	-1.9299725e-17	0	-1.8851006e-17
1.9750009999790377e-08	-6.3471714e-05	-2.0716472e-05	0.0002468061	0.07419488	-7.269339e-17	-8.876137e-17	5.4219178e-17	-1.9300195e-17	0	-1.8851006e-17
1.9760009999790256e-08	-6.303102e-05	-2.20077e-05	0.00024692385	0.074197896	-7.2693506e-17	-8.876041e-17	5.4218572e-17	-1.9300663e-17	0	-1.8851006e-17
1.9770009999790135e-08	-6.258814e-05	-2.328048e-05	0.00024701562	0.07420093	-7.26936e-17	-8.875944e-17	5.421797e-17	-1.9301126e-17	0	-1.8851006e-17
1.9780009999790014e-08	-6.215573e-05	-2.4547433e-05	0.00024708675	0.074203946	-7.26937e-17	-8.875847e-17	5.4217368e-17	-1.9301585e-17	0	-1.8851006e-17
1.9790009999789893e-08	-6.1719e-05	-2.5818028e-05	0.0002471348	0.074206986	-7.2693804e-17	-8.87575e-17	5.4216762e-17	-1.9302051e-17	0	-1.8851008e-17
1.9800009999789772e-08	-6.127166e-05	-2.7078913e-05	0.0002471858	0.07420999	-7.269389e-17	-8.8756546e-17	5.421617e-17	-1.9302511e-17	0	-1.8851008e-17
1.981000999978965e-08	-6.0859278e-05	-2.8351207e-05	0.00024725182	0.07421297	-7.269399e-17	-8.875559e-17	5.4215578e-17	-1.9302968e-17	0	-1.8851008e-17
1.982000999978953e-08	-6.0435697e-05	-2.9595098e-05	0.00024732074	0.07421594	-7.26941e-17	-8.8754653e-17	5.4214982e-17	-1.9303424e-17	0	-1.8851008e-17
1.983000999978941e-08	-6.003903e-05	-3.082248e-05	0.00024740136	0.07421888	-7.2694194e-17	-8.87537e-17	5.4214393e-17	-1.930388e-17	0	-1.8851011e-17
1.9840009999789288e-08	-5.9614355e-05	-3.2055694e-05	0.00024748826	0.07422177	-7.2694287e-17	-8.875276e-17	5.421381e-17	-1.9304333e-17	0	-1.8851008e-17
1.9850009999789167e-08	-5.9157304e-05	-3.3287204e-05	0.00024756836	0.0742246	-7.26944e-17	-8.8751834e-17	5.4213222e-17	-1.930478e-17	0	-1.8851008e-17
1.9860009999789046e-08	-5.871093e-05	-3.4516284e-05	0.0002476383	0.074227415	-7.26945e-17	-8.875089e-17	5.4212646e-17	-1.9305232e-17	0	-1.8851008e-17
1.9870009999788925e-08	-5.826729e-05	-3.574294e-05	0.00024772857	0.07423016	-7.2694584e-17	-8.874997e-17	5.4212067e-17	-1.9305679e-17	0	-1.8851011e-17
1.9880009999788804e-08	-5.7813395e-05	-3.6958187e-05	0.0002478422	0.07423287	-7.269469e-17	-8.874904e-17	5.4211485e-17	-1.9306127e-17	0	-1.8851008e-17
1.9890009999788683e-08	-5.7353733e-05	-3.8150614e-05	0.0002479529	0.07423553	-7.269478e-17	-8.8748115e-17	5.4210913e-17	-1.9306573e-17	0	-1.8851008e-17
1.9900009999788562e-08	-5.691346e-05	-3.9333572e-05	0.0002480131	0.07423816	-7.269489e-17	-8.87472e-17	5.421034e-17	-1.9307016e-17	0	-1.8851008e-17
1.991000999978844e-08	-5.6485904e-05	-4.0509978e-05	0.0002480704	0.074240744	-7.2694975e-17	-8.8746295e-17	5.4209774e-17	-1.930746e-17	0	-1.8851008e-17
1.992000999978832e-08	-5.606038e-05	-4.1714542e-05	0.00024815512	0.07424331	-7.269508e-17	-8.874537e-17	5.42092e-17	-1.9307901e-17	0	-1.8851008e-17
1.99300099997882e-08	-5.565185e-05	-4.2888518e-05	0.00024826362	0.07424584	-7.2695173e-17	-8.874446e-17	5.4208636e-17	-1.930834e-17	0	-1.8851008e-17
1.9940009999788078e-08	-5.5241617e-05	-4.4046476e-05	0.0002483481	0.07424838	-7.269528e-17	-8.874357e-17	5.4208074e-17	-1.9308781e-17	0	-1.8851011e-17
1.9950009999787957e-08	-5.4823893e-05	-4.522652e-05	0.0002483986	0.07425089	-7.269537e-17	-8.8742656e-17	5.4207508e-17	-1.9309213e-17	0	-1.8851011e-17
1.9960009999787836e-08	-5.441242e-05	-4.639516e-05	0.00024844665	0.0742534	-7.269547e-17	-8.8741756e-17	5.420695e-17	-1.9309651e-17	0	-1.8851008e-17
1.9970009999787715e-08	-5.400167e-05	-4.7558453e-05	0.00024848405	0.074255906	-7.269558e-17	-8.874087e-17	5.4206393e-17	-1.9310086e-17	0	-1.8851008e-17
1.9980009999787594e-08	-5.357621e-05	-4.870184e-05	0.0002485593	0.0742584	-7.269567e-17	-8.873998e-17	5.4205834e-17	-1.9310518e-17	0	-1.8851008e-17
1.9990009999787473e-08	-5.314947e-05	-4.9836006e-05	0.000248653	0.07426085	-7.2695776e-17	-8.87391e-17	5.420528e-17	-1.9310947e-17	0	-1.8851008e-17
2.0000009999787352e-08	-5.2741e-05	-5.0964347e-05	0.0002487807	0.07426331	-7.269586e-17	-8.873821e-17	5.4204735e-17	-1.9311378e-17	0	-1.8851008e-17
