# t (s)	mx ()	my ()	mz ()	spinAngle (rad)	E_total (J)	E_anis (J)	E_demag (J)	E_exch (J)	E_therm (J)	E_custom (J)
0	0	0	0	0.0060737464	-6.191541e-17	-1.2571201e-16	7.68934e-17	5.760001e-18	0	-1.88568e-17
1.0000000000000124e-11	4.8551574e-10	-6.6758415e-10	0.0008560441	0.011864046	-6.8970644e-17	-1.2165443e-16	7.466966e-17	-3.2173901e-18	0	-1.8768487e-17
2.0009999999999403e-11	1.1531e-09	-7.889631e-10	0.0013968798	0.012080968	-6.947784e-17	-1.2067304e-16	7.411944e-17	-4.0912217e-18	0	-1.8833015e-17
3.000999999999824e-11	1.1834447e-09	-7.282736e-10	0.0012663907	0.011454936	-6.962021e-17	-1.21164e-16	7.440466e-17	-4.0136065e-18	0	-1.8847266e-17
4.000000000000001e-11	-6.3723943e-10	2.7310262e-10	0.00083599635	0.01067444	-6.969089e-17	-1.2191872e-16	7.482949e-17	-3.7569886e-18	0	-1.8844667e-17
5.0000000000001785e-11	-1.5930985e-09	1.2289617e-09	0.00059221743	0.010390938	-6.9730426e-17	-1.2222811e-16	7.500125e-17	-3.6539843e-18	0	-1.8849575e-17
6.00000000000024e-11	-1.0772381e-09	8.1930784e-10	0.0006559366	0.010578875	-6.975523e-17	-1.2203168e-16	7.488456e-17	-3.757481e-18	0	-1.8850624e-17
7.000999999999771e-11	-1.5172367e-11	3.6603337e-10	0.0008248481	0.010790794	-6.9776635e-17	-1.2169557e-16	7.46872e-17	-3.918199e-18	0	-1.8850083e-17
8.000999999999302e-11	7.4344597e-10	-9.10342e-11	0.00091671833	0.010916996	-6.979522e-17	-1.2147585e-16	7.4555886e-17	-4.0245335e-18	0	-1.8850692e-17
9.000999999998834e-11	7.7379075e-10	2.275855e-10	0.0008944363	0.010986043	-6.9811655e-17	-1.2140045e-16	7.450723e-17	-4.0674162e-18	0	-1.8851001e-17
1.0000999999998365e-10	3.9448156e-10	3.3379208e-10	0.0008203042	0.0110802185	-6.982683e-17	-1.2137062e-16	7.448495e-17	-4.089919e-18	0	-1.885123e-17
1.1000999999997896e-10	7.586184e-11	6.6758415e-10	0.0007621848	0.011229036	-6.984086e-17	-1.2130553e-16	7.444286e-17	-4.1266502e-18	0	-1.8851529e-17
1.2000999999997891e-10	1.6689604e-10	1.0165486e-09	0.0007407413	0.011404656	-6.9853894e-17	-1.2119928e-16	7.437742e-17	-4.1802863e-18	0	-1.8851742e-17
1.3000999999998715e-10	5.7655e-10	9.406868e-10	0.0007413827	0.011562072	-6.9866156e-17	-1.210834e-16	7.4306594e-17	-4.2374502e-18	0	-1.88519e-17
1.400099999999954e-10	8.4965257e-10	9.710315e-10	0.0007455831	0.011705969	-6.9877684e-17	-1.2098479e-16	7.4245925e-17	-4.2867465e-18	0	-1.885207e-17
1.5000000000000362e-10	7.586184e-10	1.1531e-09	0.00074694195	0.011830941	-6.988856e-17	-1.2090638e-16	7.419698e-17	-4.326936e-18	0	-1.8852227e-17
1.6000000000001186e-10	2.4275787e-10	6.3723943e-10	0.0007489615	0.011958189	-6.9898866e-17	-1.2083473e-16	7.415205e-17	-4.363813e-18	0	-1.8852373e-17
1.700000000000201e-10	3.3379208e-10	9.10342e-11	0.0007543984	0.012083662	-6.990866e-17	-1.2076089e-16	7.410602e-17	-4.4012965e-18	0	-1.88525e-17
1.8000000000002833e-10	1.0013762e-09	6.3723943e-10	0.00076110614	0.0122062	-6.9918024e-17	-1.2068524e-16	7.405909e-17	-4.439285e-18	0	-1.8852608e-17
1.9000000000003657e-10	1.2896512e-09	1.4868919e-09	0.0007652524	0.012326452	-6.9927e-17	-1.2061103e-16	7.401312e-17	-4.4763818e-18	0	-1.8852699e-17
2.000000000000448e-10	1.3048236e-09	1.8813735e-09	0.0007650527	0.012440626	-6.9935606e-17	-1.2054012e-16	7.39691e-17	-4.5118194e-18	0	-1.8852783e-17
2.1000000000005304e-10	1.4717196e-09	1.1227552e-09	0.00076136296	0.012552648	-6.99439e-17	-1.2047269e-16	7.392719e-17	-4.5455647e-18	0	-1.8852856e-17
2.2000000000006128e-10	1.0013762e-09	4.2482629e-10	0.00075646123	0.012662175	-6.995191e-17	-1.2040784e-16	7.388687e-17	-4.5780208e-18	0	-1.8852925e-17
2.3000000000006952e-10	1.3655131e-10	2.1241314e-10	0.00075237826	0.012768479	-6.995967e-17	-1.2034443e-16	7.384745e-17	-4.609701e-18	0	-1.8852985e-17
2.4000000000005925e-10	1.3655131e-10	-1.2137893e-10	0.00074986106	0.012873454	-6.996718e-17	-1.2028197e-16	7.3808644e-17	-4.6408166e-18	0	-1.885304e-17
2.5000000000004163e-10	6.068947e-10	1.0620657e-09	0.0007488507	0.012975777	-6.9974484e-17	-1.2022063e-16	7.377055e-17	-4.6713143e-18	0	-1.8853086e-17
2.60000000000024e-10	9.406868e-10	7.889631e-10	0.00074889604	0.013075164	-6.9981584e-17	-1.2016078e-16	7.373337e-17	-4.7010428e-18	0	-1.885313e-17
2.700000000000064e-10	1.2137894e-09	6.068947e-11	0.0007494462	0.013174002	-6.99885e-17	-1.2010244e-16	7.369714e-17	-4.7300185e-18	0	-1.8853172e-17
2.800099999999888e-10	1.2972374e-09	-3.1861971e-10	0.00075006636	0.013271305	-6.999525e-17	-1.2004527e-16	7.366161e-17	-4.7583887e-18	0	-1.8853208e-17
2.9000999999997117e-10	2.5034406e-09	-2.067235e-10	0.00075046567	0.0133649	-7.000184e-17	-1.1998923e-16	7.36268e-17	-4.786171e-18	0	-1.8853241e-17
3.0000999999995355e-10	2.184821e-09	7.8517e-10	0.00075052335	0.0134583255	-7.000828e-17	-1.1993417e-16	7.3592605e-17	-4.8134326e-18	0	-1.8853274e-17
3.1000999999993594e-10	2.0558557e-09	1.0468933e-09	0.0007501744	0.013549885	-7.0014585e-17	-1.1988012e-16	7.3559015e-17	-4.8401874e-18	0	-1.8853302e-17
3.2000999999991833e-10	1.5627538e-09	5.3103283e-10	0.00074953627	0.013639242	-7.002076e-17	-1.1982698e-16	7.352602e-17	-4.8664603e-18	0	-1.8853329e-17
3.300099999999007e-10	1.775167e-09	3.641368e-10	0.0007487766	0.013727379	-7.002683e-17	-1.1977476e-16	7.349356e-17	-4.8922803e-18	0	-1.8853352e-17
3.400099999998831e-10	2.1582693e-09	0	0.0007480462	0.013814758	-7.003277e-17	-1.1972334e-16	7.346162e-17	-4.9176756e-18	0	-1.8853373e-17
3.500099999998655e-10	2.1582693e-09	7.889631e-10	0.0007474446	0.013900659	-7.003861e-17	-1.1967272e-16	7.343017e-17	-4.942667e-18	0	-1.8853395e-17
3.600099999998479e-10	3.7020575e-09	1.3958578e-09	0.00074700976	0.013983624	-7.004435e-17	-1.1962284e-16	7.3399183e-17	-4.9672746e-18	0	-1.8853415e-17
3.7000999999983027e-10	3.2848175e-09	1.820684e-09	0.00074673444	0.0140673155	-7.005e-17	-1.1957371e-16	7.336865e-17	-4.9915147e-18	0	-1.8853433e-17
3.8000999999981266e-10	4.058608e-09	7.282736e-10	0.0007465556	0.014149636	-7.005555e-17	-1.1952524e-16	7.333854e-17	-5.0154045e-18	0	-1.885345e-17
3.9000999999979505e-10	3.692575e-09	7.282736e-10	0.00074641494	0.014230699	-7.006101e-17	-1.1947743e-16	7.330884e-17	-5.0389597e-18	0	-1.8853466e-17
4.0000999999977743e-10	3.8234367e-09	1.820684e-10	0.00074626977	0.014309565	-7.006639e-17	-1.1943024e-16	7.327954e-17	-5.0621952e-18	0	-1.8853481e-17
4.100099999997598e-10	3.9903325e-09	-4.8551574e-10	0.000746089	0.0143887	-7.0071694e-17	-1.1938367e-16	7.3250595e-17	-5.085125e-18	0	-1.8853494e-17
4.200099999997422e-10	3.97516e-09	-7.282736e-10	0.0007458682	0.014466455	-7.007692e-17	-1.1933768e-16	7.3222015e-17	-5.1077617e-18	0	-1.8853507e-17
4.300099999997246e-10	4.6579167e-09	-1.2137893e-10	0.000745609	0.014542704	-7.0082077e-17	-1.1929223e-16	7.319379e-17	-5.1301154e-18	0	-1.8853519e-17
4.40009999999707e-10	5.2856732e-09	-7.282736e-10	0.00074533955	0.014617886	-7.008716e-17	-1.1924731e-16	7.316589e-17	-5.1521983e-18	0	-1.8853534e-17
4.5000999999968937e-10	4.071884e-09	-7.282736e-10	0.0007450749	0.014693069	-7.0092175e-17	-1.1920292e-16	7.3138304e-17	-5.174021e-18	0	-1.885354e-17
4.6000999999967176e-10	3.8689536e-09	-1.2137893e-10	0.0007448253	0.014767694	-7.009713e-17	-1.1915903e-16	7.3111047e-17	-5.195594e-18	0	-1.8853552e-17
4.700099999996541e-10	4.0074015e-09	0	0.0007445991	0.014840517	-7.010202e-17	-1.1911561e-16	7.308407e-17	-5.2169214e-18	0	-1.8853559e-17
4.800099999996365e-10	4.210332e-09	7.282736e-10	0.00074439956	0.014912542	-7.010686e-17	-1.1907266e-16	7.305738e-17	-5.238017e-18	0	-1.8853569e-17
4.900099999996189e-10	4.418952e-09	-1.0924105e-09	0.0007442162	0.01498464	-7.011163e-17	-1.1903015e-16	7.3030976e-17	-5.2588868e-18	0	-1.8853579e-17
5.000099999996013e-10	4.6844684e-09	-1.2137894e-09	0.00074404565	0.015055497	-7.011636e-17	-1.1898806e-16	7.300484e-17	-5.2795386e-18	0	-1.8853585e-17
5.100099999995837e-10	3.1975764e-09	-2.4275787e-10	0.0007438775	0.015125339	-7.0121034e-17	-1.1894641e-16	7.2978956e-17	-5.29998e-18	0	-1.8853594e-17
5.200099999995661e-10	3.978953e-09	-1.2137894e-09	0.0007437123	0.0151944375	-7.012565e-17	-1.1890517e-16	7.295334e-17	-5.320215e-18	0	-1.8853598e-17
5.300099999995485e-10	4.555503e-09	-1.6993051e-09	0.0007435488	0.015262474	-7.013022e-17	-1.1886432e-16	7.2927955e-17	-5.3402536e-18	0	-1.8853605e-17
5.400099999995309e-10	3.7248162e-09	-6.068947e-10	0.00074338395	0.01533104	-7.0134745e-17	-1.1882383e-16	7.29028e-17	-5.360101e-18	0	-1.8853612e-17
5.500099999995133e-10	4.020677e-09	-4.8551574e-10	0.0007432195	0.01539808	-7.0139225e-17	-1.1878373e-16	7.2877894e-17	-5.379762e-18	0	-1.8853615e-17
5.600099999994956e-10	4.3999866e-09	-3.641368e-10	0.0007430577	0.015463867	-7.0143645e-17	-1.1874397e-16	7.285321e-17	-5.399243e-18	0	-1.8853623e-17
5.70009999999478e-10	5.1889497e-09	1.2137893e-10	0.00074289844	0.0155294025	-7.014804e-17	-1.1870459e-16	7.282872e-17	-5.4185483e-18	0	-1.8853628e-17
5.800099999994604e-10	5.2723976e-09	-1.2137894e-09	0.0007427484	0.015595353	-7.0152374e-17	-1.1866552e-16	7.280446e-17	-5.4376835e-18	0	-1.8853632e-17
5.900099999994428e-10	5.090329e-09	-4.8551574e-10	0.00074260694	0.015660387	-7.015669e-17	-1.1862679e-16	7.278039e-17	-5.456655e-18	0	-1.8853637e-17
6.000099999994252e-10	4.0661945e-09	-1.4565472e-09	0.0007424695	0.015723778	-7.016097e-17	-1.1858838e-16	7.275653e-17	-5.4754633e-18	0	-1.885364e-17
6.100099999994076e-10	4.6958477e-09	-9.710315e-10	0.0007423342	0.015786823	-7.0165185e-17	-1.185503e-16	7.273288e-17	-5.4941163e-18	0	-1.8853645e-17
6.2000999999939e-10	4.157229e-09	-1.820684e-09	0.00074220257	0.015849898	-7.0169374e-17	-1.1851248e-16	7.270939e-17	-5.512617e-18	0	-1.8853648e-17
6.300099999993724e-10	5.3899836e-09	8.4965257e-10	0.0007420743	0.015912142	-7.0173536e-17	-1.18475e-16	7.26861e-17	-5.5309684e-18	0	-1.885365e-17
6.400099999993547e-10	5.28757e-09	9.710315e-10	0.0007419496	0.015973909	-7.0177646e-17	-1.1843778e-16	7.266297e-17	-5.5491775e-18	0	-1.8853655e-17
6.500099999993371e-10	5.2648113e-09	-2.4275787e-10	0.0007418215	0.016035242	-7.0181735e-17	-1.1840087e-16	7.264004e-17	-5.5672436e-18	0	-1.8853658e-17
6.600099999993195e-10	3.846195e-09	8.4965257e-10	0.0007416985	0.016094873	-7.018578e-17	-1.1836421e-16	7.2617266e-17	-5.5851744e-18	0	-1.8853661e-17
6.700099999993019e-10	4.6958477e-09	1.0924105e-09	0.00074158004	0.01615562	-7.0189795e-17	-1.1832782e-16	7.259466e-17	-5.6029707e-18	0	-1.8853663e-17
6.800099999992843e-10	4.6882613e-09	4.8551574e-10	0.0007414625	0.016214896	-7.0193786e-17	-1.1829171e-16	7.257222e-17	-5.6206356e-18	0	-1.8853665e-17
6.900099999992667e-10	4.6427444e-09	-7.282736e-10	0.0007413511	0.01627386	-7.019773e-17	-1.1825582e-16	7.254994e-17	-5.6381743e-18	0	-1.8853665e-17
7.000099999992491e-10	2.8789566e-09	-4.8551574e-10	0.0007412457	0.016332481	-7.020166e-17	-1.1822022e-16	7.2527805e-17	-5.6555885e-18	0	-1.885367e-17
7.100099999992315e-10	3.262059e-09	-1.3351683e-09	0.0007411398	0.016390184	-7.020556e-17	-1.1818483e-16	7.250582e-17	-5.6728807e-18	0	-1.8853671e-17
7.200099999992138e-10	4.301366e-09	-9.710315e-10	0.0007410361	0.016447764	-7.020942e-17	-1.1814969e-16	7.2483984e-17	-5.6900543e-18	0	-1.8853671e-17
7.300099999991962e-10	4.2482626e-09	-6.068947e-10	0.0007409307	0.016505266	-7.021326e-17	-1.1811477e-16	7.2462305e-17	-5.7071128e-18	0	-1.8853673e-17
7.400099999991786e-10	2.8220604e-09	1.0924105e-09	0.0007408282	0.016562773	-7.0217086e-17	-1.1808011e-16	7.244076e-17	-5.724058e-18	0	-1.8853675e-17
7.50009999999161e-10	3.71723e-09	6.068947e-10	0.00074072107	0.016618213	-7.0220864e-17	-1.1804563e-16	7.241936e-17	-5.7408924e-18	0	-1.8853675e-17
7.600099999991434e-10	1.5172368e-09	1.4565472e-09	0.00074061844	0.016673684	-7.022461e-17	-1.180114e-16	7.2398077e-17	-5.7576184e-18	0	-1.8853675e-17
7.700099999991258e-10	3.0724043e-09	-2.184821e-09	0.00074051856	0.016729055	-7.0228335e-17	-1.1797736e-16	7.2376934e-17	-5.774238e-18	0	-1.8853675e-17
7.800099999991082e-10	1.4224094e-09	6.6758415e-10	0.00074042537	0.016784823	-7.0232054e-17	-1.1794354e-16	7.2355923e-17	-5.7907552e-18	0	-1.8853675e-17
7.900099999990906e-10	5.3103283e-10	4.8551574e-10	0.0007403337	0.016839087	-7.023574e-17	-1.1790991e-16	7.2335026e-17	-5.807171e-18	0	-1.8853675e-17
8.00009999999073e-10	2.3213722e-09	1.4565472e-09	0.0007402423	0.016892798	-7.023939e-17	-1.1787649e-16	7.2314267e-17	-5.823488e-18	0	-1.8853676e-17
8.100099999990553e-10	1.820684e-09	2.3062e-09	0.0007401566	0.016945366	-7.024302e-17	-1.1784326e-16	7.229362e-17	-5.8397078e-18	0	-1.8853676e-17
8.200099999990377e-10	2.1393038e-09	1.820684e-09	0.00074006896	0.016999068	-7.024663e-17	-1.1781023e-16	7.22731e-17	-5.8558332e-18	0	-1.8853676e-17
8.300099999990201e-10	2.0406834e-09	6.068947e-10	0.0007399864	0.017052073	-7.025024e-17	-1.1777738e-16	7.2252685e-17	-5.871865e-18	0	-1.8853676e-17
8.400099999990025e-10	1.608271e-09	1.0924105e-09	0.0007399038	0.01710483	-7.02538e-17	-1.177447e-16	7.223239e-17	-5.887806e-18	0	-1.8853676e-17
8.500099999989849e-10	3.2317142e-09	2.7765432e-09	0.0007398204	0.017156111	-7.0257346e-17	-1.1771222e-16	7.22122e-17	-5.9036583e-18	0	-1.8853675e-17
8.600099999989673e-10	2.8675775e-09	2.0634419e-09	0.00073973753	0.017207142	-7.026087e-17	-1.1767989e-16	7.219212e-17	-5.919424e-18	0	-1.8853676e-17
8.700099999989497e-10	2.0937867e-09	1.6386157e-09	0.0007396489	0.017258503	-7.0264374e-17	-1.1764774e-16	7.217215e-17	-5.9351028e-18	0	-1.8853675e-17
8.800099999989321e-10	3.7475747e-09	7.889631e-10	0.000739566	0.017309655	-7.0267855e-17	-1.1761577e-16	7.2152285e-17	-5.9507005e-18	0	-1.8853675e-17
8.900099999989144e-10	4.051022e-09	-8.041355e-10	0.0007394842	0.01736033	-7.027132e-17	-1.1758395e-16	7.213252e-17	-5.966215e-18	0	-1.8853673e-17
9.000099999988968e-10	3.0041287e-09	-6.068947e-11	0.0007394066	0.017410219	-7.0274763e-17	-1.175523e-16	7.211285e-17	-5.98165e-18	0	-1.8853673e-17
9.100099999988792e-10	1.4186163e-09	-1.2137893e-10	0.0007393298	0.017458929	-7.027819e-17	-1.1752079e-16	7.209328e-17	-5.9970065e-18	0	-1.8853671e-17
9.200099999988616e-10	8.041355e-10	6.068947e-11	0.00073925493	0.017508734	-7.02816e-17	-1.1748947e-16	7.207381e-17	-6.012285e-18	0	-1.885367e-17
9.30009999998844e-10	9.862039e-10	7.7379075e-10	0.0007391794	0.017557964	-7.028499e-17	-1.1745826e-16	7.2054426e-17	-6.0274898e-18	0	-1.8853666e-17
9.400099999989161e-10	2.890336e-09	-7.1310124e-10	0.0007391043	0.01760648	-7.028836e-17	-1.174272e-16	7.203514e-17	-6.0426205e-18	0	-1.8853666e-17
9.50009999999002e-10	2.0786144e-09	-4.8551574e-10	0.00073903106	0.017654728	-7.0291724e-17	-1.1739632e-16	7.201593e-17	-6.0576777e-18	0	-1.8853666e-17
9.600099999990877e-10	3.0344736e-09	-1.3958578e-09	0.0007389586	0.01770166	-7.029507e-17	-1.1736556e-16	7.1996815e-17	-6.0726662e-18	0	-1.8853665e-17
9.700099999991735e-10	1.3806855e-09	-2.5793023e-10	0.00073888554	0.017748773	-7.0298374e-17	-1.1733493e-16	7.1977796e-17	-6.0875844e-18	0	-1.8853663e-17
9.800099999992593e-10	3.0344734e-11	1.0772381e-09	0.00073880993	0.017795956	-7.0301677e-17	-1.1730444e-16	7.1958863e-17	-6.102435e-18	0	-1.8853661e-17
9.90009999999345e-10	2.2151656e-09	1.5779262e-09	0.0007387397	0.01784294	-7.030498e-17	-1.1727408e-16	7.194e-17	-6.1172178e-18	0	-1.8853658e-17
1.0000099999994308e-09	3.4592997e-09	-2.0634419e-09	0.00073867384	0.01788949	-7.0308234e-17	-1.1724387e-16	7.192123e-17	-6.1319366e-18	0	-1.8853656e-17
1.0100099999995166e-09	3.5199892e-09	-1.1531e-09	0.0007386056	0.017935345	-7.0311484e-17	-1.1721377e-16	7.190253e-17	-6.146592e-18	0	-1.8853655e-17
1.0200099999996024e-09	1.7296499e-09	7.699976e-10	0.0007385374	0.017980495	-7.0314746e-17	-1.171838e-16	7.18839e-17	-6.161184e-18	0	-1.885365e-17
1.0300099999996882e-09	7.1310124e-10	-2.4275787e-10	0.0007384762	0.018025856	-7.031796e-17	-1.1715396e-16	7.186536e-17	-6.1757164e-18	0	-1.885365e-17
1.040009999999774e-09	1.5475815e-09	6.068947e-11	0.00073841243	0.018071216	-7.0321185e-17	-1.1712422e-16	7.184689e-17	-6.190189e-18	0	-1.8853646e-17
1.0500099999998598e-09	2.3062e-09	-3.0344735e-10	0.00073833985	0.018116882	-7.032437e-17	-1.1709462e-16	7.1828487e-17	-6.2046015e-18	0	-1.8853645e-17
1.0600099999999456e-09	3.3227485e-09	8.724111e-11	0.0007382703	0.018160883	-7.032757e-17	-1.1706513e-16	7.181016e-17	-6.2189577e-18	0	-1.8853641e-17
1.0700000000000313e-09	1.1531e-09	1.7448222e-10	0.00073820143	0.01820464	-7.0330714e-17	-1.1703576e-16	7.179192e-17	-6.233243e-18	0	-1.8853638e-17
1.080000000000117e-09	1.775167e-09	-2.1924071e-09	0.0007381354	0.01824785	-7.033388e-17	-1.1700648e-16	7.177373e-17	-6.2474884e-18	0	-1.8853637e-17
1.0900000000002028e-09	2.0634419e-09	-1.118962e-09	0.00073807524	0.018291036	-7.033702e-17	-1.1697731e-16	7.17556e-17	-6.2616807e-18	0	-1.8853632e-17
1.1000000000002886e-09	4.172401e-09	1.0620657e-10	0.00073801953	0.01833431	-7.034014e-17	-1.1694822e-16	7.173754e-17	-6.275821e-18	0	-1.885363e-17
1.1100000000003744e-09	1.8510288e-09	-1.2137893e-10	0.0007379605	0.018377123	-7.0343274e-17	-1.1691927e-16	7.171954e-17	-6.289908e-18	0	-1.8853627e-17
1.1200000000004602e-09	2.0937867e-09	2.7310262e-10	0.00073790684	0.018419312	-7.034637e-17	-1.168904e-16	7.1701604e-17	-6.3039463e-18	0	-1.8853623e-17
1.130000000000546e-09	2.56413e-09	1.3427545e-09	0.0007378529	0.018460039	-7.034946e-17	-1.1686163e-16	7.168373e-17	-6.3179364e-18	0	-1.885362e-17
1.1400000000006318e-09	1.8358565e-09	-4.2482629e-10	0.0007377999	0.01850227	-7.0352545e-17	-1.1683295e-16	7.166591e-17	-6.3318786e-18	0	-1.8853615e-17
1.1500000000007175e-09	1.1531e-09	6.6758415e-10	0.0007377414	0.018543886	-7.035561e-17	-1.1680437e-16	7.164815e-17	-6.345773e-18	0	-1.8853612e-17
1.1600000000008033e-09	1.942063e-09	8.1930784e-10	0.00073768484	0.018585192	-7.0358646e-17	-1.1677587e-16	7.1630446e-17	-6.359623e-18	0	-1.885361e-17
1.1700000000008891e-09	2.4579234e-09	1.8339599e-09	0.00073763495	0.01862686	-7.0361703e-17	-1.1674746e-16	7.161279e-17	-6.3734303e-18	0	-1.8853605e-17
1.1800000000009749e-09	-4.8551574e-10	-1.6348226e-09	0.00073758146	0.018666673	-7.036475e-17	-1.1671914e-16	7.159519e-17	-6.3871934e-18	0	-1.8853598e-17
1.1900000000010607e-09	4.0965392e-10	-8.278423e-10	0.0007375296	0.018706078	-7.0367765e-17	-1.166909e-16	7.157765e-17	-6.4009155e-18	0	-1.8853597e-17
1.2000000000011465e-09	1.2137894e-09	3.9448156e-10	0.0007374771	0.018746324	-7.037078e-17	-1.1666273e-16	7.156014e-17	-6.414595e-18	0	-1.8853594e-17
1.2100000000012322e-09	1.9117183e-09	3.2317142e-09	0.00073742424	0.018785706	-7.037379e-17	-1.1663465e-16	7.1542686e-17	-6.4282373e-18	0	-1.8853589e-17
1.220000000001318e-09	4.1875734e-09	1.5893055e-09	0.0007373797	0.018825386	-7.037678e-17	-1.1660665e-16	7.152529e-17	-6.4418407e-18	0	-1.8853585e-17
1.2300000000014038e-09	3.5048169e-09	1.4186163e-09	0.00073733076	0.01886376	-7.0379776e-17	-1.165787e-16	7.150792e-17	-6.4554056e-18	0	-1.8853579e-17
1.2400000000014896e-09	7.586184e-10	5.3103286e-11	0.00073728117	0.018901084	-7.038274e-17	-1.1655083e-16	7.14906e-17	-6.4689358e-18	0	-1.8853575e-17
1.2500000000015754e-09	9.406868e-10	2.0937867e-09	0.00073723285	0.01893878	-7.03857e-17	-1.1652303e-16	7.1473335e-17	-6.4824288e-18	0	-1.8853569e-17
1.2600000000016612e-09	7.586184e-10	5.006881e-09	0.0007371864	0.018977275	-7.0388656e-17	-1.1649529e-16	7.1456096e-17	-6.4958895e-18	0	-1.8853567e-17
1.270000000001747e-09	2.184821e-09	3.5199892e-09	0.00073714304	0.019015472	-7.03916e-17	-1.1646763e-16	7.1438904e-17	-6.5093175e-18	0	-1.885356e-17
1.2800000000018327e-09	1.2441341e-09	6.6758415e-10	0.00073709496	0.019053014	-7.039454e-17	-1.1644002e-16	7.142176e-17	-6.522714e-18	0	-1.8853555e-17
1.2900000000019185e-09	2.1241314e-10	-1.820684e-10	0.0007370462	0.019089691	-7.039747e-17	-1.1641246e-16	7.1404626e-17	-6.5360793e-18	0	-1.8853549e-17
1.3000000000020043e-09	1.6689604e-10	1.9724078e-09	0.00073700404	0.019126266	-7.0400396e-17	-1.1638497e-16	7.138754e-17	-6.549416e-18	0	-1.8853544e-17
1.3100000000020901e-09	7.586184e-10	3.428955e-09	0.00073695765	0.019162638	-7.040329e-17	-1.1635751e-16	7.137048e-17	-6.5627228e-18	0	-1.885354e-17
1.3200000000021759e-09	9.406868e-10	3.2772314e-09	0.00073691335	0.019198751	-7.0406206e-17	-1.1633014e-16	7.1353467e-17	-6.576005e-18	0	-1.8853536e-17
1.3300000000022617e-09	1.5930985e-09	2.1241313e-09	0.00073687197	0.019234713	-7.040909e-17	-1.163028e-16	7.1336466e-17	-6.5892604e-18	0	-1.8853527e-17
1.3400000000023475e-09	-4.55171e-11	2.4275787e-10	0.0007368314	0.019270794	-7.0412e-17	-1.162755e-16	7.131951e-17	-6.6024903e-18	0	-1.885352e-17
1.3500000000024332e-09	1.2137893e-10	8.799973e-10	0.0007367882	0.019305566	-7.0414875e-17	-1.1624824e-16	7.130258e-17	-6.6156962e-18	0	-1.8853516e-17
1.360000000002519e-09	2.4275788e-09	3.9448156e-10	0.0007367465	0.019339062	-7.041775e-17	-1.1622105e-16	7.128567e-17	-6.628881e-18	0	-1.8853509e-17
1.3700000000026048e-09	1.9117183e-09	9.10342e-10	0.0007367057	0.019373765	-7.042063e-17	-1.1619388e-16	7.1268776e-17	-6.6420444e-18	0	-1.8853503e-17
1.3800000000026906e-09	1.4186163e-09	1.2744789e-09	0.00073667185	0.019408006	-7.04235e-17	-1.1616673e-16	7.125191e-17	-6.655188e-18	0	-1.88535e-17
1.3900000000027764e-09	6.8275656e-11	8.4965257e-10	0.000736641	0.019441659	-7.0426356e-17	-1.1613963e-16	7.1235074e-17	-6.6683124e-18	0	-1.8853491e-17
1.4000000000028622e-09	1.5172368e-09	-1.0924105e-09	0.0007366089	0.019475384	-7.04292e-17	-1.1611256e-16	7.121826e-17	-6.6814195e-18	0	-1.8853483e-17
1.410000000002948e-09	1.1455137e-09	3.3986103e-09	0.00073657156	0.019508773	-7.043205e-17	-1.1608551e-16	7.120145e-17	-6.694509e-18	0	-1.8853476e-17
1.4200000000030337e-09	2.2455104e-09	8.4965257e-10	0.0007365335	0.019541064	-7.0434886e-17	-1.160585e-16	7.1184656e-17	-6.707585e-18	0	-1.8853468e-17
1.4300000000031195e-09	4.3999866e-09	0	0.0007364918	0.019574195	-7.0437725e-17	-1.160315e-16	7.116788e-17	-6.720645e-18	0	-1.885346e-17
1.4400000000032053e-09	2.8675775e-09	-1.0924105e-09	0.0007364601	0.01960627	-7.044055e-17	-1.1600452e-16	7.115112e-17	-6.7336927e-18	0	-1.8853455e-17
1.450000000003291e-09	2.2606828e-09	1.5779262e-09	0.00073642784	0.019638203	-7.0443376e-17	-1.1597756e-16	7.113436e-17	-6.74673e-18	0	-1.8853448e-17
1.4600000000033769e-09	1.8358565e-09	1.4565472e-09	0.00073639513	0.019669564	-7.0446195e-17	-1.1595062e-16	7.111762e-17	-6.7597568e-18	0	-1.885344e-17
1.4700000000034627e-09	1.2289617e-09	-6.068947e-10	0.00073636096	0.019700509	-7.0449014e-17	-1.1592369e-16	7.110089e-17	-6.7727745e-18	0	-1.8853431e-17
1.4800000000035485e-09	3.550334e-09	-1.942063e-09	0.0007363364	0.019732125	-7.045182e-17	-1.1589678e-16	7.108416e-17	-6.785785e-18	0	-1.8853421e-17
1.4900000000036342e-09	2.0937867e-09	-2.7917155e-09	0.0007363082	0.019762926	-7.0454645e-17	-1.1586987e-16	7.1067434e-17	-6.798789e-18	0	-1.8853415e-17
1.50000000000372e-09	4.157229e-09	-2.1241313e-09	0.00073628116	0.019794008	-7.045743e-17	-1.1584295e-16	7.1050705e-17	-6.811788e-18	0	-1.8853405e-17
1.5100000000038058e-09	2.9434393e-09	-4.8551574e-10	0.00073624967	0.019824015	-7.0460244e-17	-1.1581603e-16	7.103399e-17	-6.8247848e-18	0	-1.8853397e-17
1.5200000000038916e-09	4.6427444e-09	2.1241313e-09	0.0007362287	0.019853633	-7.0463036e-17	-1.1578913e-16	7.101726e-17	-6.837779e-18	0	-1.8853388e-17
1.5300000000039774e-09	3.71723e-09	-1.820684e-10	0.0007362102	0.019882228	-7.046584e-17	-1.1576222e-16	7.1000525e-17	-6.8507723e-18	0	-1.8853378e-17
1.5400000000040632e-09	2.6096472e-09	-1.820684e-10	0.0007361878	0.019911692	-7.046863e-17	-1.1573529e-16	7.0983796e-17	-6.8637656e-18	0	-1.885337e-17
1.550000000004149e-09	-4.779296e-10	9.710315e-10	0.00073616015	0.019941112	-7.047141e-17	-1.1570834e-16	7.096705e-17	-6.876761e-18	0	-1.885336e-17
1.5600000000042347e-09	1.5324091e-09	2.0634419e-09	0.0007361343	0.019969814	-7.0474193e-17	-1.156814e-16	7.0950305e-17	-6.8897623e-18	0	-1.8853352e-17
1.5700000000043205e-09	1.0468933e-09	3.1558525e-09	0.00073611725	0.019998142	-7.0476986e-17	-1.1565442e-16	7.0933543e-17	-6.902765e-18	0	-1.885334e-17
1.5800000000044063e-09	2.2606828e-09	1.4565472e-09	0.00073609286	0.020025944	-7.0479765e-17	-1.1562744e-16	7.091677e-17	-6.9157775e-18	0	-1.8853329e-17
1.590000000004492e-09	3.0344734e-11	1.2137894e-09	0.0007360704	0.020053167	-7.0482564e-17	-1.1560044e-16	7.089999e-17	-6.9287973e-18	0	-1.8853319e-17
1.6000000000045779e-09	-3.641368e-10	1.2744789e-09	0.0007360477	0.020080496	-7.0485344e-17	-1.1557338e-16	7.088317e-17	-6.941826e-18	0	-1.8853309e-17
1.6100000000046637e-09	1.198617e-09	0	0.00073602307	0.020107858	-7.0488116e-17	-1.1554632e-16	7.0866356e-17	-6.954866e-18	0	-1.8853297e-17
1.6200000000047495e-09	5.0979154e-09	1.4565472e-09	0.00073599926	0.020134464	-7.04909e-17	-1.155192e-16	7.08495e-17	-6.9679205e-18	0	-1.8853287e-17
1.6300000000048352e-09	2.7006815e-09	8.4965257e-10	0.00073598215	0.020160954	-7.049368e-17	-1.1549206e-16	7.0832634e-17	-6.980988e-18	0	-1.8853274e-17
1.640000000004921e-09	1.2896512e-09	9.710315e-10	0.0007359657	0.020186627	-7.049646e-17	-1.1546486e-16	7.0815746e-17	-6.994072e-18	0	-1.8853263e-17
1.6500000000050068e-09	-1.2706858e-09	3.3986103e-09	0.0007359561	0.020213015	-7.049925e-17	-1.1543763e-16	7.079881e-17	-7.007174e-18	0	-1.8853251e-17
1.6600000000050926e-09	1.0013762e-09	5.70481e-09	0.00073594635	0.020238737	-7.050202e-17	-1.1541034e-16	7.0781845e-17	-7.020297e-18	0	-1.8853236e-17
1.6700000000051784e-09	2.761371e-09	1.3351683e-09	0.0007359324	0.020264646	-7.0504806e-17	-1.1538301e-16	7.0764865e-17	-7.033439e-18	0	-1.8853226e-17
1.6800000000052642e-09	2.2606828e-09	6.068947e-10	0.000735924	0.020289456	-7.0507585e-17	-1.1535562e-16	7.074785e-17	-7.046606e-18	0	-1.8853211e-17
1.69000000000535e-09	5.4430865e-10	1.5779262e-09	0.0007359095	0.020312857	-7.051038e-17	-1.1532815e-16	7.073078e-17	-7.059796e-18	0	-1.88532e-17
1.7000000000054357e-09	1.3294786e-09	1.942063e-09	0.000735896	0.020337345	-7.051318e-17	-1.1530065e-16	7.071368e-17	-7.0730154e-18	0	-1.8853185e-17
1.7100000000055215e-09	2.6703366e-09	2.4275788e-09	0.0007358939	0.020363014	-7.0515956e-17	-1.1527306e-16	7.069653e-17	-7.086261e-18	0	-1.8853173e-17
1.7200000000056073e-09	1.0999966e-09	1.4565472e-09	0.0007358863	0.020388065	-7.051875e-17	-1.152454e-16	7.067934e-17	-7.0995365e-18	0	-1.8853158e-17
1.730000000005693e-09	2.9737839e-09	3.641368e-09	0.0007358801	0.020413505	-7.0521554e-17	-1.1521766e-16	7.066211e-17	-7.1128475e-18	0	-1.8853145e-17
1.7400000000057789e-09	3.0837837e-09	1.3351683e-09	0.0007358724	0.020437604	-7.0524354e-17	-1.1518985e-16	7.064482e-17	-7.1261916e-18	0	-1.885313e-17
1.7500000000058647e-09	3.9903325e-09	2.9130944e-09	0.00073586457	0.020462096	-7.0527146e-17	-1.1516194e-16	7.062747e-17	-7.139572e-18	0	-1.8853114e-17
1.7600000000059504e-09	3.262059e-09	1.6993051e-09	0.0007358632	0.020488242	-7.0529965e-17	-1.1513395e-16	7.061008e-17	-7.152991e-18	0	-1.8853102e-17
1.7700000000060362e-09	3.0799905e-09	1.6993051e-09	0.0007358566	0.020513624	-7.0532764e-17	-1.1510585e-16	7.059262e-17	-7.1664505e-18	0	-1.8853082e-17
1.780000000006122e-09	3.2317142e-09	1.2137894e-09	0.0007358565	0.020540312	-7.0535583e-17	-1.1507767e-16	7.05751e-17	-7.179954e-18	0	-1.8853067e-17
1.7900000000062078e-09	3.408093e-09	1.820684e-10	0.0007358482	0.020567456	-7.053841e-17	-1.1504939e-16	7.055753e-17	-7.193501e-18	0	-1.8853051e-17
1.8000000000062936e-09	1.9401665e-09	2.6096472e-09	0.000735841	0.02059459	-7.054122e-17	-1.1502096e-16	7.053987e-17	-7.207095e-18	0	-1.8853034e-17
1.8100000000063794e-09	2.6911986e-09	-1.2137893e-10	0.0007358347	0.020623425	-7.054406e-17	-1.1499245e-16	7.052215e-17	-7.22074e-18	0	-1.8853018e-17
1.8200000000064652e-09	2.7196467e-09	1.2744789e-09	0.00073583855	0.020653522	-7.054691e-17	-1.1496382e-16	7.050437e-17	-7.234435e-18	0	-1.8853e-17
1.830000000006551e-09	3.8499883e-09	-2.0634419e-09	0.00073584606	0.020684429	-7.054976e-17	-1.1493508e-16	7.048649e-17	-7.248184e-18	0	-1.8852981e-17
1.8400000000066367e-09	4.3089523e-09	-4.2482629e-10	0.00073585165	0.020716572	-7.05526e-17	-1.1490619e-16	7.046854e-17	-7.261989e-18	0	-1.8852962e-17
1.8500000000067225e-09	3.817747e-09	-1.3048236e-09	0.00073586486	0.02074962	-7.0555475e-17	-1.1487719e-16	7.045051e-17	-7.275854e-18	0	-1.8852943e-17
1.8600000000068083e-09	2.8296465e-09	-2.5034406e-09	0.0007358779	0.020784745	-7.055832e-17	-1.14848e-16	7.043239e-17	-7.28978e-18	0	-1.8852925e-17
1.870000000006742e-09	3.4896446e-09	-6.979289e-10	0.0007358819	0.020820895	-7.05612e-17	-1.1481872e-16	7.041418e-17	-7.303768e-18	0	-1.8852905e-17
1.880000000006621e-09	5.2723976e-09	1.4262025e-09	0.0007358915	0.020858195	-7.0564085e-17	-1.1478924e-16	7.039589e-17	-7.3178245e-18	0	-1.8852887e-17
1.8900000000065e-09	2.7006815e-09	-5.8413613e-10	0.0007359007	0.02089703	-7.056698e-17	-1.1475965e-16	7.0377486e-17	-7.3319495e-18	0	-1.8852864e-17
1.900000000006379e-09	6.1448087e-09	-7.889631e-10	0.000735904	0.02093581	-7.0569895e-17	-1.1472988e-16	7.0358984e-17	-7.3461455e-18	0	-1.8852846e-17
1.910000000006258e-09	4.676882e-09	-6.7896344e-10	0.0007358935	0.02097658	-7.0572807e-17	-1.1469995e-16	7.0340375e-17	-7.360416e-18	0	-1.8852823e-17
1.920000000006137e-09	2.230338e-09	-1.3655131e-10	0.00073589035	0.021018418	-7.057572e-17	-1.1466984e-16	7.0321675e-17	-7.374763e-18	0	-1.8852801e-17
1.930000000006016e-09	3.3986103e-09	-7.586183e-12	0.00073589844	0.021061677	-7.057866e-17	-1.1463954e-16	7.030285e-17	-7.3891895e-18	0	-1.885278e-17
1.940000000005895e-09	2.5489577e-09	4.55171e-11	0.0007359082	0.021105697	-7.058161e-17	-1.1460906e-16	7.028392e-17	-7.4037e-18	0	-1.8852758e-17
1.950000000005774e-09	2.731026e-09	-9.10342e-11	0.00073591503	0.021150546	-7.058457e-17	-1.145784e-16	7.026486e-17	-7.4182955e-18	0	-1.8852733e-17
1.960000000005653e-09	4.3089523e-09	1.2744789e-09	0.0007359326	0.02119778	-7.0587544e-17	-1.1454753e-16	7.024568e-17	-7.432977e-18	0	-1.8852708e-17
1.9700000000055318e-09	4.339297e-09	-6.068947e-11	0.0007359602	0.021246085	-7.059052e-17	-1.1451647e-16	7.0226377e-17	-7.4477514e-18	0	-1.8852684e-17
1.9800000000054108e-09	4.3544692e-09	-4.2482629e-10	0.0007359913	0.021296088	-7.0593526e-17	-1.1448518e-16	7.020695e-17	-7.4626225e-18	0	-1.8852659e-17
1.9900000000052898e-09	3.5199892e-09	-1.820684e-10	0.0007360091	0.02134648	-7.059653e-17	-1.1445369e-16	7.018739e-17	-7.47759e-18	0	-1.8852634e-17
2.0000000000051688e-09	4.430331e-09	5.4620525e-10	0.00073602836	0.021397663	-7.059956e-17	-1.1442198e-16	7.0167673e-17	-7.4926566e-18	0	-1.8852608e-17
2.0100000000050478e-09	4.5820547e-09	-2.4882683e-09	0.0007360381	0.021450968	-7.060261e-17	-1.1439003e-16	7.014783e-17	-7.50783e-18	0	-1.8852583e-17
2.0200000000049267e-09	5.44688e-09	-6.3723943e-10	0.0007360438	0.021506116	-7.0605675e-17	-1.1435783e-16	7.012783e-17	-7.523108e-18	0	-1.8852555e-17
2.0300000000048057e-09	6.5165318e-09	-1.1834447e-09	0.0007360591	0.021560987	-7.060874e-17	-1.143254e-16	7.010768e-17	-7.538499e-18	0	-1.8852528e-17
2.0400000000046847e-09	5.067571e-09	-1.5779262e-09	0.0007360556	0.021618173	-7.0611836e-17	-1.142927e-16	7.008737e-17	-7.554003e-18	0	-1.88525e-17
2.0500000000045637e-09	5.4317075e-09	-3.0344735e-10	0.0007360572	0.021675637	-7.061495e-17	-1.1425977e-16	7.0066896e-17	-7.569623e-18	0	-1.8852469e-17
2.0600000000044427e-09	4.051022e-09	-6.068947e-11	0.000736074	0.021735637	-7.061808e-17	-1.1422655e-16	7.004627e-17	-7.585365e-18	0	-1.885244e-17
2.0700000000043217e-09	3.2317142e-09	-2.184821e-09	0.0007360973	0.021797176	-7.062124e-17	-1.1419305e-16	7.0025464e-17	-7.601233e-18	0	-1.885241e-17
2.0800000000042007e-09	3.474472e-09	-4.703434e-10	0.00073611905	0.021859271	-7.06244e-17	-1.1415928e-16	7.000448e-17	-7.617227e-18	0	-1.885238e-17
2.0900000000040797e-09	6.28136e-09	-1.1834447e-09	0.00073613704	0.021922022	-7.062759e-17	-1.1412522e-16	6.998333e-17	-7.633353e-18	0	-1.8852348e-17
2.1000000000039587e-09	4.931019e-09	1.1682723e-09	0.0007361459	0.021986974	-7.063081e-17	-1.1409085e-16	6.9961977e-17	-7.649616e-18	0	-1.8852318e-17
2.1100000000038377e-09	5.0220534e-09	-1.6993051e-09	0.00073614536	0.022053665	-7.063403e-17	-1.1405618e-16	6.9940444e-17	-7.666017e-18	0	-1.8852285e-17
2.1200000000037166e-09	5.067571e-09	1.2137893e-10	0.0007361577	0.02212199	-7.0637294e-17	-1.1402121e-16	6.991872e-17	-7.682561e-18	0	-1.885225e-17
2.1300000000035956e-09	5.8717062e-09	2.1241313e-09	0.0007361517	0.022191482	-7.064057e-17	-1.1398589e-16	6.98968e-17	-7.699253e-18	0	-1.8852217e-17
2.1400000000034746e-09	6.311705e-09	6.068947e-10	0.00073614606	0.02226112	-7.064388e-17	-1.1395026e-16	6.987465e-17	-7.7160954e-18	0	-1.8852184e-17
2.1500000000033536e-09	4.03585e-09	-5.3103283e-10	0.00073614664	0.022333749	-7.0647206e-17	-1.1391428e-16	6.985231e-17	-7.733092e-18	0	-1.8852146e-17
2.1600000000032326e-09	3.899298e-09	-1.3351683e-09	0.00073616253	0.022407321	-7.0650555e-17	-1.1387795e-16	6.9829754e-17	-7.75025e-18	0	-1.885211e-17
2.1700000000031116e-09	3.3682654e-09	-1.2744789e-09	0.00073618477	0.022482587	-7.065394e-17	-1.1384128e-16	6.980697e-17	-7.7675676e-18	0	-1.8852073e-17
2.1800000000029906e-09	3.550334e-09	-8.1930784e-10	0.00073619257	0.022558294	-7.065734e-17	-1.1380421e-16	6.978396e-17	-7.785056e-18	0	-1.8852037e-17
2.1900000000028696e-09	5.5986034e-09	4.8551574e-10	0.00073620403	0.022636516	-7.066078e-17	-1.1376681e-16	6.976073e-17	-7.8027145e-18	0	-1.8852e-17
2.2000000000027486e-09	4.1268837e-09	-3.641368e-10	0.00073620526	0.022716412	-7.066425e-17	-1.13729e-16	6.973726e-17	-7.820547e-18	0	-1.8851959e-17
2.2100000000026276e-09	6.357222e-09	-6.3723943e-10	0.0007362077	0.02279751	-7.066774e-17	-1.136908e-16	6.971354e-17	-7.8385595e-18	0	-1.8851918e-17
2.2200000000025065e-09	5.8110166e-09	-1.7599946e-09	0.0007362132	0.022879781	-7.067126e-17	-1.1365218e-16	6.968956e-17	-7.8567575e-18	0	-1.8851881e-17
2.2300000000023855e-09	5.5986034e-09	-1.2441341e-09	0.0007361949	0.022963196	-7.067483e-17	-1.1361319e-16	6.966534e-17	-7.875144e-18	0	-1.885184e-17
2.2400000000022645e-09	5.371018e-09	3.0344734e-11	0.0007361719	0.023048993	-7.0678414e-17	-1.1357375e-16	6.9640865e-17	-7.893723e-18	0	-1.8851795e-17
2.2500000000021435e-09	6.0537744e-09	-6.068947e-10	0.0007361601	0.023135923	-7.068204e-17	-1.135339e-16	6.961611e-17	-7.9125e-18	0	-1.8851752e-17
2.2600000000020225e-09	5.3558455e-09	-2.1393038e-09	0.00073615625	0.023224475	-7.068569e-17	-1.134936e-16	6.9591095e-17	-7.931479e-18	0	-1.885171e-17
2.2700000000019015e-09	4.8551576e-09	-3.9448156e-10	0.0007361495	0.02331451	-7.068939e-17	-1.1345285e-16	6.956579e-17	-7.950665e-18	0	-1.8851666e-17
2.2800000000017805e-09	6.1751533e-09	-8.799973e-10	0.0007361227	0.023406548	-7.069312e-17	-1.1341165e-16	6.954021e-17	-7.970063e-18	0	-1.8851622e-17
2.2900000000016595e-09	6.4179115e-09	3.793092e-10	0.00073610427	0.023499994	-7.069688e-17	-1.1336996e-16	6.951434e-17	-7.989674e-18	0	-1.8851574e-17
2.3000000000015385e-09	4.8096402e-09	3.641368e-10	0.00073606725	0.02359545	-7.070069e-17	-1.1332782e-16	6.9488174e-17	-8.009508e-18	0	-1.8851529e-17
2.3100000000014175e-09	6.5089454e-09	-9.786177e-10	0.0007360233	0.023691272	-7.070452e-17	-1.1328516e-16	6.9461704e-17	-8.029567e-18	0	-1.8851481e-17
2.3200000000012965e-09	4.3999866e-09	5.993085e-10	0.0007359657	0.023789246	-7.0708385e-17	-1.1324203e-16	6.943493e-17	-8.0498545e-18	0	-1.8851433e-17
2.3300000000011754e-09	4.9006745e-09	2.5793023e-10	0.0007359044	0.023889711	-7.071232e-17	-1.1319841e-16	6.940785e-17	-8.070376e-18	0	-1.8851385e-17
2.3400000000010544e-09	7.540667e-09	-9.10342e-10	0.0007358347	0.023990849	-7.071629e-17	-1.1315426e-16	6.938043e-17	-8.091138e-18	0	-1.8851334e-17
2.3500000000009334e-09	4.430331e-09	-9.10342e-10	0.00073576946	0.02409299	-7.072031e-17	-1.1310958e-16	6.93527e-17	-8.112144e-18	0	-1.8851286e-17
2.3600000000008124e-09	3.1255076e-09	-9.710315e-10	0.00073570525	0.024197891	-7.072436e-17	-1.1306437e-16	6.932464e-17	-8.1333965e-18	0	-1.8851234e-17
2.3700000000006914e-09	4.2786077e-09	4.8551574e-10	0.00073564774	0.024304835	-7.072844e-17	-1.1301859e-16	6.9296235e-17	-8.1549015e-18	0	-1.885118e-17
2.3800000000005704e-09	4.217918e-09	7.282736e-10	0.0007355749	0.024412785	-7.073257e-17	-1.1297226e-16	6.926749e-17	-8.1766655e-18	0	-1.8851129e-17
2.3900000000004494e-09	4.9006745e-09	-3.9448156e-10	0.00073549786	0.024521505	-7.073677e-17	-1.1292539e-16	6.92384e-17	-8.198692e-18	0	-1.8851074e-17
2.4000000000003284e-09	5.5682587e-09	1.0317209e-09	0.00073540147	0.02463282	-7.074102e-17	-1.1287795e-16	6.920894e-17	-8.220984e-18	0	-1.8851021e-17
2.4100000000002074e-09	4.8855022e-09	9.710315e-10	0.000735285	0.024746507	-7.074528e-17	-1.1282991e-16	6.917914e-17	-8.243548e-18	0	-1.8850968e-17
2.4200000000000864e-09	6.311705e-09	4.2482629e-10	0.00073514646	0.024861116	-7.0749625e-17	-1.1278129e-16	6.9148964e-17	-8.2663864e-18	0	-1.885091e-17
2.4300099999999652e-09	6.0082574e-09	-3.641368e-10	0.00073498633	0.024976756	-7.075401e-17	-1.1273203e-16	6.911838e-17	-8.28953e-18	0	-1.8850857e-17
2.4400099999998442e-09	6.7820483e-09	6.068947e-11	0.0007348109	0.02509499	-7.0758446e-17	-1.1268217e-16	6.9087455e-17	-8.312933e-18	0	-1.88508e-17
2.450009999999723e-09	5.249639e-09	-5.4620525e-10	0.0007346423	0.025215166	-7.0762926e-17	-1.1263172e-16	6.9056154e-17	-8.3366265e-18	0	-1.8850743e-17
2.460009999999602e-09	6.4786008e-09	-1.2137893e-10	0.0007344614	0.025335869	-7.076747e-17	-1.1258064e-16	6.9024463e-17	-8.360613e-18	0	-1.8850685e-17
2.470009999999481e-09	6.766876e-09	-1.2137893e-10	0.00073426415	0.025458606	-7.077207e-17	-1.1252894e-16	6.899237e-17	-8.384896e-18	0	-1.8850626e-17
2.48000999999936e-09	7.4496325e-09	9.10342e-10	0.0007340559	0.025583498	-7.077674e-17	-1.1247657e-16	6.895988e-17	-8.40948e-18	0	-1.8850571e-17
2.490009999999239e-09	5.9323955e-09	-1.0924105e-09	0.0007338377	0.025710057	-7.078143e-17	-1.1242355e-16	6.8926995e-17	-8.4343694e-18	0	-1.8850508e-17
2.500009999999118e-09	5.5530864e-09	-2.1241313e-09	0.00073359214	0.025838008	-7.078621e-17	-1.1236988e-16	6.8893696e-17	-8.459567e-18	0	-1.8850447e-17
2.510009999998997e-09	5.8868785e-09	-1.820684e-09	0.0007333299	0.02596731	-7.079104e-17	-1.1231556e-16	6.885999e-17	-8.485076e-18	0	-1.885039e-17
2.520009999998876e-09	5.902051e-09	-1.6993051e-09	0.0007330501	0.026098635	-7.0795934e-17	-1.1226056e-16	6.882586e-17	-8.510899e-18	0	-1.8850328e-17
2.530009999998755e-09	5.902051e-09	-9.710315e-10	0.0007327445	0.02623208	-7.080088e-17	-1.1220488e-16	6.879131e-17	-8.537042e-18	0	-1.8850267e-17
2.540009999998634e-09	7.980665e-09	9.710315e-10	0.0007324027	0.026366046	-7.0805886e-17	-1.1214851e-16	6.875635e-17	-8.563506e-18	0	-1.8850205e-17
2.550009999998513e-09	6.3420496e-09	0	0.00073203514	0.02650179	-7.081094e-17	-1.1209144e-16	6.8720954e-17	-8.590294e-18	0	-1.8850144e-17
2.560009999998392e-09	7.024806e-09	1.5779262e-09	0.00073163485	0.02664052	-7.0816084e-17	-1.1203371e-16	6.868513e-17	-8.617409e-18	0	-1.8850083e-17
2.570009999998271e-09	5.7654996e-09	1.2137893e-10	0.0007312105	0.026780533	-7.0821265e-17	-1.1197525e-16	6.8648864e-17	-8.644851e-18	0	-1.8850022e-17
2.58000999999815e-09	6.5089454e-09	6.068947e-10	0.0007307598	0.026920522	-7.082654e-17	-1.1191611e-16	6.8612164e-17	-8.672628e-18	0	-1.8849962e-17
2.590009999998029e-09	7.828942e-09	-8.4965257e-10	0.0007302673	0.027063651	-7.083185e-17	-1.1185626e-16	6.857503e-17	-8.700735e-18	0	-1.8849898e-17
2.600009999997908e-09	7.965493e-09	-1.6993051e-09	0.0007297353	0.027208826	-7.0837226e-17	-1.1179568e-16	6.853747e-17	-8.7291774e-18	0	-1.884984e-17
2.610009999997787e-09	6.3420496e-09	-1.2137894e-09	0.0007291644	0.027353937	-7.0842686e-17	-1.117344e-16	6.8499455e-17	-8.757952e-18	0	-1.8849777e-17
2.620009999997666e-09	8.648249e-09	1.2137893e-10	0.000728556	0.027501468	-7.0848205e-17	-1.1167241e-16	6.8460995e-17	-8.7870635e-18	0	-1.8849716e-17
2.630009999997545e-09	8.90618e-09	-2.4275787e-10	0.0007279161	0.027651258	-7.085379e-17	-1.1160972e-16	6.84221e-17	-8.816513e-18	0	-1.8849653e-17
2.640009999997424e-09	5.371018e-09	-2.184821e-09	0.0007272397	0.027801653	-7.085944e-17	-1.115463e-16	6.838276e-17	-8.846296e-18	0	-1.8849595e-17
2.650009999997303e-09	5.826189e-09	-3.2772314e-09	0.0007265074	0.027952287	-7.086515e-17	-1.1148219e-16	6.8342986e-17	-8.876416e-18	0	-1.8849539e-17
2.660009999997182e-09	6.0841194e-09	-2.4275788e-09	0.0007257323	0.028106619	-7.0870936e-17	-1.1141735e-16	6.8302765e-17	-8.906871e-18	0	-1.8849476e-17
2.670009999997061e-09	6.0082574e-09	-9.710315e-10	0.0007249012	0.02826208	-7.087678e-17	-1.1135181e-16	6.826211e-17	-8.937656e-18	0	-1.8849418e-17
2.68000999999694e-09	6.2510153e-09	-1.4565472e-09	0.00072401	0.028417652	-7.088268e-17	-1.1128557e-16	6.822101e-17	-8.968774e-18	0	-1.884936e-17
2.690009999996819e-09	6.9185995e-09	-1.2137894e-09	0.00072305225	0.028575592	-7.088867e-17	-1.1121864e-16	6.8179495e-17	-9.0002205e-18	0	-1.8849302e-17
2.700009999996698e-09	5.3103286e-09	-9.710315e-10	0.00072203233	0.028735733	-7.08947e-17	-1.1115101e-16	6.813754e-17	-9.03199e-18	0	-1.8849248e-17
2.710009999996577e-09	7.495149e-09	-8.4965257e-10	0.00072095235	0.028895594	-7.090082e-17	-1.110827e-16	6.8095156e-17	-9.064082e-18	0	-1.8849191e-17
2.720009999996456e-09	7.662045e-09	-2.5489577e-09	0.0007197924	0.029056417	-7.0907e-17	-1.11013726e-16	6.805236e-17	-9.0964944e-18	0	-1.884914e-17
2.730009999996335e-09	6.5544628e-09	-3.0344736e-09	0.00071855827	0.029220546	-7.091321e-17	-1.1094406e-16	6.8009155e-17	-9.1292136e-18	0	-1.8849085e-17
2.740009999996214e-09	7.768252e-09	-2.5489577e-09	0.0007172585	0.029384958	-7.09195e-17	-1.10873754e-16	6.796553e-17	-9.162242e-18	0	-1.8849036e-17
2.750009999996093e-09	9.194455e-09	-1.0317209e-09	0.00071588357	0.029549459	-7.092587e-17	-1.1080283e-16	6.792151e-17	-9.195571e-18	0	-1.8848988e-17
2.760009999995972e-09	8.299285e-09	-7.282736e-10	0.00071440183	0.029716427	-7.0932266e-17	-1.1073125e-16	6.787711e-17	-9.229193e-18	0	-1.884894e-17
2.770009999995851e-09	6.3268772e-09	-1.3958578e-09	0.0007128309	0.029885156	-7.0938745e-17	-1.1065906e-16	6.783232e-17	-9.263102e-18	0	-1.8848895e-17
2.78000999999573e-09	8.405491e-09	-2.184821e-09	0.00071117596	0.0300538	-7.094526e-17	-1.1058628e-16	6.778716e-17	-9.297286e-18	0	-1.8848852e-17
2.790009999995609e-09	7.3737705e-09	-2.6703366e-09	0.0007094116	0.03022247	-7.0951834e-17	-1.10512925e-16	6.774163e-17	-9.331739e-18	0	-1.8848807e-17
2.800009999995488e-09	9.042731e-09	-3.762747e-09	0.0007075192	0.03039358	-7.095846e-17	-1.1043901e-16	6.7695766e-17	-9.36645e-18	0	-1.8848768e-17
2.810009999995367e-09	7.889631e-09	-2.9130944e-09	0.0007055322	0.030566052	-7.0965135e-17	-1.1036455e-16	6.764955e-17	-9.401408e-18	0	-1.8848731e-17
2.820009999995246e-09	7.631701e-09	-4.55171e-09	0.000703426	0.030738398	-7.097184e-17	-1.1028956e-16	6.760302e-17	-9.4366055e-18	0	-1.8848697e-17
2.830009999995125e-09	8.117216e-09	-5.2192943e-09	0.0007012121	0.030911064	-7.09786e-17	-1.1021409e-16	6.755618e-17	-9.472024e-18	0	-1.8848664e-17
2.840009999995004e-09	9.368937e-09	-4.005505e-09	0.00069886935	0.031085307	-7.098539e-17	-1.1013815e-16	6.750904e-17	-9.5076545e-18	0	-1.884863e-17
2.850009999994883e-09	9.452385e-09	-4.430331e-09	0.0006964094	0.031260394	-7.0992233e-17	-1.1006177e-16	6.746162e-17	-9.543486e-18	0	-1.8848604e-17
2.860009999994762e-09	8.891007e-09	-5.826189e-09	0.0006937957	0.031435248	-7.099911e-17	-1.0998496e-16	6.7413936e-17	-9.579501e-18	0	-1.8848577e-17
2.870009999994641e-09	8.982042e-09	-7.404115e-09	0.0006910501	0.031610887	-7.1006e-17	-1.09907766e-16	6.7366006e-17	-9.615686e-18	0	-1.8848554e-17
2.8800099999945198e-09	9.513074e-09	-6.2510153e-09	0.00068814575	0.031787496	-7.101291e-17	-1.09830196e-16	6.7317844e-17	-9.652023e-18	0	-1.8848534e-17
2.8900099999943988e-09	8.7772145e-09	-6.979289e-09	0.00068507984	0.031964432	-7.101986e-17	-1.097523e-16	6.726947e-17	-9.688505e-18	0	-1.8848518e-17
2.9000099999942778e-09	8.367561e-09	-7.1613573e-09	0.00068187615	0.032141004	-7.1026796e-17	-1.096741e-16	6.7220905e-17	-9.725111e-18	0	-1.8848501e-17
2.9100099999941568e-09	7.874458e-09	-9.528247e-09	0.00067850476	0.032319173	-7.103377e-17	-1.095956e-16	6.7172155e-17	-9.761826e-18	0	-1.884849e-17
2.9200099999940357e-09	9.1641095e-09	-8.739284e-09	0.0006749793	0.032496624	-7.1040746e-17	-1.09516873e-16	6.712323e-17	-9.798637e-18	0	-1.8848477e-17
2.9300099999939147e-09	9.2399715e-09	-8.132389e-09	0.0006712818	0.032673784	-7.104771e-17	-1.09437894e-16	6.707418e-17	-9.835525e-18	0	-1.8848468e-17
2.9400099999937937e-09	8.769629e-09	-9.10342e-09	0.00066742685	0.03285106	-7.105469e-17	-1.0935874e-16	6.7024996e-17	-9.8724775e-18	0	-1.8848465e-17
2.9500099999936727e-09	1.0135142e-08	-9.2248e-09	0.0006634176	0.033029426	-7.1061664e-17	-1.09279426e-16	6.697571e-17	-9.909476e-18	0	-1.8848458e-17
2.9600099999935517e-09	1.0138934e-08	-1.00744515e-08	0.00065922795	0.03320744	-7.106861e-17	-1.09199964e-16	6.692632e-17	-9.946513e-18	0	-1.8848457e-17
2.9700099999934307e-09	8.7089385e-09	-1.09847935e-08	0.0006548913	0.03338529	-7.107556e-17	-1.0912038e-16	6.687685e-17	-9.983573e-18	0	-1.8848455e-17
2.9800099999933097e-09	9.406867e-09	-1.0499278e-08	0.0006503822	0.033561792	-7.1082476e-17	-1.09040695e-16	6.682731e-17	-1.0020642e-17	0	-1.8848455e-17
2.9900099999931887e-09	7.1992883e-09	-1.2016515e-08	0.0006457233	0.03373979	-7.1089384e-17	-1.0896094e-16	6.677772e-17	-1.0057714e-17	0	-1.8848453e-17
3.0000099999930677e-09	8.496525e-09	-1.2684099e-08	0.0006409179	0.033916447	-7.109625e-17	-1.0888111e-16	6.672808e-17	-1.0094774e-17	0	-1.8848453e-17
3.0100099999929467e-09	9.679971e-09	-1.4990299e-08	0.0006359613	0.03409312	-7.1103095e-17	-1.0880122e-16	6.6678394e-17	-1.013182e-17	0	-1.884845e-17
3.0200099999928257e-09	8.496525e-09	-1.4686852e-08	0.0006308532	0.034268495	-7.110992e-17	-1.087213e-16	6.662868e-17	-1.0168846e-17	0	-1.8848448e-17
3.0300099999927046e-09	7.8156654e-09	-1.4565472e-08	0.0006256168	0.034444366	-7.111671e-17	-1.0864134e-16	6.657892e-17	-1.0205846e-17	0	-1.8848445e-17
3.0400099999925836e-09	8.310664e-09	-1.4322715e-08	0.0006202651	0.03461963	-7.112345e-17	-1.08561334e-16	6.652915e-17	-1.0242822e-17	0	-1.8848439e-17
3.0500099999924626e-09	9.101524e-09	-1.480823e-08	0.00061479595	0.03479416	-7.113016e-17	-1.0848128e-16	6.647933e-17	-1.0279776e-17	0	-1.884843e-17
3.0600099999923416e-09	8.716525e-09	-1.7053742e-08	0.0006092339	0.034968063	-7.113684e-17	-1.0840118e-16	6.642948e-17	-1.031671e-17	0	-1.8848417e-17
3.0700099999922206e-09	8.972559e-09	-1.723581e-08	0.00060357095	0.035141163	-7.114348e-17	-1.0832102e-16	6.637957e-17	-1.03536295e-17	0	-1.8848404e-17
3.0800099999920996e-09	8.579974e-09	-1.6628915e-08	0.0005978631	0.035313636	-7.115009e-17	-1.0824078e-16	6.6329615e-17	-1.0390548e-17	0	-1.8848382e-17
3.0900099999919786e-09	9.7710044e-09	-1.7599946e-08	0.0005920765	0.035486102	-7.115667e-17	-1.0816042e-16	6.627958e-17	-1.0427473e-17	0	-1.8848359e-17
3.1000099999918576e-09	9.429626e-09	-1.8328219e-08	0.00058624364	0.03565874	-7.116322e-17	-1.0807993e-16	6.622945e-17	-1.0464424e-17	0	-1.8848326e-17
3.1100099999917366e-09	8.306871e-09	-1.8935115e-08	0.0005803741	0.035830643	-7.116975e-17	-1.07999255e-16	6.617923e-17	-1.0501416e-17	0	-1.8848291e-17
3.1200099999916156e-09	7.631701e-09	-1.9177872e-08	0.0005744779	0.036001388	-7.117626e-17	-1.07918397e-16	6.612885e-17	-1.0538468e-17	0	-1.8848245e-17
3.1300099999914945e-09	6.7137726e-09	-1.8328219e-08	0.0005685943	0.03617197	-7.118275e-17	-1.07837267e-16	6.6078324e-17	-1.0575606e-17	0	-1.8848197e-17
3.1400099999913735e-09	7.798596e-09	-1.8692356e-08	0.00056272186	0.036341965	-7.1189235e-17	-1.07755846e-16	6.60276e-17	-1.0612851e-17	0	-1.8848139e-17
3.1500099999912525e-09	8.223423e-09	-1.9906146e-08	0.00055689324	0.036511697	-7.1195693e-17	-1.0767406e-16	6.597667e-17	-1.0650235e-17	0	-1.8848071e-17
3.1600099999911315e-09	7.707563e-09	-2.0270283e-08	0.0005511076	0.03668113	-7.120219e-17	-1.07591885e-16	6.5925474e-17	-1.0687781e-17	0	-1.8847998e-17
3.1700099999910105e-09	9.209627e-09	-1.942063e-08	0.00054536975	0.036849912	-7.120869e-17	-1.07509233e-16	6.5873984e-17	-1.0725524e-17	0	-1.8847916e-17
3.1800099999908895e-09	8.2537674e-09	-1.84496e-08	0.00053969544	0.037018765	-7.12152e-17	-1.0742605e-16	6.582217e-17	-1.0763494e-17	0	-1.8847826e-17
3.1900099999907685e-09	9.497902e-09	-2.0270283e-08	0.00053410145	0.037187826	-7.1221746e-17	-1.0734229e-16	6.576999e-17	-1.0801726e-17	0	-1.8847727e-17
3.2000099999906475e-09	8.891007e-09	-2.1362693e-08	0.00052858575	0.03735642	-7.122835e-17	-1.0725787e-16	6.5717395e-17	-1.0840252e-17	0	-1.8847621e-17
3.2100099999905265e-09	8.23101e-09	-2.0634419e-08	0.0005231636	0.037525162	-7.123498e-17	-1.0717273e-16	6.566437e-17	-1.087911e-17	0	-1.8847504e-17
3.2200099999904055e-09	7.1310127e-09	-1.9784768e-08	0.00051784335	0.037693426	-7.1241685e-17	-1.0708679e-16	6.5610835e-17	-1.091833e-17	0	-1.8847381e-17
3.2300099999902844e-09	7.495149e-09	-2.0148903e-08	0.00051263935	0.037862167	-7.1248434e-17	-1.06999994e-16	6.5556763e-17	-1.0957954e-17	0	-1.8847252e-17
3.2400099999901634e-09	8.041354e-09	-1.84496e-08	0.0005075516	0.03803012	-7.125527e-17	-1.0691226e-16	6.550212e-17	-1.0998013e-17	0	-1.8847115e-17
3.2500099999900424e-09	8.026182e-09	-1.9177872e-08	0.0005025833	0.038198456	-7.126218e-17	-1.0682355e-16	6.5446874e-17	-1.1038541e-17	0	-1.8846971e-17
3.2600099999899214e-09	7.2068747e-09	-1.7842703e-08	0.0004977595	0.038367815	-7.1269193e-17	-1.06733735e-16	6.539095e-17	-1.107958e-17	0	-1.8846822e-17
3.2700099999898004e-09	7.919976e-09	-1.820684e-08	0.00049305835	0.03853726	-7.127631e-17	-1.0664281e-16	6.533432e-17	-1.1121157e-17	0	-1.8846665e-17
3.2800099999896794e-09	6.7820483e-09	-1.6507535e-08	0.0004884717	0.03870792	-7.128353e-17	-1.06550677e-16	6.527696e-17	-1.1163307e-17	0	-1.8846503e-17
3.2900099999895584e-09	7.0854953e-09	-1.711443e-08	0.00048401623	0.038878594	-7.129088e-17	-1.0645727e-16	6.5218804e-17	-1.1206065e-17	0	-1.8846339e-17
3.3000099999894374e-09	6.736531e-09	-1.7478568e-08	0.0004796842	0.03904921	-7.1298337e-17	-1.0636255e-16	6.515984e-17	-1.12494595e-17	0	-1.8846167e-17
3.3100099999893164e-09	7.479977e-09	-1.7478568e-08	0.00047547772	0.0392199	-7.1305933e-17	-1.0626644e-16	6.510001e-17	-1.129352e-17	0	-1.8845992e-17
3.3200099999891954e-09	7.222047e-09	-1.480823e-08	0.00047139416	0.039392203	-7.131369e-17	-1.0616888e-16	6.503928e-17	-1.1338279e-17	0	-1.8845811e-17
3.3300099999890744e-09	7.191702e-09	-1.5293747e-08	0.0004674568	0.039564703	-7.1321584e-17	-1.06069827e-16	6.497763e-17	-1.1383757e-17	0	-1.8845631e-17
3.3400099999889533e-09	6.159981e-09	-1.371582e-08	0.0004636499	0.03973834	-7.132964e-17	-1.0596922e-16	6.491502e-17	-1.1429987e-17	0	-1.8845446e-17
3.3500099999888323e-09	7.313081e-09	-1.5415125e-08	0.00045995275	0.03991232	-7.1337836e-17	-1.05867015e-16	6.4851417e-17	-1.1476985e-17	0	-1.8845256e-17
3.3600099999887113e-09	8.147561e-09	-1.365513e-08	0.00045637912	0.04008727	-7.134623e-17	-1.05763174e-16	6.4786804e-17	-1.1524775e-17	0	-1.8845069e-17
3.3700099999885903e-09	8.329629e-09	-1.12882415e-08	0.00045291884	0.040262308	-7.135478e-17	-1.05657646e-16	6.472113e-17	-1.1573381e-17	0	-1.8844878e-17
3.3800099999884693e-09	7.8592866e-09	-1.0802726e-08	0.00044957665	0.04043864	-7.136349e-17	-1.055504e-16	6.465441e-17	-1.1622818e-17	0	-1.8844686e-17
3.3900099999883483e-09	7.024806e-09	-1.0924104e-08	0.00044634932	0.040615305	-7.1372406e-17	-1.05441414e-16	6.45866e-17	-1.1673102e-17	0	-1.8844496e-17
3.4000099999882273e-09	7.555839e-09	-1.12882415e-08	0.00044324104	0.040794	-7.13815e-17	-1.05330625e-16	6.451768e-17	-1.1724246e-17	0	-1.8844308e-17
3.4100099999881063e-09	6.691014e-09	-1.0377899e-08	0.00044025222	0.04097223	-7.1390776e-17	-1.0521804e-16	6.4447647e-17	-1.1776264e-17	0	-1.8844116e-17
3.4200099999879853e-09	5.8110166e-09	-1.0924104e-08	0.00043735537	0.041151516	-7.1400245e-17	-1.0510364e-16	6.437648e-17	-1.1829163e-17	0	-1.8843927e-17
3.4300099999878643e-09	7.1613573e-09	-1.18951355e-08	0.00043457278	0.041331004	-7.14099e-17	-1.0498739e-16	6.430419e-17	-1.188295e-17	0	-1.884374e-17
3.4400099999877432e-09	5.780672e-09	-1.31089255e-08	0.00043190873	0.041512027	-7.141976e-17	-1.04869316e-16	6.4230733e-17	-1.1937628e-17	0	-1.8843553e-17
3.4500099999876222e-09	5.7654996e-09	-1.1045484e-08	0.00042935117	0.041694593	-7.1429805e-17	-1.0474938e-16	6.4156155e-17	-1.19932e-17	0	-1.884337e-17
3.4600099999875012e-09	6.9185995e-09	-9.953073e-09	0.00042691643	0.041876953	-7.144005e-17	-1.0462762e-16	6.4080425e-17	-1.20496616e-17	0	-1.884319e-17
3.4700099999873802e-09	6.569635e-09	-1.025652e-08	0.0004245879	0.042059697	-7.1450485e-17	-1.0450402e-16	6.4003556e-17	-1.2107013e-17	0	-1.8843014e-17
3.480009999987259e-09	5.993085e-09	-1.1773757e-08	0.00042237638	0.04224317	-7.146109e-17	-1.043786e-16	6.392557e-17	-1.216524e-17	0	-1.8842839e-17
3.490009999987138e-09	5.7958442e-09	-1.40192675e-08	0.0004202867	0.042427514	-7.147191e-17	-1.04251386e-16	6.384647e-17	-1.222433e-17	0	-1.8842673e-17
3.500009999987017e-09	7.2960122e-09	-1.3078581e-08	0.00041834428	0.042613484	-7.148291e-17	-1.041224e-16	6.376628e-17	-1.22842715e-17	0	-1.884251e-17
3.510009999986896e-09	7.479977e-09	-1.25020305e-08	0.00041655285	0.0427988	-7.149408e-17	-1.0399171e-16	6.3685026e-17	-1.2345043e-17	0	-1.8842352e-17
3.520009999986775e-09	6.524118e-09	-1.2016515e-08	0.00041489044	0.04298482	-7.150544e-17	-1.03859355e-16	6.360273e-17	-1.2406616e-17	0	-1.8842202e-17
3.530009999986654e-09	4.745158e-09	-9.1641095e-09	0.00041337684	0.043171074	-7.1516964e-17	-1.0372539e-16	6.351945e-17	-1.2468968e-17	0	-1.884206e-17
3.540009999986533e-09	6.8427375e-09	-9.74066e-09	0.000412031	0.043358956	-7.152866e-17	-1.0358987e-16	6.3435204e-17	-1.2532052e-17	0	-1.8841924e-17
3.550009999986412e-09	6.7820483e-09	-1.0499278e-08	0.00041088057	0.04354695	-7.1540476e-17	-1.0345291e-16	6.3350064e-17	-1.259584e-17	0	-1.8841801e-17
3.560009999986291e-09	5.763603e-09	-1.2016515e-08	0.00040993502	0.04373407	-7.155245e-17	-1.0331456e-16	6.326408e-17	-1.2660281e-17	0	-1.8841684e-17
3.57000999998617e-09	4.3241246e-09	-1.1834446e-08	0.00040919863	0.04392166	-7.1564556e-17	-1.03174966e-16	6.317731e-17	-1.272532e-17	0	-1.884158e-17
3.580009999986049e-09	6.4634285e-09	-1.1921688e-08	0.0004087137	0.04410987	-7.1576766e-17	-1.03034206e-16	6.308982e-17	-1.2790899e-17	0	-1.8841487e-17
3.590009999985928e-09	5.5986034e-09	-1.12882415e-08	0.00040845372	0.044298034	-7.1589094e-17	-1.02892454e-16	6.300171e-17	-1.2856952e-17	0	-1.8841409e-17
3.600009999985807e-09	5.583431e-09	-1.077238e-08	0.0004084576	0.044485725	-7.1601495e-17	-1.0274981e-16	6.291307e-17	-1.2923404e-17	0	-1.8841346e-17
3.610009999985686e-09	6.4179115e-09	-9.554798e-09	0.00040877756	0.044675678	-7.161395e-17	-1.0260645e-16	6.282397e-17	-1.299018e-17	0	-1.8841297e-17
3.620009999985565e-09	5.4923968e-09	-1.0514451e-08	0.00040938615	0.044877697	-7.1626456e-17	-1.02462545e-16	6.273455e-17	-1.3057194e-17	0	-1.8841264e-17
3.630009999985444e-09	4.3999866e-09	-1.2077204e-08	0.0004103005	0.045095775	-7.163897e-17	-1.0231827e-16	6.264489e-17	-1.31243446e-17	0	-1.8841247e-17
3.640009999985323e-09	5.1586047e-09	-1.099238e-08	0.00041155616	0.04533148	-7.1651477e-17	-1.0217381e-16	6.255514e-17	-1.3191545e-17	0	-1.8841252e-17
3.650009999985202e-09	5.3273976e-09	-1.0104797e-08	0.00041315364	0.045580994	-7.166394e-17	-1.0202936e-16	6.2465384e-17	-1.3258688e-17	0	-1.8841272e-17
3.660009999985081e-09	6.0537744e-09	-1.0408244e-08	0.00041510214	0.045842286	-7.167634e-17	-1.0188513e-16	6.2375784e-17	-1.3325669e-17	0	-1.8841315e-17
3.67000999998496e-09	6.1448087e-09	-9.558591e-09	0.0004174024	0.04611438	-7.1688653e-17	-1.0174135e-16	6.228645e-17	-1.3392381e-17	0	-1.8841373e-17
3.680009999984839e-09	5.5530864e-09	-1.1773757e-08	0.00042002453	0.046392087	-7.1700856e-17	-1.0159818e-16	6.2197504e-17	-1.3458725e-17	0	-1.884145e-17
3.690009999984718e-09	4.172401e-09	-1.147031e-08	0.00042295377	0.046676047	-7.1712906e-17	-1.0145584e-16	6.210908e-17	-1.35245966e-17	0	-1.8841546e-17
3.700009999984597e-09	4.005505e-09	-1.1773757e-08	0.00042615295	0.04696664	-7.172479e-17	-1.01314524e-16	6.202129e-17	-1.35899025e-17	0	-1.8841657e-17
3.710009999984476e-09	3.0041287e-09	-1.140962e-08	0.00042957184	0.047261972	-7.173649e-17	-1.01174386e-16	6.193424e-17	-1.3654561e-17	0	-1.884178e-17
3.720009999984355e-09	2.0786144e-09	-1.147031e-08	0.00043314486	0.04755883	-7.174797e-17	-1.0103559e-16	6.1848016e-17	-1.37184935e-17	0	-1.8841917e-17
3.730009999984234e-09	1.2137894e-09	-1.21985835e-08	0.00043680274	0.047859702	-7.175925e-17	-1.0089823e-16	6.1762704e-17	-1.3781645e-17	0	-1.8842063e-17
3.740009999984113e-09	2.1393038e-09	-1.1955826e-08	0.00044047725	0.048162606	-7.177026e-17	-1.00762444e-16	6.1678365e-17	-1.384397e-17	0	-1.884221e-17
3.750009999983992e-09	2.2151656e-09	-1.1713068e-08	0.00044408863	0.04846689	-7.1781066e-17	-1.0062828e-16	6.159503e-17	-1.3905445e-17	0	-1.8842357e-17
3.760009999983871e-09	2.4124065e-09	-1.1773757e-08	0.00044753033	0.04877	-7.179162e-17	-1.00495794e-16	6.151273e-17	-1.3966056e-17	0	-1.8842503e-17
3.77000999998375e-09	1.2593064e-09	-1.2137894e-08	0.00045072116	0.04907439	-7.180196e-17	-1.0036497e-16	6.1431475e-17	-1.4025817e-17	0	-1.8842645e-17
3.780009999983629e-09	1.4110302e-09	-1.2016515e-08	0.00045357805	0.049378235	-7.181205e-17	-1.00235775e-16	6.135124e-17	-1.4084742e-17	0	-1.8842776e-17
3.790009999983508e-09	1.5020644e-09	-1.1530999e-08	0.00045606607	0.049681388	-7.182197e-17	-1.00108204e-16	6.1272e-17	-1.4142864e-17	0	-1.8842895e-17
3.800009999983387e-09	1.1474103e-09	-1.06813465e-08	0.00045812636	0.04998191	-7.183169e-17	-9.9982154e-17	6.119371e-17	-1.4200238e-17	0	-1.8843002e-17
3.810009999983266e-09	1.7599946e-09	-1.140962e-08	0.00045972175	0.050281603	-7.184123e-17	-9.985754e-17	6.111632e-17	-1.425691e-17	0	-1.8843097e-17
3.820009999983145e-09	2.6551643e-09	-1.262341e-08	0.00046084778	0.050580725	-7.1850635e-17	-9.9734305e-17	6.103977e-17	-1.4312936e-17	0	-1.8843178e-17
3.830009999983024e-09	2.8068878e-09	-1.4079957e-08	0.0004615098	0.05087581	-7.185993e-17	-9.961228e-17	6.096398e-17	-1.436838e-17	0	-1.8843242e-17
3.840009999982903e-09	1.608271e-09	-1.1773757e-08	0.00046171068	0.051169258	-7.18691e-17	-9.94914e-17	6.08889e-17	-1.4423302e-17	0	-1.8843298e-17
3.850009999982782e-09	-6.3723943e-10	-1.1652378e-08	0.00046148224	0.051462825	-7.187819e-17	-9.937152e-17	6.081444e-17	-1.4477762e-17	0	-1.8843341e-17
3.860009999982661e-09	2.275855e-10	-1.1652378e-08	0.00046088846	0.051753692	-7.18872e-17	-9.925256e-17	6.074055e-17	-1.4531808e-17	0	-1.8843376e-17
3.87000999998254e-09	1.0165486e-09	-1.1652378e-08	0.00045992518	0.052041724	-7.189614e-17	-9.91344e-17	6.066716e-17	-1.4585504e-17	0	-1.8843401e-17
3.880009999982419e-09	4.0965392e-10	-1.140962e-08	0.00045867256	0.052330174	-7.1905064e-17	-9.901694e-17	6.05942e-17	-1.4638893e-17	0	-1.8843416e-17
3.890009999982298e-09	8.799973e-10	-9.831694e-09	0.0004571546	0.05261521	-7.191391e-17	-9.890008e-17	6.052161e-17	-1.469202e-17	0	-1.8843427e-17
3.900009999982177e-09	6.524118e-10	-1.2380652e-08	0.00045535673	0.052897725	-7.192277e-17	-9.8783775e-17	6.0449367e-17	-1.4744925e-17	0	-1.8843432e-17
3.910009999982056e-09	2.1696485e-09	-1.2866168e-08	0.00045333817	0.053179692	-7.193158e-17	-9.8667903e-17	6.0377395e-17	-1.479764e-17	0	-1.884343e-17
3.920009999981935e-09	1.4110302e-09	-1.3351683e-08	0.0004511353	0.053459167	-7.194039e-17	-9.855243e-17	6.0305655e-17	-1.48502e-17	0	-1.8843424e-17
3.930009999981814e-09	8.041355e-10	-1.18951355e-08	0.0004487456	0.053736042	-7.1949195e-17	-9.8437285e-17	6.023413e-17	-1.490263e-17	0	-1.8843414e-17
3.940009999981693e-09	1.4565472e-09	-9.346178e-09	0.00044616434	0.054011676	-7.195798e-17	-9.832241e-17	6.016278e-17	-1.495494e-17	0	-1.8843401e-17
3.950009999981572e-09	1.1682723e-09	-1.0438589e-08	0.0004434547	0.05428562	-7.196678e-17	-9.820782e-17	6.009158e-17	-1.5007159e-17	0	-1.8843384e-17
3.960009999981451e-09	2.731026e-09	-1.262341e-08	0.00044060772	0.054558825	-7.197556e-17	-9.809342e-17	6.002053e-17	-1.505929e-17	0	-1.8843363e-17
3.97000999998133e-09	2.0937867e-09	-1.262341e-08	0.0004375894	0.054828938	-7.198433e-17	-9.797925e-17	5.9949604e-17	-1.5111336e-17	0	-1.8843341e-17
3.980009999981209e-09	8.4965257e-10	-9.346178e-09	0.0004344066	0.055098265	-7.1993115e-17	-9.786528e-17	5.98788e-17	-1.5163304e-17	0	-1.884332e-17
3.990009999981088e-09	-2.5793023e-10	-9.953073e-09	0.00043108192	0.055367768	-7.200188e-17	-9.775151e-17	5.980812e-17	-1.5215183e-17	0	-1.8843298e-17
4.000009999980967e-09	2.3213722e-09	-1.025652e-08	0.00042759784	0.055634294	-7.201062e-17	-9.763797e-17	5.9737594e-17	-1.5266963e-17	0	-1.8843275e-17
4.010009999980846e-09	3.4365413e-09	-1.0377899e-08	0.00042393827	0.055902064	-7.2019373e-17	-9.75247e-17	5.966722e-17	-1.5318629e-17	0	-1.8843259e-17
4.020009999980725e-09	1.5475815e-09	-1.256272e-08	0.00042007613	0.05616963	-7.202808e-17	-9.74117e-17	5.959702e-17	-1.5370156e-17	0	-1.8843247e-17
4.030009999980604e-09	9.710315e-10	-1.262341e-08	0.00041600192	0.05643458	-7.203677e-17	-9.729907e-17	5.9527054e-17	-1.5421515e-17	0	-1.8843239e-17
4.040009999980483e-09	5.7655e-10	-1.3017891e-08	0.0004117205	0.05669953	-7.2045406e-17	-9.7186846e-17	5.945734e-17	-1.5472665e-17	0	-1.8843239e-17
4.050009999980362e-09	3.7172299e-10	-1.3533752e-08	0.0004072233	0.05696303	-7.205401e-17	-9.7075144e-17	5.938795e-17	-1.5523561e-17	0	-1.8843249e-17
4.060009999980241e-09	1.1682723e-09	-1.3230304e-08	0.00040248164	0.05722506	-7.2062526e-17	-9.696405e-17	5.9318935e-17	-1.5574145e-17	0	-1.8843267e-17
4.07000999998012e-09	2.9130944e-09	-1.5263401e-08	0.00039749805	0.057485852	-7.207097e-17	-9.68537e-17	5.9250385e-17	-1.5624355e-17	0	-1.8843302e-17
4.080009999979999e-09	3.3796448e-09	-1.5415125e-08	0.0003922154	0.057743315	-7.2079314e-17	-9.674421e-17	5.9182384e-17	-1.567412e-17	0	-1.8843353e-17
4.090009999979878e-09	1.0013762e-09	-1.4049612e-08	0.00038668525	0.05800069	-7.2087526e-17	-9.663578e-17	5.9115025e-17	-1.5723347e-17	0	-1.8843423e-17
4.100009999979757e-09	4.8930887e-10	-1.4125474e-08	0.00038085433	0.058253676	-7.20956e-17	-9.652857e-17	5.904843e-17	-1.5771947e-17	0	-1.8843513e-17
4.110009999979636e-09	1.6689604e-10	-1.4717196e-08	0.00037476292	0.058502596	-7.2103514e-17	-9.642279e-17	5.8982716e-17	-1.5819818e-17	0	-1.8843626e-17
4.1200099999795146e-09	3.5655063e-09	-1.3124097e-08	0.00036840813	0.058750227	-7.211122e-17	-9.631864e-17	5.891803e-17	-1.5866845e-17	0	-1.8843765e-17
4.1300099999793936e-09	4.540331e-09	-1.3268235e-08	0.00036178547	0.058992427	-7.21187e-17	-9.6216385e-17	5.88545e-17	-1.5912909e-17	0	-1.8843932e-17
4.1400099999792726e-09	4.5005035e-09	-1.2805478e-08	0.00035489502	0.059230126	-7.212595e-17	-9.6116237e-17	5.87923e-17	-1.595789e-17	0	-1.8844129e-17
4.1500099999791516e-09	2.9661977e-09	-1.3345994e-08	0.0003477537	0.05946346	-7.21329e-17	-9.601847e-17	5.873157e-17	-1.6001653e-17	0	-1.8844357e-17
4.1600099999790305e-09	3.428955e-09	-1.2987546e-08	0.00034040335	0.05969152	-7.213956e-17	-9.592333e-17	5.867248e-17	-1.6044083e-17	0	-1.8844615e-17
4.1700099999789095e-09	4.673089e-09	-1.18951355e-08	0.000332953	0.05991586	-7.2145866e-17	-9.583107e-17	5.861517e-17	-1.6085055e-17	0	-1.8844903e-17
4.1800099999787885e-09	4.3544692e-09	-1.2775133e-08	0.0003254111	0.060132552	-7.2151795e-17	-9.5741934e-17	5.855981e-17	-1.6124447e-17	0	-1.884522e-17
4.1900099999786675e-09	3.8955053e-09	-1.1697895e-08	0.0003179258	0.0603415	-7.2157374e-17	-9.565615e-17	5.850651e-17	-1.6162174e-17	0	-1.8845563e-17
4.2000099999785465e-09	3.842402e-09	-1.1455137e-08	0.00031054157	0.06054588	-7.216253e-17	-9.557389e-17	5.8455425e-17	-1.6198144e-17	0	-1.8845926e-17
4.2100099999784255e-09	4.138263e-09	-1.083307e-08	0.00030340342	0.060741127	-7.2167306e-17	-9.549531e-17	5.8406614e-17	-1.6232298e-17	0	-1.8846304e-17
4.2200099999783045e-09	1.9117183e-09	-1.0559968e-08	0.00029661518	0.060926452	-7.2171674e-17	-9.5420564e-17	5.836018e-17	-1.6264601e-17	0	-1.8846692e-17
4.2300099999781835e-09	1.98758e-09	-1.02261755e-08	0.00029031682	0.06110498	-7.217563e-17	-9.534969e-17	5.831616e-17	-1.6295028e-17	0	-1.8847079e-17
4.2400099999780625e-09	3.224128e-10	-9.74066e-09	0.00028456637	0.061274648	-7.217922e-17	-9.5282736e-17	5.827457e-17	-1.6323604e-17	0	-1.884746e-17
4.2500099999779415e-09	1.5096505e-09	-9.2248e-09	0.00027944127	0.06143501	-7.218247e-17	-9.5219685e-17	5.82354e-17	-1.6350353e-17	0	-1.884783e-17
4.2600099999778205e-09	2.1430968e-09	-8.739284e-09	0.00027501665	0.061586622	-7.218536e-17	-9.516048e-17	5.819862e-17	-1.6375329e-17	0	-1.8848179e-17
4.2700099999776994e-09	1.4262025e-09	-7.43446e-09	0.00027129892	0.061729494	-7.218796e-17	-9.5105025e-17	5.816418e-17	-1.6398601e-17	0	-1.8848503e-17
4.2800099999775784e-09	-3.9068845e-10	-7.586183e-09	0.00026824867	0.061863225	-7.219027e-17	-9.5053184e-17	5.813198e-17	-1.642026e-17	0	-1.8848802e-17
4.2900099999774574e-09	7.889631e-10	-2.9130944e-09	0.00026589574	0.061988294	-7.219234e-17	-9.50048e-17	5.810192e-17	-1.6440395e-17	0	-1.8849074e-17
4.300009999977336e-09	4.8551574e-10	7.889631e-10	0.00026420795	0.062105887	-7.219421e-17	-9.495969e-17	5.807389e-17	-1.645911e-17	0	-1.8849312e-17
4.310009999977215e-09	2.017925e-09	-1.7599946e-09	0.0002630682	0.062216613	-7.219591e-17	-9.4917645e-17	5.8047777e-17	-1.6476508e-17	0	-1.8849527e-17
4.320009999977094e-09	6.8275656e-11	-2.0634419e-09	0.00026239431	0.062320434	-7.219743e-17	-9.487845e-17	5.8023424e-17	-1.6492691e-17	0	-1.8849712e-17
4.330009999976973e-09	-1.0468933e-09	-1.820684e-09	0.00026211224	0.06241797	-7.219881e-17	-9.48419e-17	5.8000727e-17	-1.6507762e-17	0	-1.8849878e-17
4.340009999976852e-09	-1.2137893e-10	-6.068947e-10	0.00026216492	0.06250915	-7.220011e-17	-9.480778e-17	5.7979524e-17	-1.6521823e-17	0	-1.8850022e-17
4.350009999976731e-09	-2.88275e-10	1.2744789e-09	0.00026249167	0.062595546	-7.22013e-17	-9.477588e-17	5.795969e-17	-1.6534965e-17	0	-1.8850144e-17
4.36000999997661e-09	-8.344802e-11	-3.641368e-10	0.00026302453	0.06267723	-7.2202385e-17	-9.474595e-17	5.79411e-17	-1.6547278e-17	0	-1.8850255e-17
4.370009999976489e-09	3.0344735e-10	-1.3958578e-09	0.00026370655	0.062754385	-7.2203424e-17	-9.471785e-17	5.792363e-17	-1.655885e-17	0	-1.8850351e-17
4.380009999976368e-09	1.2062032e-09	-4.8551574e-10	0.0002645182	0.06282756	-7.22044e-17	-9.469136e-17	5.7907176e-17	-1.6569753e-17	0	-1.8850439e-17
4.390009999976247e-09	4.55171e-10	2.0634419e-09	0.0002653664	0.062897034	-7.22053e-17	-9.466633e-17	5.789161e-17	-1.6580066e-17	0	-1.8850515e-17
4.400009999976126e-09	1.9344768e-09	2.5489577e-09	0.00026626777	0.062963225	-7.220615e-17	-9.464256e-17	5.7876835e-17	-1.6589845e-17	0	-1.8850583e-17
4.410009999976005e-09	9.710315e-10	1.1531e-09	0.00026720893	0.063026756	-7.2206965e-17	-9.461995e-17	5.7862786e-17	-1.6599154e-17	0	-1.8850644e-17
4.420009999975884e-09	4.2482629e-10	1.2744789e-09	0.0002681995	0.063087575	-7.2207746e-17	-9.459835e-17	5.7849366e-17	-1.6608045e-17	0	-1.8850697e-17
4.430009999975763e-09	2.5186129e-09	9.710315e-10	0.0002691862	0.06314593	-7.2208473e-17	-9.457766e-17	5.78365e-17	-1.6616566e-17	0	-1.8850745e-17
4.440009999975642e-09	2.275855e-09	9.10342e-10	0.00027019533	0.06320182	-7.220917e-17	-9.4557775e-17	5.782415e-17	-1.6624755e-17	0	-1.8850788e-17
4.450009999975521e-09	2.5489577e-09	1.0924105e-09	0.00027124674	0.063255444	-7.220984e-17	-9.4538605e-17	5.781223e-17	-1.663265e-17	0	-1.8850824e-17
4.4600099999754e-09	2.184821e-09	-8.4965257e-10	0.00027228598	0.06330702	-7.221048e-17	-9.452007e-17	5.7800714e-17	-1.6640282e-17	0	-1.8850857e-17
4.470009999975279e-09	3.9524015e-09	-1.820684e-09	0.00027332836	0.06335678	-7.221112e-17	-9.45021e-17	5.7789544e-17	-1.6647678e-17	0	-1.8850887e-17
4.480009999975158e-09	3.0648182e-09	-9.710315e-10	0.00027445017	0.063404955	-7.221171e-17	-9.4484626e-17	5.77787e-17	-1.6654868e-17	0	-1.8850912e-17
4.490009999975037e-09	2.5944749e-09	8.4965257e-10	0.0002756159	0.06345154	-7.2212285e-17	-9.446762e-17	5.7768143e-17	-1.666187e-17	0	-1.8850935e-17
4.500009999974916e-09	3.1482663e-09	1.2137894e-09	0.00027679204	0.06349693	-7.221284e-17	-9.445101e-17	5.775783e-17	-1.6668705e-17	0	-1.8850955e-17
4.510009999974795e-09	2.7537848e-09	1.8813735e-09	0.00027801044	0.06354112	-7.2213403e-17	-9.443478e-17	5.774774e-17	-1.6675392e-17	0	-1.8850973e-17
4.520009999974674e-09	2.5186129e-09	2.2455104e-09	0.00027922302	0.063584425	-7.221392e-17	-9.441886e-17	5.7737875e-17	-1.6681937e-17	0	-1.885099e-17
4.530009999974553e-09	3.5427477e-09	-3.0344734e-11	0.00028038485	0.06362683	-7.2214436e-17	-9.4403265e-17	5.772819e-17	-1.6688356e-17	0	-1.8851004e-17
4.540009999974432e-09	3.6944714e-09	-6.068947e-11	0.00028154792	0.063668475	-7.2214926e-17	-9.438792e-17	5.771868e-17	-1.6694667e-17	0	-1.8851016e-17
4.550009999974311e-09	4.339297e-09	-7.586184e-10	0.00028278865	0.063709415	-7.221542e-17	-9.437284e-17	5.7709314e-17	-1.6700873e-17	0	-1.8851028e-17
4.56000999997419e-09	3.550334e-09	3.641368e-10	0.0002840726	0.06374957	-7.221589e-17	-9.4357955e-17	5.7700096e-17	-1.6706984e-17	0	-1.8851038e-17
4.570009999974069e-09	3.224128e-09	3.0648182e-09	0.00028537548	0.063789055	-7.2216355e-17	-9.434331e-17	5.7691004e-17	-1.6713012e-17	0	-1.8851047e-17
4.580009999973948e-09	2.3593032e-09	1.5779262e-09	0.00028669802	0.0638281	-7.221682e-17	-9.432883e-17	5.768203e-17	-1.6718963e-17	0	-1.8851054e-17
4.590009999973827e-09	1.98758e-09	2.2455104e-09	0.00028803537	0.06386727	-7.221727e-17	-9.431454e-17	5.767317e-17	-1.6724836e-17	0	-1.8851062e-17
4.600009999973706e-09	3.2772314e-09	2.3668894e-09	0.0002893368	0.063906096	-7.2217705e-17	-9.43004e-17	5.7664415e-17	-1.6730643e-17	0	-1.885107e-17
4.610009999973585e-09	3.914471e-09	2.2455104e-09	0.00029065885	0.06394453	-7.2218135e-17	-9.4286414e-17	5.765574e-17	-1.6736383e-17	0	-1.8851076e-17
4.620009999973464e-09	4.0472288e-09	2.3668894e-09	0.0002920369	0.063982606	-7.2218565e-17	-9.427255e-17	5.7647157e-17	-1.674207e-17	0	-1.8851082e-17
4.630009999973343e-09	3.6261958e-09	1.4565472e-09	0.00029343285	0.06402026	-7.2218956e-17	-9.425884e-17	5.763866e-17	-1.6747694e-17	0	-1.8851089e-17
4.640009999973222e-09	4.6124e-09	3.1558525e-09	0.00029478405	0.064057484	-7.221935e-17	-9.424524e-17	5.7630236e-17	-1.6753266e-17	0	-1.885109e-17
4.650009999973101e-09	4.2634354e-09	1.2744789e-09	0.00029608863	0.0640943	-7.221976e-17	-9.4231754e-17	5.7621885e-17	-1.6758793e-17	0	-1.8851097e-17
4.66000999997298e-09	4.673089e-09	3.0344736e-09	0.00029739976	0.06413064	-7.222016e-17	-9.4218386e-17	5.76136e-17	-1.676427e-17	0	-1.8851102e-17
4.670009999972859e-09	4.5213655e-09	1.0924105e-09	0.00029870434	0.06416663	-7.2220544e-17	-9.4205125e-17	5.760538e-17	-1.6769699e-17	0	-1.8851107e-17
4.680009999972738e-09	4.7034336e-09	1.7296499e-09	0.00030003683	0.064202204	-7.2220934e-17	-9.419196e-17	5.759723e-17	-1.6775082e-17	0	-1.885111e-17
4.690009999972617e-09	4.915847e-09	2.1241313e-09	0.00030134068	0.064237565	-7.22213e-17	-9.4178893e-17	5.7589135e-17	-1.6780422e-17	0	-1.8851117e-17
4.700009999972496e-09	4.946192e-09	2.3062e-09	0.00030264334	0.064272575	-7.222166e-17	-9.416592e-17	5.758111e-17	-1.6785721e-17	0	-1.8851119e-17
4.710009999972375e-09	4.824813e-09	1.2137894e-09	0.0003039251	0.06430728	-7.222202e-17	-9.415306e-17	5.757313e-17	-1.6790982e-17	0	-1.8851125e-17
4.720009999972254e-09	6.736531e-09	2.2455104e-09	0.0003052326	0.06434185	-7.222238e-17	-9.414026e-17	5.75652e-17	-1.67962e-17	0	-1.8851129e-17
4.730009999972133e-09	6.9185995e-09	-7.4344597e-10	0.00030647623	0.06437627	-7.2222714e-17	-9.412756e-17	5.7557345e-17	-1.6801373e-17	0	-1.8851132e-17
4.740009999972012e-09	7.354805e-09	1.4262025e-09	0.00030771407	0.06441039	-7.222307e-17	-9.411495e-17	5.754953e-17	-1.6806517e-17	0	-1.8851135e-17
4.750009999971891e-09	6.1258434e-09	2.1544762e-09	0.00030889895	0.064444155	-7.222341e-17	-9.410242e-17	5.754176e-17	-1.6811619e-17	0	-1.8851142e-17
4.76000999997177e-09	6.979289e-09	4.8551574e-10	0.00031011275	0.06447761	-7.2223747e-17	-9.408997e-17	5.753405e-17	-1.6816683e-17	0	-1.8851143e-17
4.770009999971649e-09	4.3089523e-09	1.3351683e-09	0.0003113479	0.0645106	-7.222406e-17	-9.40776e-17	5.75264e-17	-1.682171e-17	0	-1.8851148e-17
4.780009999971528e-09	4.8855022e-09	7.889631e-10	0.0003125532	0.06454312	-7.222438e-17	-9.4065325e-17	5.751879e-17	-1.6826698e-17	0	-1.8851152e-17
4.790009999971407e-09	6.948944e-09	1.4717196e-09	0.00031371697	0.06457517	-7.22247e-17	-9.4053136e-17	5.751125e-17	-1.683165e-17	0	-1.8851158e-17
4.800009999971286e-09	7.616529e-09	1.2972374e-09	0.00031487783	0.06460681	-7.2225004e-17	-9.4041026e-17	5.750374e-17	-1.6836568e-17	0	-1.885116e-17
4.810009999971165e-09	8.01101e-09	1.3806855e-09	0.00031600037	0.06463806	-7.222532e-17	-9.402899e-17	5.749628e-17	-1.684145e-17	0	-1.8851165e-17
4.820009999971044e-09	4.157229e-09	1.0999966e-09	0.00031716438	0.064668976	-7.222562e-17	-9.401704e-17	5.748888e-17	-1.6846296e-17	0	-1.8851168e-17
4.830009999970923e-09	4.7337787e-09	-4.779296e-10	0.00031830047	0.064699784	-7.2225924e-17	-9.400517e-17	5.748153e-17	-1.68511e-17	0	-1.8851172e-17
4.840009999970802e-09	6.159981e-09	-1.261203e-09	0.00031944265	0.06473056	-7.22262e-17	-9.399337e-17	5.747422e-17	-1.6855876e-17	0	-1.8851175e-17
4.850009999970681e-09	7.0096338e-09	-2.3062e-09	0.00032054892	0.06476102	-7.2226486e-17	-9.3981654e-17	5.7466964e-17	-1.6860613e-17	0	-1.885118e-17
4.86000999997056e-09	5.583431e-09	-1.2137893e-10	0.00032160516	0.06479118	-7.222677e-17	-9.3970014e-17	5.745975e-17	-1.686532e-17	0	-1.8851183e-17
4.870009999970439e-09	7.468598e-09	9.368937e-10	0.00032258345	0.06482108	-7.222705e-17	-9.3958466e-17	5.7452584e-17	-1.686999e-17	0	-1.8851186e-17
4.880009999970318e-09	6.4634285e-09	4.2861936e-10	0.0003236244	0.06485084	-7.222732e-17	-9.394698e-17	5.744548e-17	-1.687462e-17	0	-1.8851191e-17
4.890009999970197e-09	6.372394e-09	5.7655e-10	0.0003246765	0.064880446	-7.222759e-17	-9.393558e-17	5.7438416e-17	-1.687922e-17	0	-1.8851195e-17
4.900009999970076e-09	4.6161928e-09	-6.3723943e-10	0.00032572428	0.06490986	-7.222785e-17	-9.392427e-17	5.74314e-17	-1.6883782e-17	0	-1.8851196e-17
4.910009999969955e-09	5.279984e-09	2.7537848e-09	0.00032673826	0.06493899	-7.222811e-17	-9.391304e-17	5.742444e-17	-1.6888308e-17	0	-1.8851201e-17
4.920009999969834e-09	4.9765365e-09	3.0724043e-09	0.00032772167	0.06496797	-7.222836e-17	-9.3901874e-17	5.7417525e-17	-1.6892802e-17	0	-1.8851205e-17
4.930009999969713e-09	7.0551507e-09	5.7958442e-09	0.00032869296	0.06499677	-7.222861e-17	-9.3890796e-17	5.7410656e-17	-1.689726e-17	0	-1.8851208e-17
4.940009999969592e-09	6.2206706e-09	2.5944749e-09	0.0003296958	0.06502521	-7.222885e-17	-9.38798e-17	5.740384e-17	-1.6901684e-17	0	-1.8851211e-17
4.950009999969471e-09	7.1310127e-09	4.794468e-09	0.00033060563	0.0650534	-7.222909e-17	-9.3868886e-17	5.739707e-17	-1.6906073e-17	0	-1.8851215e-17
4.96000999996935e-09	7.889631e-09	3.0344736e-09	0.00033150747	0.0650813	-7.222933e-17	-9.385804e-17	5.739036e-17	-1.6910424e-17	0	-1.885122e-17
4.970009999969229e-09	8.982042e-09	4.6124e-09	0.0003324336	0.06510893	-7.222956e-17	-9.384728e-17	5.738368e-17	-1.6914745e-17	0	-1.8851221e-17
4.980009999969108e-09	8.026182e-09	2.3213722e-09	0.0003333449	0.06513628	-7.2229775e-17	-9.383659e-17	5.737707e-17	-1.691903e-17	0	-1.8851226e-17
4.990009999968987e-09	3.0648182e-09	2.3062e-09	0.00033424338	0.06516334	-7.2229993e-17	-9.3826e-17	5.73705e-17	-1.6923277e-17	0	-1.885123e-17
5.000009999968866e-09	4.096539e-09	1.6386157e-09	0.0003350844	0.0651901	-7.2230225e-17	-9.381547e-17	5.7363976e-17	-1.6927494e-17	0	-1.8851234e-17
5.010009999968745e-09	4.8551576e-09	3.1103353e-09	0.00033597325	0.06521659	-7.223044e-17	-9.380503e-17	5.73575e-17	-1.6931676e-17	0	-1.8851238e-17
5.020009999968624e-09	5.371018e-09	3.7930916e-09	0.0003368166	0.06524278	-7.223066e-17	-9.379468e-17	5.7351085e-17	-1.6935818e-17	0	-1.8851243e-17
5.030009999968503e-09	5.1358464e-09	2.184821e-09	0.00033762012	0.06526868	-7.223086e-17	-9.37844e-17	5.734472e-17	-1.6939924e-17	0	-1.8851244e-17
5.040009999968382e-09	3.14068e-09	1.365513e-09	0.0003385312	0.06529427	-7.223105e-17	-9.377422e-17	5.73384e-17	-1.6943999e-17	0	-1.8851248e-17
5.050009999968261e-09	5.371018e-09	2.6248195e-09	0.00033942965	0.06531956	-7.223125e-17	-9.376409e-17	5.733213e-17	-1.6948037e-17	0	-1.8851253e-17
5.06000999996814e-09	8.557215e-09	2.7917155e-09	0.0003402531	0.06534468	-7.223145e-17	-9.375407e-17	5.732591e-17	-1.6952041e-17	0	-1.8851254e-17
5.070009999968019e-09	6.9185995e-09	2.5717162e-09	0.0003411156	0.065369554	-7.223164e-17	-9.374412e-17	5.7319745e-17	-1.695601e-17	0	-1.8851258e-17
5.080009999967898e-09	3.186197e-09	3.8234367e-09	0.0003419094	0.06539416	-7.223183e-17	-9.373427e-17	5.731363e-17	-1.6959942e-17	0	-1.8851261e-17
5.090009999967777e-09	6.1637744e-09	3.3379208e-09	0.00034261608	0.06541843	-7.223201e-17	-9.372449e-17	5.7307576e-17	-1.6963835e-17	0	-1.8851264e-17
5.100009999967656e-09	6.2206706e-09	9.710315e-10	0.0003433162	0.06544237	-7.22322e-17	-9.37148e-17	5.730157e-17	-1.6967698e-17	0	-1.8851269e-17
5.110009999967535e-09	7.404115e-09	6.979289e-10	0.00034403038	0.06546604	-7.223237e-17	-9.370519e-17	5.7295605e-17	-1.697152e-17	0	-1.885127e-17
5.120009999967414e-09	9.2248e-09	-1.3958578e-09	0.0003447793	0.06548954	-7.223254e-17	-9.3695655e-17	5.72897e-17	-1.697531e-17	0	-1.8851274e-17
5.130009999967293e-09	5.0372257e-09	-2.0027524e-09	0.00034550563	0.06551277	-7.223272e-17	-9.368622e-17	5.728385e-17	-1.6979065e-17	0	-1.8851277e-17
5.140009999967172e-09	5.856534e-09	3.641368e-10	0.0003462383	0.065535784	-7.223288e-17	-9.367686e-17	5.7278055e-17	-1.6982779e-17	0	-1.885128e-17
5.150009999967051e-09	7.1158404e-09	2.639992e-09	0.00034694446	0.06555867	-7.223304e-17	-9.3667597e-17	5.7272305e-17	-1.6986462e-17	0	-1.8851282e-17
5.1600099999669296e-09	8.223423e-09	4.430331e-09	0.00034768245	0.06558136	-7.2233196e-17	-9.365842e-17	5.726661e-17	-1.699011e-17	0	-1.8851286e-17
5.1700099999668086e-09	7.1613573e-09	-3.641368e-10	0.00034835708	0.06560384	-7.223337e-17	-9.364932e-17	5.726097e-17	-1.699372e-17	0	-1.885129e-17
5.1800099999666876e-09	8.557215e-09	0	0.00034898022	0.065626085	-7.22335e-17	-9.364029e-17	5.725538e-17	-1.6997294e-17	0	-1.885129e-17
5.1900099999665665e-09	1.0396865e-08	1.7448223e-09	0.00034962766	0.06564815	-7.223366e-17	-9.3631366e-17	5.724984e-17	-1.7000836e-17	0	-1.8851296e-17
5.2000099999664455e-09	9.892384e-09	2.4275788e-09	0.0003502479	0.06567002	-7.22338e-17	-9.362252e-17	5.724435e-17	-1.7004339e-17	0	-1.8851299e-17
5.2100099999663245e-09	8.978248e-09	3.550334e-09	0.00035082543	0.06569163	-7.223394e-17	-9.361375e-17	5.723892e-17	-1.7007808e-17	0	-1.88513e-17
5.2200099999662035e-09	9.676177e-09	2.4275787e-10	0.0003513697	0.065712936	-7.2234096e-17	-9.3605075e-17	5.723353e-17	-1.7011242e-17	0	-1.8851306e-17
5.2300099999660825e-09	9.558591e-09	4.946192e-09	0.0003518938	0.065734014	-7.2234235e-17	-9.359649e-17	5.7228206e-17	-1.7014645e-17	0	-1.8851307e-17
5.2400099999659615e-09	7.889631e-09	2.7006815e-09	0.0003524264	0.06575482	-7.223436e-17	-9.358799e-17	5.722294e-17	-1.7018007e-17	0	-1.8851309e-17
5.2500099999658405e-09	6.569635e-09	1.5779262e-09	0.00035288595	0.06577533	-7.22345e-17	-9.357955e-17	5.721771e-17	-1.7021339e-17	0	-1.8851312e-17
5.2600099999657195e-09	7.980665e-09	1.2744789e-09	0.00035339018	0.06579557	-7.223463e-17	-9.357122e-17	5.7212536e-17	-1.7024634e-17	0	-1.8851315e-17
5.2700099999655985e-09	5.204122e-09	2.184821e-09	0.00035391405	0.065815605	-7.2234745e-17	-9.356296e-17	5.720742e-17	-1.7027895e-17	0	-1.8851317e-17
5.2800099999654775e-09	7.358598e-09	5.3406732e-09	0.0003544226	0.065835364	-7.2234884e-17	-9.355479e-17	5.7202345e-17	-1.7031124e-17	0	-1.8851317e-17
5.2900099999653565e-09	5.371018e-09	2.5489577e-09	0.00035491734	0.06585497	-7.223501e-17	-9.3546696e-17	5.719733e-17	-1.7034319e-17	0	-1.885132e-17
5.3000099999652354e-09	8.132389e-09	-8.4965257e-10	0.00035546575	0.06587443	-7.2235135e-17	-9.353868e-17	5.719235e-17	-1.7037484e-17	0	-1.8851322e-17
5.3100099999651144e-09	1.0635829e-08	6.068947e-11	0.0003559719	0.065893695	-7.2235254e-17	-9.353075e-17	5.7187436e-17	-1.7040612e-17	0	-1.8851325e-17
5.3200099999649934e-09	1.2684099e-08	2.2455104e-09	0.0003564688	0.06591274	-7.223536e-17	-9.352289e-17	5.7182566e-17	-1.7043707e-17	0	-1.8851329e-17
5.330009999964872e-09	1.1561344e-08	7.889631e-10	0.000356857	0.06593162	-7.2235486e-17	-9.351514e-17	5.7177755e-17	-1.7046768e-17	0	-1.885133e-17
5.340009999964751e-09	1.11365175e-08	-1.2137894e-09	0.0003572306	0.06595031	-7.22356e-17	-9.3507435e-17	5.717298e-17	-1.7049804e-17	0	-1.8851332e-17
5.35000999996463e-09	1.1333758e-08	7.889631e-10	0.00035759984	0.06596875	-7.223571e-17	-9.349983e-17	5.716826e-17	-1.7052801e-17	0	-1.8851334e-17
5.360009999964509e-09	8.26894e-09	1.0317209e-09	0.00035793218	0.06598694	-7.223582e-17	-9.349229e-17	5.716359e-17	-1.705577e-17	0	-1.8851337e-17
5.370009999964388e-09	1.1185827e-08	1.0924105e-09	0.00035827834	0.066004895	-7.223592e-17	-9.348484e-17	5.7158955e-17	-1.705871e-17	0	-1.8851337e-17
5.380009999964267e-09	1.2714444e-08	-1.942063e-09	0.00035858955	0.06602261	-7.223604e-17	-9.3477464e-17	5.7154375e-17	-1.7061618e-17	0	-1.8851339e-17
5.390009999964146e-09	6.4634285e-09	1.7599946e-09	0.00035889508	0.066040054	-7.223615e-17	-9.3470165e-17	5.714984e-17	-1.7064491e-17	0	-1.885134e-17
5.400009999964025e-09	4.7792956e-09	1.3351683e-09	0.0003592229	0.0660572	-7.223624e-17	-9.346292e-17	5.714536e-17	-1.7067338e-17	0	-1.8851342e-17
5.410009999963904e-09	4.9765365e-09	-4.2482629e-10	0.0003595822	0.066074155	-7.2236346e-17	-9.345578e-17	5.714092e-17	-1.7070156e-17	0	-1.8851342e-17
5.420009999963783e-09	9.012386e-09	-1.2137894e-09	0.00035988612	0.066090934	-7.223646e-17	-9.34487e-17	5.713653e-17	-1.7072943e-17	0	-1.8851344e-17
5.430009999963662e-09	1.2638582e-08	1.2137894e-09	0.00036018193	0.06610751	-7.2236545e-17	-9.344167e-17	5.7132174e-17	-1.7075703e-17	0	-1.8851344e-17
5.440009999963541e-09	1.3017891e-08	1.6386157e-09	0.00036041462	0.06612391	-7.223665e-17	-9.343472e-17	5.712787e-17	-1.7078439e-17	0	-1.8851349e-17
5.45000999996342e-09	1.1197207e-08	2.4275788e-09	0.00036061875	0.06614018	-7.223675e-17	-9.342786e-17	5.7123604e-17	-1.7081147e-17	0	-1.8851349e-17
5.460009999963299e-09	1.1424793e-08	3.9448156e-09	0.00036081736	0.06615622	-7.2236856e-17	-9.342106e-17	5.7119376e-17	-1.7083826e-17	0	-1.8851349e-17
5.470009999963178e-09	1.2976167e-08	2.0634419e-09	0.00036109335	0.06617205	-7.223694e-17	-9.341431e-17	5.71152e-17	-1.7086481e-17	0	-1.8851349e-17
5.480009999963057e-09	9.892384e-09	-4.2482629e-10	0.00036135968	0.06618772	-7.223704e-17	-9.340765e-17	5.7111064e-17	-1.7089103e-17	0	-1.885135e-17
5.490009999962936e-09	9.2248e-09	-9.406868e-10	0.00036152595	0.0662032	-7.223714e-17	-9.340104e-17	5.710696e-17	-1.7091707e-17	0	-1.8851352e-17
5.500009999962815e-09	1.0696519e-08	4.2482629e-10	0.0003616762	0.06621853	-7.223724e-17	-9.33945e-17	5.71029e-17	-1.7094283e-17	0	-1.8851352e-17
5.510009999962694e-09	1.1530999e-08	6.6758415e-10	0.0003617852	0.066233754	-7.2237345e-17	-9.338803e-17	5.709888e-17	-1.7096837e-17	0	-1.8851352e-17
5.520009999962573e-09	7.616529e-09	-4.8551574e-10	0.00036187333	0.066248894	-7.223742e-17	-9.338161e-17	5.709489e-17	-1.709937e-17	0	-1.8851352e-17
5.530009999962452e-09	1.3048236e-08	-1.0924105e-09	0.0003619344	0.06626384	-7.223752e-17	-9.3375245e-17	5.709095e-17	-1.7101873e-17	0	-1.8851352e-17
5.540009999962331e-09	1.7402705e-08	-1.1531e-09	0.0003620214	0.06627857	-7.223762e-17	-9.3368945e-17	5.708704e-17	-1.7104356e-17	0	-1.8851355e-17
5.55000999996221e-09	1.3806854e-08	2.1241314e-10	0.00036204717	0.06629315	-7.22377e-17	-9.336269e-17	5.7083165e-17	-1.7106821e-17	0	-1.8851355e-17
5.560009999962089e-09	1.2585478e-08	6.068947e-11	0.00036216393	0.06630761	-7.22378e-17	-9.335652e-17	5.707932e-17	-1.7109265e-17	0	-1.8851355e-17
5.570009999961968e-09	9.061696e-09	-1.5172368e-09	0.0003622824	0.06632192	-7.22379e-17	-9.335037e-17	5.7075515e-17	-1.7111685e-17	0	-1.8851355e-17
5.580009999961847e-09	7.423081e-09	-5.401363e-09	0.0003623817	0.06633611	-7.2237994e-17	-9.3344295e-17	5.7071737e-17	-1.7114087e-17	0	-1.8851355e-17
5.590009999961726e-09	5.993085e-09	-4.7337787e-09	0.00036247537	0.06635014	-7.223809e-17	-9.333825e-17	5.706799e-17	-1.7116473e-17	0	-1.8851355e-17
5.600009999961605e-09	7.654459e-09	-3.216542e-09	0.0003624982	0.06636399	-7.223819e-17	-9.333228e-17	5.706428e-17	-1.711884e-17	0	-1.8851352e-17
5.610009999961484e-09	1.025652e-08	-2.0027524e-09	0.00036244115	0.06637767	-7.2238285e-17	-9.332634e-17	5.70606e-17	-1.7121184e-17	0	-1.8851355e-17
5.620009999961363e-09	1.22744455e-08	-2.2455104e-09	0.00036241347	0.066391185	-7.223837e-17	-9.332045e-17	5.7056933e-17	-1.7123514e-17	0	-1.885135e-17
5.630009999961242e-09	1.1242724e-08	-2.0027524e-09	0.00036233943	0.06640459	-7.223848e-17	-9.33146e-17	5.7053314e-17	-1.7125833e-17	0	-1.885135e-17
5.640009999961121e-09	1.2668926e-08	2.2455104e-09	0.00036223675	0.06641779	-7.223857e-17	-9.33088e-17	5.7049714e-17	-1.7128131e-17	0	-1.885135e-17
5.650009999961e-09	1.0446175e-08	-4.8551576e-09	0.0003621899	0.06643087	-7.2238676e-17	-9.3303035e-17	5.7046134e-17	-1.7130416e-17	0	-1.885135e-17
5.660009999960879e-09	1.44744385e-08	-2.1241313e-09	0.00036215954	0.06644378	-7.223878e-17	-9.329731e-17	5.704258e-17	-1.7132687e-17	0	-1.885135e-17
5.670009999960758e-09	1.147031e-08	2.0634419e-09	0.00036204862	0.06645653	-7.2238874e-17	-9.329164e-17	5.703905e-17	-1.7134942e-17	0	-1.8851347e-17
5.680009999960637e-09	8.284113e-09	2.4275787e-10	0.0003619714	0.06646905	-7.2238967e-17	-9.3285975e-17	5.703554e-17	-1.713719e-17	0	-1.8851347e-17
5.690009999960516e-09	8.769629e-09	-8.4965257e-10	0.00036188887	0.06648153	-7.2239086e-17	-9.328037e-17	5.703206e-17	-1.7139427e-17	0	-1.8851344e-17
5.700009999960395e-09	1.3473062e-08	-1.820684e-09	0.00036178486	0.0664939	-7.223918e-17	-9.327478e-17	5.7028584e-17	-1.7141652e-17	0	-1.8851344e-17
5.710009999960274e-09	1.1299621e-08	-3.9448156e-09	0.0003615864	0.066506185	-7.22393e-17	-9.3269226e-17	5.7025137e-17	-1.7143867e-17	0	-1.8851342e-17
5.720009999960153e-09	1.4990299e-08	-2.7917155e-09	0.0003614075	0.06651839	-7.2239403e-17	-9.326371e-17	5.702171e-17	-1.7146071e-17	0	-1.885134e-17
5.730009999960032e-09	1.4004095e-08	-7.282736e-10	0.00036120843	0.06653044	-7.223952e-17	-9.325821e-17	5.7018294e-17	-1.714827e-17	0	-1.8851339e-17
5.740009999959911e-09	1.4383404e-08	-3.1558525e-09	0.00036101617	0.06654235	-7.223963e-17	-9.325273e-17	5.701489e-17	-1.7150462e-17	0	-1.8851337e-17
5.75000999995979e-09	1.7979255e-08	-5.462052e-09	0.00036080787	0.06655409	-7.223974e-17	-9.3247276e-17	5.701151e-17	-1.7152647e-17	0	-1.8851334e-17
5.760009999959669e-09	1.3450304e-08	-4.7337787e-09	0.0003605867	0.0665657	-7.223986e-17	-9.324184e-17	5.700813e-17	-1.7154828e-17	0	-1.8851332e-17
5.770009999959548e-09	1.2790306e-08	1.942063e-09	0.00036029346	0.06657718	-7.223998e-17	-9.323641e-17	5.700477e-17	-1.7157005e-17	0	-1.885133e-17
5.780009999959427e-09	1.3245477e-08	-1.5172368e-09	0.00035996744	0.06658852	-7.224011e-17	-9.323101e-17	5.700141e-17	-1.7159177e-17	0	-1.8851325e-17
5.790009999959306e-09	1.6370985e-08	-2.1241313e-09	0.00035969363	0.0665997	-7.224023e-17	-9.322563e-17	5.6998065e-17	-1.7161346e-17	0	-1.8851324e-17
5.800009999959185e-09	1.9405459e-08	-9.831694e-09	0.00035945815	0.06661073	-7.2240356e-17	-9.3220244e-17	5.6994736e-17	-1.7163515e-17	0	-1.885132e-17
5.810009999959064e-09	1.26537545e-08	-6.068947e-09	0.00035916295	0.06662159	-7.224048e-17	-9.3214884e-17	5.6991394e-17	-1.7165685e-17	0	-1.8851317e-17
5.820009999958943e-09	1.3761337e-08	-9.710315e-09	0.00035881385	0.06663234	-7.224063e-17	-9.3209524e-17	5.6988066e-17	-1.7167854e-17	0	-1.8851314e-17
5.830009999958822e-09	1.5490986e-08	-4.8551576e-09	0.0003584616	0.06664297	-7.2240753e-17	-9.320415e-17	5.698473e-17	-1.7170023e-17	0	-1.8851312e-17
5.840009999958701e-09	2.050166e-08	-6.433084e-09	0.00035813195	0.06665354	-7.224091e-17	-9.319881e-17	5.698141e-17	-1.71722e-17	0	-1.8851307e-17
5.85000999995858e-09	1.6628915e-08	-4.9765365e-09	0.0003577523	0.06666399	-7.224106e-17	-9.3193443e-17	5.6978073e-17	-1.7174374e-17	0	-1.8851304e-17
5.860009999958459e-09	1.5202712e-08	-6.311705e-09	0.00035739204	0.06667441	-7.224119e-17	-9.318808e-17	5.697475e-17	-1.7176561e-17	0	-1.8851299e-17
5.870009999958338e-09	1.4717196e-08	-3.7020575e-09	0.00035702207	0.066684775	-7.224137e-17	-9.3182703e-17	5.69714e-17	-1.7178753e-17	0	-1.8851296e-17
5.880009999958217e-09	1.4777886e-08	-7.404115e-09	0.0003565948	0.06669505	-7.224151e-17	-9.317734e-17	5.696807e-17	-1.7180948e-17	0	-1.885129e-17
5.890009999958096e-09	1.8863046e-08	-5.401363e-09	0.00035617824	0.06670518	-7.2241667e-17	-9.3171957e-17	5.696473e-17	-1.718315e-17	0	-1.8851286e-17
5.900009999957975e-09	1.5673056e-08	-4.6124e-09	0.00035570463	0.06671522	-7.224183e-17	-9.316655e-17	5.696138e-17	-1.7185365e-17	0	-1.885128e-17
5.910009999957854e-09	1.3017891e-08	-6.9185995e-09	0.00035529435	0.066725165	-7.2242e-17	-9.316113e-17	5.6958e-17	-1.7187596e-17	0	-1.8851277e-17
5.920009999957733e-09	1.20468595e-08	-8.132389e-09	0.00035477243	0.06673505	-7.2242176e-17	-9.31557e-17	5.695462e-17	-1.7189837e-17	0	-1.885127e-17
5.930009999957612e-09	1.3988923e-08	-7.525494e-09	0.00035425343	0.06674488	-7.224236e-17	-9.315024e-17	5.695123e-17	-1.7192087e-17	0	-1.8851264e-17
5.940009999957491e-09	1.5354436e-08	-8.678594e-09	0.00035372397	0.06675462	-7.2242553e-17	-9.314475e-17	5.6947825e-17	-1.7194355e-17	0	-1.8851258e-17
5.95000999995737e-09	1.3761337e-08	-8.921352e-09	0.0003532297	0.06676428	-7.2242745e-17	-9.313925e-17	5.69444e-17	-1.7196637e-17	0	-1.8851254e-17
5.960009999957249e-09	2.0956833e-08	-1.1955826e-08	0.0003527306	0.0667738	-7.224294e-17	-9.31337e-17	5.6940956e-17	-1.7198943e-17	0	-1.8851248e-17
5.970009999957128e-09	2.188614e-08	-8.496525e-09	0.00035217832	0.066783234	-7.2243136e-17	-9.312813e-17	5.6937495e-17	-1.7201259e-17	0	-1.885124e-17
5.980009999957007e-09	1.8442012e-08	-9.528247e-09	0.0003516411	0.066792585	-7.224335e-17	-9.312252e-17	5.6934e-17	-1.7203605e-17	0	-1.8851234e-17
5.990009999956886e-09	1.5142023e-08	-1.1955826e-08	0.00035106041	0.06680184	-7.2243566e-17	-9.311686e-17	5.693049e-17	-1.7205967e-17	0	-1.8851228e-17
6.000009999956765e-09	2.0228558e-08	-1.2441341e-08	0.0003504931	0.06681098	-7.2243784e-17	-9.3111156e-17	5.692694e-17	-1.7208353e-17	0	-1.8851218e-17
6.010009999956644e-09	1.7023396e-08	-7.282736e-09	0.000349884	0.06682011	-7.2244016e-17	-9.3105405e-17	5.6923374e-17	-1.7210768e-17	0	-1.885121e-17
6.020009999956523e-09	1.4315129e-08	-8.01101e-09	0.000349264	0.066829234	-7.224425e-17	-9.309961e-17	5.691977e-17	-1.7213207e-17	0	-1.8851205e-17
6.030009999956402e-09	1.888201e-08	-1.3837199e-08	0.0003486382	0.06683836	-7.22445e-17	-9.309376e-17	5.6916134e-17	-1.7215668e-17	0	-1.8851195e-17
6.040009999956281e-09	2.300131e-08	-1.2805478e-08	0.00034800483	0.06684757	-7.224474e-17	-9.308784e-17	5.691246e-17	-1.7218168e-17	0	-1.8851186e-17
6.05000999995616e-09	2.2637172e-08	-1.1045484e-08	0.0003473234	0.06685676	-7.2245e-17	-9.308188e-17	5.690875e-17	-1.7220696e-17	0	-1.8851176e-17
6.060009999956039e-09	2.268269e-08	-1.5415125e-08	0.0003466313	0.066865936	-7.224528e-17	-9.307584e-17	5.690499e-17	-1.7223262e-17	0	-1.8851168e-17
6.070009999955918e-09	1.8995804e-08	-1.3958578e-08	0.00034589818	0.06687501	-7.224557e-17	-9.3069744e-17	5.690119e-17	-1.722586e-17	0	-1.8851158e-17
6.080009999955797e-09	1.8859252e-08	-1.5718573e-08	0.00034514125	0.066884086	-7.2245855e-17	-9.3063556e-17	5.689734e-17	-1.7228496e-17	0	-1.8851148e-17
6.090009999955676e-09	2.3555101e-08	-1.7599946e-08	0.00034445085	0.06689319	-7.2246147e-17	-9.3057296e-17	5.689345e-17	-1.7231168e-17	0	-1.8851135e-17
6.100009999955555e-09	2.407096e-08	-1.8631667e-08	0.0003437937	0.06690237	-7.224645e-17	-9.3050957e-17	5.6889505e-17	-1.7233888e-17	0	-1.8851125e-17
6.110009999955434e-09	1.3609613e-08	-1.9663387e-08	0.00034310645	0.06691164	-7.224677e-17	-9.304453e-17	5.6885515e-17	-1.7236644e-17	0	-1.8851115e-17
6.120009999955313e-09	1.9071665e-08	-2.506475e-08	0.00034236678	0.06692081	-7.224709e-17	-9.303801e-17	5.6881465e-17	-1.7239445e-17	0	-1.8851102e-17
6.130009999955192e-09	2.3122688e-08	-1.838891e-08	0.00034160452	0.06692999	-7.224743e-17	-9.303139e-17	5.687735e-17	-1.7242299e-17	0	-1.885109e-17
6.140009999955071e-09	2.633923e-08	-2.0452351e-08	0.00034086994	0.06693908	-7.2247794e-17	-9.302468e-17	5.687317e-17	-1.72452e-17	0	-1.8851079e-17
6.15000999995495e-09	1.942063e-08	-2.300131e-08	0.00034005876	0.0669481	-7.2248145e-17	-9.301787e-17	5.686893e-17	-1.724815e-17	0	-1.8851064e-17
6.160009999954829e-09	2.268269e-08	-2.2090967e-08	0.00033923495	0.066957116	-7.2248516e-17	-9.3010934e-17	5.6864624e-17	-1.7251156e-17	0	-1.8851049e-17
6.170009999954708e-09	2.8114396e-08	-2.3061999e-08	0.00033847027	0.06696595	-7.2248906e-17	-9.30039e-17	5.686024e-17	-1.7254215e-17	0	-1.8851038e-17
6.180009999954587e-09	2.6930952e-08	-2.2879929e-08	0.00033765726	0.06697472	-7.224931e-17	-9.299674e-17	5.685579e-17	-1.7257335e-17	0	-1.8851023e-17
6.1900099999544656e-09	2.5656473e-08	-2.4093719e-08	0.0003368399	0.0669835	-7.224971e-17	-9.2989454e-17	5.6851257e-17	-1.7260515e-17	0	-1.8851008e-17
6.2000099999543446e-09	2.4564063e-08	-2.8402672e-08	0.00033603614	0.066992104	-7.225014e-17	-9.2982036e-17	5.6846644e-17	-1.7263759e-17	0	-1.8850993e-17
6.2100099999542236e-09	2.4139236e-08	-2.2637172e-08	0.00033519062	0.067000486	-7.2250594e-17	-9.29745e-17	5.684196e-17	-1.7267066e-17	0	-1.8850976e-17
6.2200099999541025e-09	1.9435802e-08	-2.6824745e-08	0.00033431788	0.06700873	-7.225105e-17	-9.29668e-17	5.683717e-17	-1.7270443e-17	0	-1.8850961e-17
6.2300099999539815e-09	1.5733745e-08	-3.225645e-08	0.000333435	0.06701681	-7.225151e-17	-9.295898e-17	5.6832304e-17	-1.7273889e-17	0	-1.8850943e-17
6.2400099999538605e-09	1.9572354e-08	-3.8355743e-08	0.00033263437	0.067024775	-7.2252e-17	-9.2951e-17	5.682733e-17	-1.7277407e-17	0	-1.8850925e-17
6.2500099999537395e-09	2.0296834e-08	-3.1679903e-08	0.00033180657	0.06703268	-7.225249e-17	-9.294284e-17	5.682226e-17	-1.7281006e-17	0	-1.8850907e-17
6.2600099999536185e-09	2.2622e-08	-2.852405e-08	0.00033092947	0.06704047	-7.225302e-17	-9.2934536e-17	5.681709e-17	-1.7284683e-17	0	-1.885089e-17
6.2700099999534975e-09	2.2788896e-08	-2.7765433e-08	0.00033008275	0.06704826	-7.225355e-17	-9.2926066e-17	5.6811817e-17	-1.7288437e-17	0	-1.8850869e-17
6.2800099999533765e-09	1.6674433e-08	-3.004129e-08	0.00032924133	0.06705594	-7.22541e-17	-9.2917417e-17	5.680644e-17	-1.7292275e-17	0	-1.8850849e-17
6.2900099999532555e-09	2.0588903e-08	-3.089094e-08	0.00032838466	0.06706369	-7.225468e-17	-9.290858e-17	5.6800944e-17	-1.7296206e-17	0	-1.8850829e-17
6.3000099999531345e-09	1.8146151e-08	-2.2333724e-08	0.00032747406	0.06707152	-7.225527e-17	-9.2899576e-17	5.679533e-17	-1.7300223e-17	0	-1.8850808e-17
6.3100099999530135e-09	2.4685441e-08	-2.8402672e-08	0.000326554	0.06707953	-7.2255874e-17	-9.2890364e-17	5.6789595e-17	-1.730433e-17	0	-1.8850788e-17
6.3200099999528925e-09	2.0543386e-08	-3.68992e-08	0.00032565944	0.067087546	-7.22565e-17	-9.2880935e-17	5.678374e-17	-1.730854e-17	0	-1.8850765e-17
6.3300099999527714e-09	1.7023396e-08	-4.345366e-08	0.00032482072	0.06709547	-7.225715e-17	-9.287131e-17	5.6777743e-17	-1.7312846e-17	0	-1.8850743e-17
6.3400099999526504e-09	1.8980632e-08	-4.4364e-08	0.00032401137	0.06710342	-7.225784e-17	-9.2861486e-17	5.677162e-17	-1.7317253e-17	0	-1.8850718e-17
6.3500099999525294e-09	1.826753e-08	-4.421228e-08	0.00032318308	0.06711129	-7.225852e-17	-9.285142e-17	5.676536e-17	-1.732177e-17	0	-1.8850695e-17
6.3600099999524084e-09	1.5050988e-08	-4.2088146e-08	0.00032234896	0.06711902	-7.225924e-17	-9.284114e-17	5.675896e-17	-1.732639e-17	0	-1.885067e-17
6.370009999952287e-09	9.194455e-09	-4.6685376e-08	0.00032152457	0.06712674	-7.225997e-17	-9.283065e-17	5.6752425e-17	-1.733112e-17	0	-1.8850644e-17
6.380009999952166e-09	1.6477191e-08	-4.8612264e-08	0.00032069092	0.067134336	-7.226074e-17	-9.2819875e-17	5.674572e-17	-1.7335972e-17	0	-1.8850619e-17
6.390009999952045e-09	1.723581e-08	-4.202746e-08	0.00031981044	0.06714175	-7.226153e-17	-9.280887e-17	5.673887e-17	-1.7340937e-17	0	-1.8850593e-17
6.400009999951924e-09	1.3382028e-08	-3.9175053e-08	0.00031895182	0.06714911	-7.2262346e-17	-9.2797614e-17	5.673186e-17	-1.7346019e-17	0	-1.8850568e-17
6.410009999951803e-09	1.6348226e-08	-4.9006747e-08	0.0003181082	0.0671563	-7.226318e-17	-9.278609e-17	5.6724685e-17	-1.7351233e-17	0	-1.885054e-17
6.420009999951682e-09	2.1757174e-08	-4.6199858e-08	0.00031729546	0.06716345	-7.2264034e-17	-9.27743e-17	5.6717346e-17	-1.7356567e-17	0	-1.8850513e-17
6.430009999951561e-09	1.9284078e-08	-5.2132254e-08	0.00031652133	0.06717057	-7.226492e-17	-9.276224e-17	5.6709835e-17	-1.7362035e-17	0	-1.8850485e-17
6.44000999995144e-09	1.9329596e-08	-5.6562584e-08	0.00031579108	0.06717752	-7.226583e-17	-9.274988e-17	5.6702146e-17	-1.7367638e-17	0	-1.8850454e-17
6.450009999951319e-09	2.0361316e-08	-4.8415025e-08	0.00031504023	0.0671845	-7.226678e-17	-9.2737257e-17	5.669428e-17	-1.7373377e-17	0	-1.8850427e-17
6.460009999951198e-09	1.2259273e-08	-5.7209306e-08	0.00031430883	0.06719141	-7.2267746e-17	-9.272431e-17	5.668622e-17	-1.7379257e-17	0	-1.8850396e-17
6.470009999951077e-09	7.798596e-09	-6.062878e-08	0.00031358685	0.06719841	-7.226874e-17	-9.2711065e-17	5.667797e-17	-1.738528e-17	0	-1.8850364e-17
6.480009999950956e-09	1.0802726e-08	-5.4884143e-08	0.0003129382	0.06720549	-7.226976e-17	-9.269752e-17	5.666954e-17	-1.7391448e-17	0	-1.8850333e-17
6.490009999950835e-09	1.02261755e-08	-5.979809e-08	0.00031230826	0.067212805	-7.2270816e-17	-9.268365e-17	5.6660906e-17	-1.7397766e-17	0	-1.8850301e-17
6.500009999950714e-09	7.070323e-09	-6.29805e-08	0.0003116358	0.067220226	-7.22719e-17	-9.2669454e-17	5.665207e-17	-1.7404236e-17	0	-1.8850272e-17
6.510009999950593e-09	8.633077e-09	-6.390601e-08	0.00031096677	0.067227826	-7.227301e-17	-9.265494e-17	5.664303e-17	-1.7410861e-17	0	-1.8850238e-17
6.520009999950472e-09	1.2547548e-08	-7.1097716e-08	0.00031036994	0.0672356	-7.227415e-17	-9.264007e-17	5.6633774e-17	-1.7417646e-17	0	-1.8850205e-17
6.530009999950351e-09	6.85791e-09	-6.739565e-08	0.00030977555	0.067243524	-7.227533e-17	-9.262487e-17	5.6624305e-17	-1.742459e-17	0	-1.8850176e-17
6.54000999995023e-09	6.9565305e-09	-6.941358e-08	0.00030924077	0.06725112	-7.2276534e-17	-9.260932e-17	5.661462e-17	-1.7431698e-17	0	-1.8850143e-17
6.550009999950109e-09	8.390319e-09	-7.777356e-08	0.0003087096	0.06725854	-7.227777e-17	-9.2593407e-17	5.660471e-17	-1.7438974e-17	0	-1.8850108e-17
6.560009999949988e-09	1.4868919e-09	-7.543701e-08	0.00030823622	0.06726606	-7.227904e-17	-9.2577134e-17	5.659458e-17	-1.7446412e-17	0	-1.8850076e-17
6.570009999949867e-09	5.8489475e-09	-8.111147e-08	0.00030776308	0.06727353	-7.2280346e-17	-9.2560505e-17	5.658422e-17	-1.7454029e-17	0	-1.8850042e-17
6.580009999949746e-09	5.1813633e-09	-8.657353e-08	0.0003073033	0.067281015	-7.228168e-17	-9.254349e-17	5.6573635e-17	-1.7461816e-17	0	-1.8850009e-17
6.590009999949625e-09	5.325501e-09	-8.3053536e-08	0.00030687774	0.0672881	-7.228305e-17	-9.252611e-17	5.65628e-17	-1.746978e-17	0	-1.8849972e-17
6.600009999949504e-09	2.473096e-09	-8.308388e-08	0.00030651	0.067295134	-7.228446e-17	-9.250833e-17	5.655174e-17	-1.747792e-17	0	-1.884994e-17
6.610009999949383e-09	-1.98758e-09	-9.522178e-08	0.0003061689	0.067301854	-7.2285884e-17	-9.249019e-17	5.654044e-17	-1.7486234e-17	0	-1.8849906e-17
6.620009999949262e-09	-1.1758584e-09	-1.0177624e-07	0.00030585114	0.06730848	-7.228736e-17	-9.247164e-17	5.652889e-17	-1.7494734e-17	0	-1.8849875e-17
6.630009999949141e-09	-2.1393038e-09	-1.0462865e-07	0.0003055302	0.06731539	-7.228886e-17	-9.24527e-17	5.651709e-17	-1.7503415e-17	0	-1.8849841e-17
6.64000999994902e-09	-1.0241348e-09	-9.321902e-08	0.00030526682	0.0673226	-7.229039e-17	-9.2433384e-17	5.6505065e-17	-1.7512279e-17	0	-1.8849807e-17
6.650009999948899e-09	-8.238596e-09	-9.5859015e-08	0.0003050612	0.0673299	-7.2291966e-17	-9.2413644e-17	5.6492776e-17	-1.7521327e-17	0	-1.8849774e-17
6.660009999948778e-09	-1.16675505e-08	-1.016852e-07	0.00030491894	0.06733741	-7.2293574e-17	-9.239351e-17	5.6480236e-17	-1.7530563e-17	0	-1.8849742e-17
6.670009999948657e-09	-1.2388238e-08	-1.0608519e-07	0.00030473032	0.06734495	-7.229521e-17	-9.2372966e-17	5.6467445e-17	-1.7539981e-17	0	-1.884971e-17
6.680009999948536e-09	-7.586183e-09	-1.0857346e-07	0.00030457397	0.06735262	-7.2296876e-17	-9.235202e-17	5.645441e-17	-1.7549588e-17	0	-1.8849678e-17
6.690009999948415e-09	-1.3245477e-08	-1.0928656e-07	0.00030444315	0.06736022	-7.229859e-17	-9.2330674e-17	5.644111e-17	-1.7559383e-17	0	-1.8849646e-17
6.700009999948294e-09	-1.5430297e-08	-1.083307e-07	0.00030440418	0.067367926	-7.230033e-17	-9.230892e-17	5.642756e-17	-1.7569363e-17	0	-1.8849616e-17
6.710009999948173e-09	-1.6249606e-08	-1.0608519e-07	0.00030438998	0.067375824	-7.23021e-17	-9.228675e-17	5.6413764e-17	-1.7579529e-17	0	-1.8849587e-17
6.720009999948052e-09	-1.7675807e-08	-1.1482447e-07	0.00030442324	0.067385465	-7.2303904e-17	-9.226416e-17	5.63997e-17	-1.7589883e-17	0	-1.8849557e-17
6.730009999947931e-09	-1.999718e-08	-1.2483824e-07	0.00030441862	0.06739675	-7.230574e-17	-9.224119e-17	5.6385395e-17	-1.760042e-17	0	-1.8849527e-17
6.74000999994781e-09	-2.1696485e-08	-1.2671961e-07	0.00030443075	0.067409955	-7.230762e-17	-9.2217814e-17	5.637083e-17	-1.7611143e-17	0	-1.8849499e-17
6.750009999947689e-09	-2.2530966e-08	-1.21561e-07	0.0003045065	0.067425	-7.230951e-17	-9.219401e-17	5.635603e-17	-1.7622047e-17	0	-1.8849473e-17
6.760009999947568e-09	-2.7143365e-08	-1.2319963e-07	0.00030461428	0.067441076	-7.231144e-17	-9.2169824e-17	5.6340966e-17	-1.7633133e-17	0	-1.8849444e-17
6.770009999947447e-09	-2.486751e-08	-1.2817615e-07	0.0003047415	0.067458294	-7.2313406e-17	-9.214524e-17	5.632565e-17	-1.76444e-17	0	-1.884942e-17
6.780009999947326e-09	-3.158887e-08	-1.302396e-07	0.00030484103	0.06747691	-7.231539e-17	-9.212025e-17	5.6310095e-17	-1.7655844e-17	0	-1.8849396e-17
6.790009999947205e-09	-3.102749e-08	-1.3582303e-07	0.0003049726	0.06749675	-7.2317416e-17	-9.209488e-17	5.6294306e-17	-1.7667463e-17	0	-1.8849375e-17
6.800009999947084e-09	-3.413024e-08	-1.4371267e-07	0.0003051406	0.067517884	-7.231946e-17	-9.206912e-17	5.627826e-17	-1.7679257e-17	0	-1.884935e-17
6.810009999946963e-09	-2.1939243e-08	-1.440768e-07	0.00030533917	0.06753994	-7.232154e-17	-9.2042974e-17	5.626199e-17	-1.7691223e-17	0	-1.8849329e-17
6.820009999946842e-09	-3.1042664e-08	-1.5402988e-07	0.0003055103	0.06756261	-7.2323644e-17	-9.201648e-17	5.624549e-17	-1.7703351e-17	0	-1.8849309e-17
6.830009999946721e-09	-4.2000906e-08	-1.4966022e-07	0.00030572223	0.06758594	-7.232579e-17	-9.19896e-17	5.622876e-17	-1.7715648e-17	0	-1.884929e-17
6.8400099999466e-09	-4.633641e-08	-1.5682159e-07	0.0003059504	0.06761024	-7.232793e-17	-9.196237e-17	5.6211806e-17	-1.77281e-17	0	-1.8849272e-17
6.850009999946479e-09	-4.597227e-08	-1.7084085e-07	0.0003062121	0.06763524	-7.233011e-17	-9.193477e-17	5.619463e-17	-1.7740711e-17	0	-1.8849256e-17
6.860009999946358e-09	-3.8568157e-08	-1.7369327e-07	0.0003064199	0.067660876	-7.233232e-17	-9.190684e-17	5.617724e-17	-1.7753476e-17	0	-1.884924e-17
6.870009999946237e-09	-4.564986e-08	-1.849815e-07	0.00030663257	0.06768733	-7.233454e-17	-9.1878564e-17	5.6159634e-17	-1.776639e-17	0	-1.8849226e-17
6.880009999946116e-09	-4.3605382e-08	-1.8844081e-07	0.00030683092	0.06771423	-7.2336806e-17	-9.184998e-17	5.6141833e-17	-1.7779443e-17	0	-1.8849211e-17
6.890009999945995e-09	-4.2255042e-08	-1.9153596e-07	0.00030702827	0.06774205	-7.2339075e-17	-9.1821065e-17	5.612383e-17	-1.7792638e-17	0	-1.8849203e-17
6.900009999945874e-09	-5.114605e-08	-1.8838011e-07	0.0003072419	0.06777088	-7.234136e-17	-9.179183e-17	5.610564e-17	-1.780597e-17	0	-1.8849191e-17
6.910009999945753e-09	-4.9310195e-08	-1.8570978e-07	0.00030743587	0.067800924	-7.234367e-17	-9.176233e-17	5.608727e-17	-1.7819429e-17	0	-1.8849181e-17
6.920009999945632e-09	-5.8330166e-08	-1.994256e-07	0.00030769294	0.0678321	-7.2345984e-17	-9.1732523e-17	5.6068724e-17	-1.7833013e-17	0	-1.8849178e-17
6.930009999945511e-09	-6.459636e-08	-2.0367386e-07	0.00030792234	0.067863144	-7.2348327e-17	-9.170245e-17	5.605e-17	-1.7846713e-17	0	-1.884917e-17
6.94000999994539e-09	-6.469877e-08	-2.0828625e-07	0.0003081486	0.067894675	-7.235068e-17	-9.1672106e-17	5.603111e-17	-1.7860527e-17	0	-1.8849165e-17
6.950009999945269e-09	-6.185774e-08	-2.1763243e-07	0.0003083399	0.067927524	-7.2353065e-17	-9.164153e-17	5.601208e-17	-1.7874447e-17	0	-1.8849161e-17
6.960009999945148e-09	-6.6931e-08	-2.2527931e-07	0.0003084632	0.067961305	-7.235544e-17	-9.161071e-17	5.5992895e-17	-1.7888467e-17	0	-1.884916e-17
6.970009999945027e-09	-6.767445e-08	-2.3001309e-07	0.00030857974	0.067995206	-7.2357836e-17	-9.1579654e-17	5.597357e-17	-1.7902587e-17	0	-1.8849155e-17
6.980009999944906e-09	-7.143151e-08	-2.3729582e-07	0.00030865305	0.06802907	-7.236024e-17	-9.154841e-17	5.595412e-17	-1.791679e-17	0	-1.8849157e-17
6.990009999944785e-09	-7.196254e-08	-2.4639925e-07	0.00030875113	0.068063475	-7.236266e-17	-9.151696e-17	5.5934535e-17	-1.7931077e-17	0	-1.884916e-17
7.000009999944664e-09	-8.115699e-08	-2.4882684e-07	0.00030883777	0.068098344	-7.236508e-17	-9.148533e-17	5.5914855e-17	-1.794544e-17	0	-1.8849161e-17
7.010009999944543e-09	-7.784183e-08	-2.5453164e-07	0.000308873	0.068133935	-7.236752e-17	-9.145352e-17	5.589505e-17	-1.795988e-17	0	-1.8849165e-17
7.020009999944422e-09	-8.03832e-08	-2.6764056e-07	0.00030891594	0.06817013	-7.2369946e-17	-9.142156e-17	5.5875164e-17	-1.7974375e-17	0	-1.8849171e-17
7.030009999944301e-09	-8.5526636e-08	-2.7128192e-07	0.0003089174	0.06820704	-7.237239e-17	-9.1389475e-17	5.5855186e-17	-1.7988927e-17	0	-1.8849176e-17
7.04000999994418e-09	-8.165389e-08	-2.7674398e-07	0.00030889484	0.06824499	-7.237483e-17	-9.1357255e-17	5.583514e-17	-1.8003528e-17	0	-1.8849181e-17
7.050009999944059e-09	-9.0472824e-08	-2.813564e-07	0.00030882418	0.06828398	-7.237727e-17	-9.132492e-17	5.581501e-17	-1.8018173e-17	0	-1.8849191e-17
7.060009999943938e-09	-8.950559e-08	-2.8863911e-07	0.0003087465	0.0683232	-7.237972e-17	-9.12925e-17	5.5794834e-17	-1.8032855e-17	0	-1.88492e-17
7.070009999943817e-09	-9.826763e-08	-2.9786392e-07	0.00030865814	0.06836302	-7.238217e-17	-9.1260005e-17	5.5774605e-17	-1.8047564e-17	0	-1.8849208e-17
7.080009999943696e-09	-9.377282e-08	-3.0757423e-07	0.00030853384	0.06840373	-7.238461e-17	-9.1227434e-17	5.5754336e-17	-1.8062294e-17	0	-1.8849223e-17
7.090009999943575e-09	-1.0082038e-07	-3.1315767e-07	0.0003083496	0.0684445	-7.2387065e-17	-9.1194816e-17	5.5734033e-17	-1.8077043e-17	0	-1.8849234e-17
7.100009999943454e-09	-9.9819005e-08	-3.187411e-07	0.00030818646	0.06848513	-7.238952e-17	-9.116218e-17	5.5713705e-17	-1.80918e-17	0	-1.8849243e-17
7.110009999943333e-09	-1.0581209e-07	-3.2602384e-07	0.00030797333	0.06852608	-7.239195e-17	-9.11295e-17	5.5693376e-17	-1.810656e-17	0	-1.8849259e-17
7.120009999943212e-09	-9.9819005e-08	-3.410748e-07	0.00030772426	0.06856763	-7.239438e-17	-9.1096845e-17	5.5673034e-17	-1.8121312e-17	0	-1.8849272e-17
7.130009999943091e-09	-1.0660864e-07	-3.4568723e-07	0.0003074298	0.06860986	-7.239682e-17	-9.106418e-17	5.565271e-17	-1.8136052e-17	0	-1.8849289e-17
7.14000999994297e-09	-1.05212784e-07	-3.4811478e-07	0.00030711808	0.06865315	-7.2399235e-17	-9.103155e-17	5.56324e-17	-1.815078e-17	0	-1.8849304e-17
7.150009999942849e-09	-1.141493e-07	-3.4957134e-07	0.0003067911	0.06869672	-7.240164e-17	-9.099895e-17	5.561212e-17	-1.8165475e-17	0	-1.8849317e-17
7.160009999942728e-09	-1.150293e-07	-3.5976717e-07	0.0003064403	0.0687405	-7.240404e-17	-9.0966435e-17	5.5591864e-17	-1.818014e-17	0	-1.8849334e-17
7.170009999942607e-09	-1.1588654e-07	-3.6874923e-07	0.0003060905	0.068784535	-7.240643e-17	-9.0933976e-17	5.557166e-17	-1.8194766e-17	0	-1.8849353e-17
7.180009999942486e-09	-1.193155e-07	-3.7724573e-07	0.00030569988	0.06882833	-7.2408817e-17	-9.090161e-17	5.555151e-17	-1.8209347e-17	0	-1.884937e-17
7.190009999942365e-09	-1.3300097e-07	-3.8477123e-07	0.00030527214	0.06887196	-7.241117e-17	-9.086934e-17	5.553142e-17	-1.8223874e-17	0	-1.8849388e-17
7.200009999942244e-09	-1.316658e-07	-3.9618087e-07	0.0003048393	0.06891622	-7.2413535e-17	-9.083719e-17	5.55114e-17	-1.8238347e-17	0	-1.8849406e-17
7.210009999942123e-09	-1.3740475e-07	-3.976374e-07	0.00030438535	0.06896108	-7.241588e-17	-9.080517e-17	5.5491474e-17	-1.8252751e-17	0	-1.8849428e-17
7.2200099999420016e-09	-1.4623886e-07	-4.01036e-07	0.0003039336	0.06900612	-7.241821e-17	-9.077329e-17	5.547163e-17	-1.826709e-17	0	-1.8849446e-17
7.2300099999418806e-09	-1.4430438e-07	-4.1924287e-07	0.00030344588	0.069052145	-7.2420516e-17	-9.074159e-17	5.5451885e-17	-1.8281347e-17	0	-1.8849466e-17
7.2400099999417596e-09	-1.475361e-07	-4.3210903e-07	0.00030295868	0.069098875	-7.242279e-17	-9.071005e-17	5.5432248e-17	-1.8295515e-17	0	-1.8849487e-17
7.2500099999416386e-09	-1.4321198e-07	-4.2142767e-07	0.0003024086	0.069145896	-7.242509e-17	-9.067871e-17	5.5412727e-17	-1.8309597e-17	0	-1.8849509e-17
7.2600099999415175e-09	-1.5348367e-07	-4.39149e-07	0.0003018386	0.069192804	-7.2427326e-17	-9.0647554e-17	5.539334e-17	-1.8323586e-17	0	-1.884953e-17
7.2700099999413965e-09	-1.5952227e-07	-4.6172548e-07	0.00030124164	0.06923999	-7.242958e-17	-9.061663e-17	5.5374064e-17	-1.8337473e-17	0	-1.884955e-17
7.2800099999412755e-09	-1.6700224e-07	-4.66702e-07	0.00030065392	0.0692871	-7.243178e-17	-9.0585925e-17	5.5354956e-17	-1.8351245e-17	0	-1.884957e-17
7.2900099999411545e-09	-1.7511947e-07	-4.787185e-07	0.00030004268	0.069334045	-7.243399e-17	-9.0555465e-17	5.5335984e-17	-1.8364907e-17	0	-1.8849595e-17
7.3000099999410335e-09	-1.7058292e-07	-4.770192e-07	0.00029943456	0.06938118	-7.2436167e-17	-9.052527e-17	5.531717e-17	-1.8378451e-17	0	-1.8849618e-17
7.3100099999409125e-09	-1.6826155e-07	-4.828454e-07	0.00029884756	0.069428146	-7.243832e-17	-9.0495326e-17	5.5298523e-17	-1.8391873e-17	0	-1.8849641e-17
7.3200099999407915e-09	-1.6694156e-07	-4.901282e-07	0.0002982635	0.069474645	-7.2440455e-17	-9.046567e-17	5.5280054e-17	-1.8405159e-17	0	-1.8849663e-17
7.3300099999406705e-09	-1.752105e-07	-5.122191e-07	0.00029766146	0.06952111	-7.244255e-17	-9.043632e-17	5.5261766e-17	-1.8418311e-17	0	-1.8849686e-17
7.3400099999405495e-09	-1.8017187e-07	-5.1197634e-07	0.00029701693	0.069567315	-7.2444624e-17	-9.040725e-17	5.5243658e-17	-1.8431323e-17	0	-1.884971e-17
7.3500099999404285e-09	-1.7717532e-07	-5.09306e-07	0.0002963491	0.06961312	-7.2446695e-17	-9.037852e-17	5.522575e-17	-1.844419e-17	0	-1.8849734e-17
7.3600099999403074e-09	-1.778505e-07	-5.1598187e-07	0.00029569658	0.06965873	-7.244871e-17	-9.035009e-17	5.5208046e-17	-1.8456909e-17	0	-1.8849757e-17
7.3700099999401864e-09	-1.8134013e-07	-5.256922e-07	0.0002949921	0.06970443	-7.245072e-17	-9.032201e-17	5.5190546e-17	-1.8469467e-17	0	-1.8849782e-17
7.3800099999400654e-09	-1.8668081e-07	-5.2751284e-07	0.00029431333	0.06974959	-7.245268e-17	-9.0294275e-17	5.5173258e-17	-1.8481865e-17	0	-1.8849808e-17
7.3900099999399444e-09	-1.9117182e-07	-5.3455284e-07	0.00029365328	0.06979466	-7.2454636e-17	-9.026691e-17	5.5156205e-17	-1.84941e-17	0	-1.8849833e-17
7.400009999939823e-09	-2.010187e-07	-5.372232e-07	0.00029298643	0.069839485	-7.2456555e-17	-9.023989e-17	5.513937e-17	-1.8506173e-17	0	-1.8849855e-17
7.410009999939702e-09	-2.0132214e-07	-5.362522e-07	0.0002923164	0.06988373	-7.245845e-17	-9.0213264e-17	5.5122767e-17	-1.8518068e-17	0	-1.884988e-17
7.420009999939581e-09	-1.9550353e-07	-5.362522e-07	0.00029164372	0.06992736	-7.24603e-17	-9.018701e-17	5.5106405e-17	-1.8529789e-17	0	-1.8849904e-17
7.43000999993946e-09	-1.9787801e-07	-5.5712934e-07	0.0002909839	0.06997073	-7.246213e-17	-9.016116e-17	5.5090292e-17	-1.8541328e-17	0	-1.8849929e-17
7.440009999939339e-09	-2.0039663e-07	-5.6853895e-07	0.00029035177	0.07001326	-7.2463933e-17	-9.01357e-17	5.507442e-17	-1.8552687e-17	0	-1.8849954e-17
7.450009999939218e-09	-1.9570837e-07	-5.702382e-07	0.00028967665	0.0700552	-7.24657e-17	-9.011067e-17	5.505881e-17	-1.8563859e-17	0	-1.8849979e-17
7.460009999939098e-09	-2.0220214e-07	-5.6902445e-07	0.00028898724	0.07009624	-7.246743e-17	-9.008605e-17	5.504345e-17	-1.857484e-17	0	-1.8850004e-17
7.470009999938977e-09	-2.1708622e-07	-5.619845e-07	0.000288283	0.070137225	-7.246915e-17	-9.0061844e-17	5.5028356e-17	-1.858563e-17	0	-1.885003e-17
7.480009999938856e-09	-2.1848209e-07	-5.578576e-07	0.00028756468	0.070178024	-7.247082e-17	-9.003807e-17	5.5013523e-17	-1.8596228e-17	0	-1.8850052e-17
7.490009999938735e-09	-2.0910556e-07	-5.600424e-07	0.00028685387	0.07021813	-7.247247e-17	-9.001473e-17	5.4998968e-17	-1.8606629e-17	0	-1.8850078e-17
7.500009999938614e-09	-2.1532624e-07	-5.6149895e-07	0.0002861523	0.07025748	-7.2474084e-17	-8.999183e-17	5.4984684e-17	-1.861683e-17	0	-1.8850101e-17
7.510009999938493e-09	-2.2679654e-07	-5.5057484e-07	0.00028547694	0.07029599	-7.2475666e-17	-8.9969385e-17	5.497067e-17	-1.8626832e-17	0	-1.8850126e-17
7.520009999938372e-09	-2.2178966e-07	-5.551873e-07	0.0002848108	0.07033329	-7.247722e-17	-8.9947375e-17	5.4956934e-17	-1.8636634e-17	0	-1.8850149e-17
7.530009999938251e-09	-2.146283e-07	-5.560369e-07	0.00028412818	0.070369236	-7.2478737e-17	-8.992582e-17	5.4943487e-17	-1.8646231e-17	0	-1.8850172e-17
7.54000999993813e-09	-2.1434003e-07	-5.5712934e-07	0.00028342006	0.070404254	-7.2480225e-17	-8.990471e-17	5.4930318e-17	-1.8655628e-17	0	-1.8850195e-17
7.550009999938009e-09	-2.2142552e-07	-5.54459e-07	0.00028271388	0.07043813	-7.248167e-17	-8.9884066e-17	5.4917434e-17	-1.866482e-17	0	-1.8850219e-17
7.560009999937888e-09	-2.2160759e-07	-5.5421623e-07	0.0002820633	0.07047118	-7.2483104e-17	-8.986389e-17	5.4904828e-17	-1.8673801e-17	0	-1.885024e-17
7.570009999937767e-09	-2.2046967e-07	-5.603459e-07	0.00028142676	0.07050347	-7.24845e-17	-8.984417e-17	5.4892516e-17	-1.8682584e-17	0	-1.8850263e-17
7.580009999937646e-09	-2.1975657e-07	-5.4960384e-07	0.00028075822	0.07053538	-7.248586e-17	-8.9824906e-17	5.4880486e-17	-1.8691158e-17	0	-1.8850283e-17
7.590009999937525e-09	-2.3119654e-07	-5.445059e-07	0.0002800916	0.07056662	-7.2487194e-17	-8.980609e-17	5.486874e-17	-1.8699534e-17	0	-1.8850306e-17
7.600009999937404e-09	-2.2763102e-07	-5.428066e-07	0.00027941068	0.07059725	-7.24885e-17	-8.9787756e-17	5.4857285e-17	-1.87077e-17	0	-1.8850328e-17
7.610009999937283e-09	-2.2394414e-07	-5.245998e-07	0.00027870547	0.07062738	-7.2489774e-17	-8.976987e-17	5.4846115e-17	-1.8715666e-17	0	-1.885035e-17
7.620009999937162e-09	-2.1482555e-07	-5.199267e-07	0.0002780124	0.070656955	-7.249103e-17	-8.975245e-17	5.4835226e-17	-1.8723427e-17	0	-1.8850368e-17
7.630009999937041e-09	-2.178752e-07	-5.1209776e-07	0.0002773339	0.070685625	-7.249223e-17	-8.973547e-17	5.482462e-17	-1.8730989e-17	0	-1.8850387e-17
7.64000999993692e-09	-2.1951381e-07	-5.192591e-07	0.00027665464	0.07071331	-7.2493414e-17	-8.971895e-17	5.4814295e-17	-1.873835e-17	0	-1.8850409e-17
7.650009999936799e-09	-2.2104622e-07	-5.1027706e-07	0.00027598732	0.070740074	-7.249457e-17	-8.970288e-17	5.480426e-17	-1.8745516e-17	0	-1.8850427e-17
7.660009999936678e-09	-2.221538e-07	-5.0299434e-07	0.00027531388	0.07076609	-7.2495704e-17	-8.968726e-17	5.4794485e-17	-1.875248e-17	0	-1.8850445e-17
7.670009999936557e-09	-2.2582552e-07	-4.8946055e-07	0.00027463198	0.070791535	-7.24968e-17	-8.967208e-17	5.4785e-17	-1.8759257e-17	0	-1.8850463e-17
7.680009999936436e-09	-2.2358e-07	-4.845447e-07	0.0002739525	0.07081636	-7.249788e-17	-8.9657346e-17	5.4775784e-17	-1.8765838e-17	0	-1.885048e-17
7.690009999936315e-09	-2.1854278e-07	-4.7386337e-07	0.00027330994	0.07084039	-7.249893e-17	-8.964303e-17	5.4766834e-17	-1.877223e-17	0	-1.88505e-17
7.700009999936194e-09	-2.1738968e-07	-4.5954067e-07	0.00027266273	0.0708637	-7.2499945e-17	-8.9629155e-17	5.4758155e-17	-1.8778436e-17	0	-1.8850515e-17
7.710009999936073e-09	-2.1717726e-07	-4.408483e-07	0.0002720311	0.070886225	-7.250095e-17	-8.96157e-17	5.474974e-17	-1.8784461e-17	0	-1.8850531e-17
7.720009999935952e-09	-2.1528072e-07	-4.2167042e-07	0.00027136714	0.07090815	-7.2501944e-17	-8.960268e-17	5.474159e-17	-1.8790298e-17	0	-1.8850548e-17
7.730009999935831e-09	-2.1456762e-07	-4.190001e-07	0.00027068934	0.07092935	-7.2502884e-17	-8.959005e-17	5.4733694e-17	-1.8795959e-17	0	-1.885056e-17
7.74000999993571e-09	-2.2558275e-07	-4.1123184e-07	0.00027000866	0.07094973	-7.2503803e-17	-8.9577824e-17	5.4726038e-17	-1.8801446e-17	0	-1.8850576e-17
7.750009999935589e-09	-2.3420066e-07	-4.2628284e-07	0.0002693384	0.0709696	-7.250471e-17	-8.9566005e-17	5.4718643e-17	-1.880676e-17	0	-1.8850591e-17
7.760009999935468e-09	-2.2295794e-07	-4.0613392e-07	0.00026867955	0.07098886	-7.2505603e-17	-8.955459e-17	5.4711486e-17	-1.8811902e-17	0	-1.8850606e-17
7.770009999935347e-09	-2.0852902e-07	-3.971519e-07	0.00026809404	0.07100747	-7.2506464e-17	-8.954354e-17	5.470457e-17	-1.8816878e-17	0	-1.8850617e-17
7.780009999935226e-09	-2.1499244e-07	-3.935712e-07	0.00026747814	0.0710256	-7.2507304e-17	-8.9532865e-17	5.469789e-17	-1.8821697e-17	0	-1.8850629e-17
7.790009999935105e-09	-2.0774006e-07	-3.7724573e-07	0.00026682636	0.071043506	-7.250813e-17	-8.952257e-17	5.469144e-17	-1.8826356e-17	0	-1.8850644e-17
7.800009999934984e-09	-1.9469182e-07	-3.5976717e-07	0.00026614565	0.07106144	-7.250894e-17	-8.951264e-17	5.468522e-17	-1.8830858e-17	0	-1.8850657e-17
7.810009999934863e-09	-1.9271941e-07	-3.5588306e-07	0.00026548462	0.07107912	-7.2509706e-17	-8.950304e-17	5.4679216e-17	-1.8835207e-17	0	-1.8850664e-17
7.820009999934742e-09	-1.9878836e-07	-3.4762928e-07	0.00026486852	0.07109661	-7.2510474e-17	-8.9493815e-17	5.467343e-17	-1.8839409e-17	0	-1.8850677e-17
7.83000999993462e-09	-1.948132e-07	-3.5163478e-07	0.0002642621	0.07111388	-7.2511215e-17	-8.948492e-17	5.4667847e-17	-1.8843466e-17	0	-1.8850688e-17
7.8400099999345e-09	-1.9177872e-07	-3.4568723e-07	0.00026366103	0.07113073	-7.251195e-17	-8.947634e-17	5.466247e-17	-1.8847381e-17	0	-1.8850697e-17
7.850009999934379e-09	-1.912477e-07	-3.228073e-07	0.00026308472	0.07114738	-7.251267e-17	-8.946809e-17	5.46573e-17	-1.8851162e-17	0	-1.885071e-17
7.860009999934258e-09	-1.9602699e-07	-3.0344734e-07	0.0002625128	0.07116381	-7.2513366e-17	-8.9460166e-17	5.465233e-17	-1.8854808e-17	0	-1.885072e-17
7.870009999934137e-09	-1.8992769e-07	-3.0417561e-07	0.00026194763	0.07117975	-7.251404e-17	-8.9452536e-17	5.4647538e-17	-1.8858327e-17	0	-1.8850727e-17
7.880009999934016e-09	-1.7414843e-07	-2.9225015e-07	0.0002613298	0.071195364	-7.251471e-17	-8.944519e-17	5.464294e-17	-1.8861715e-17	0	-1.8850738e-17
7.890009999933895e-09	-1.6149468e-07	-2.8257017e-07	0.00026074768	0.07121084	-7.251536e-17	-8.943814e-17	5.4638515e-17	-1.8864982e-17	0	-1.8850745e-17
7.900009999933774e-09	-1.6143399e-07	-2.7504467e-07	0.00026016482	0.07122635	-7.251599e-17	-8.9431386e-17	5.4634267e-17	-1.8868132e-17	0	-1.8850755e-17
7.910009999933653e-09	-1.7184223e-07	-2.5562403e-07	0.00025959045	0.07124195	-7.251662e-17	-8.942489e-17	5.463019e-17	-1.8871161e-17	0	-1.8850765e-17
7.920009999933532e-09	-1.6377054e-07	-2.5149717e-07	0.00025900832	0.0712578	-7.251722e-17	-8.941866e-17	5.4626276e-17	-1.8874081e-17	0	-1.885077e-17
7.93000999993341e-09	-1.6401329e-07	-2.4858406e-07	0.00025847522	0.07127406	-7.251783e-17	-8.941269e-17	5.462253e-17	-1.8876894e-17	0	-1.885078e-17
7.94000999993329e-09	-1.6276915e-07	-2.392379e-07	0.0002579533	0.07129089	-7.251841e-17	-8.9406955e-17	5.4618934e-17	-1.88796e-17	0	-1.8850783e-17
7.950009999933169e-09	-1.6513604e-07	-2.2977034e-07	0.00025745467	0.07130809	-7.251898e-17	-8.9401475e-17	5.461549e-17	-1.8882206e-17	0	-1.8850791e-17
7.960009999933048e-09	-1.6507535e-07	-2.2260897e-07	0.0002569932	0.071325086	-7.2519546e-17	-8.939622e-17	5.4612188e-17	-1.888471e-17	0	-1.88508e-17
7.970009999932927e-09	-1.6902017e-07	-2.1751106e-07	0.0002564965	0.07134165	-7.25201e-17	-8.939119e-17	5.4609028e-17	-1.888712e-17	0	-1.8850808e-17
7.980009999932806e-09	-1.6876224e-07	-2.1738968e-07	0.0002559372	0.071357965	-7.252063e-17	-8.938639e-17	5.4606004e-17	-1.8889442e-17	0	-1.885081e-17
7.990009999932685e-09	-1.6474156e-07	-2.0009318e-07	0.0002553905	0.07137388	-7.252115e-17	-8.938178e-17	5.4603115e-17	-1.8891665e-17	0	-1.8850816e-17
8.000009999932564e-09	-1.7123534e-07	-1.88987e-07	0.00025483532	0.071389	-7.2521684e-17	-8.937738e-17	5.460035e-17	-1.8893811e-17	0	-1.8850824e-17
8.010009999932443e-09	-1.6204088e-07	-1.7278292e-07	0.0002542959	0.07140343	-7.252218e-17	-8.9373186e-17	5.4597702e-17	-1.8895872e-17	0	-1.885083e-17
8.020009999932322e-09	-1.6012916e-07	-1.7284361e-07	0.0002537939	0.07141717	-7.2522676e-17	-8.9369176e-17	5.4595188e-17	-1.8897848e-17	0	-1.8850834e-17
8.0300099999322e-09	-1.486892e-07	-1.6349743e-07	0.00025331372	0.07143024	-7.252316e-17	-8.936534e-17	5.459277e-17	-1.8899755e-17	0	-1.8850836e-17
8.04000999993208e-09	-1.5084368e-07	-1.5519815e-07	0.00025285853	0.07144294	-7.2523656e-17	-8.9361705e-17	5.4590473e-17	-1.8901575e-17	0	-1.8850844e-17
8.050009999931959e-09	-1.573071e-07	-1.5366574e-07	0.00025239002	0.0714553	-7.252412e-17	-8.9358204e-17	5.4588276e-17	-1.8903335e-17	0	-1.885085e-17
8.060009999931838e-09	-1.5578986e-07	-1.3547786e-07	0.0002519152	0.07146768	-7.252459e-17	-8.935489e-17	5.4586188e-17	-1.8905018e-17	0	-1.8850852e-17
8.070009999931717e-09	-1.5636641e-07	-1.3145339e-07	0.00025148137	0.07148011	-7.252504e-17	-8.935173e-17	5.4584196e-17	-1.8906642e-17	0	-1.885086e-17
8.080009999931596e-09	-1.5691262e-07	-1.2115704e-07	0.00025107112	0.07149251	-7.2525495e-17	-8.934873e-17	5.4582297e-17	-1.8908197e-17	0	-1.8850865e-17
8.090009999931475e-09	-1.4777886e-07	-1.0147279e-07	0.00025062225	0.07150472	-7.252593e-17	-8.934587e-17	5.458049e-17	-1.8909688e-17	0	-1.8850869e-17
8.100009999931354e-09	-1.4419818e-07	-8.605767e-08	0.0002501387	0.07151656	-7.2526356e-17	-8.934314e-17	5.4578783e-17	-1.8911119e-17	0	-1.8850874e-17
8.110009999931233e-09	-1.3333477e-07	-8.5572154e-08	0.00024969928	0.07152809	-7.252678e-17	-8.934055e-17	5.4577145e-17	-1.8912494e-17	0	-1.8850879e-17
8.120009999931112e-09	-1.4450163e-07	-1.04602094e-07	0.00024929244	0.07153915	-7.25272e-17	-8.9338094e-17	5.457559e-17	-1.8913817e-17	0	-1.8850882e-17
8.13000999993099e-09	-1.4377335e-07	-9.661763e-08	0.00024887975	0.071549766	-7.2527606e-17	-8.933576e-17	5.457412e-17	-1.8915086e-17	0	-1.8850887e-17
8.14000999993087e-09	-1.4620093e-07	-9.176248e-08	0.00024847142	0.07155996	-7.2528017e-17	-8.9333554e-17	5.4572728e-17	-1.89163e-17	0	-1.885089e-17
8.150009999930749e-09	-1.4601886e-07	-7.920735e-08	0.0002481073	0.0715699	-7.2528414e-17	-8.9331456e-17	5.4571398e-17	-1.8917467e-17	0	-1.8850894e-17
8.160009999930627e-09	-1.5430298e-07	-7.3677015e-08	0.00024774898	0.0715795	-7.25288e-17	-8.9329464e-17	5.457015e-17	-1.8918585e-17	0	-1.8850899e-17
8.170009999930506e-09	-1.6565191e-07	-6.967151e-08	0.0002473336	0.07158914	-7.252918e-17	-8.9327585e-17	5.456896e-17	-1.8919657e-17	0	-1.8850902e-17
8.180009999930385e-09	-1.7120499e-07	-7.78039e-08	0.00024688523	0.07159886	-7.2529565e-17	-8.932581e-17	5.4567834e-17	-1.8920686e-17	0	-1.8850907e-17
8.190009999930264e-09	-1.5633607e-07	-6.275291e-08	0.00024647548	0.071608566	-7.252994e-17	-8.932414e-17	5.456677e-17	-1.892167e-17	0	-1.8850908e-17
8.200009999930143e-09	-1.6647121e-07	-5.595569e-08	0.00024607638	0.071618035	-7.253032e-17	-8.9322556e-17	5.456577e-17	-1.8922618e-17	0	-1.8850915e-17
8.210009999930022e-09	-1.5415125e-07	-5.158605e-08	0.0002457103	0.071627244	-7.253068e-17	-8.9321054e-17	5.4564824e-17	-1.8923523e-17	0	-1.8850917e-17
8.220009999929901e-09	-1.4477473e-07	-3.2529556e-08	0.00024536584	0.071636215	-7.253103e-17	-8.9319644e-17	5.456393e-17	-1.8924395e-17	0	-1.885092e-17
8.23000999992978e-09	-1.4911403e-07	-2.6824745e-08	0.0002449786	0.07164496	-7.253138e-17	-8.931832e-17	5.4563086e-17	-1.892523e-17	0	-1.8850925e-17
8.24000999992966e-09	-1.5014575e-07	-2.4518545e-08	0.00024459872	0.071653426	-7.2531736e-17	-8.931708e-17	5.45623e-17	-1.8926026e-17	0	-1.8850927e-17
8.250009999929538e-09	-1.4844645e-07	-2.9980598e-08	0.00024423993	0.07166152	-7.253206e-17	-8.931591e-17	5.456156e-17	-1.8926792e-17	0	-1.8850928e-17
8.260009999929417e-09	-1.5075264e-07	-2.5368198e-08	0.00024390176	0.07166928	-7.253242e-17	-8.931481e-17	5.4560866e-17	-1.8927525e-17	0	-1.8850933e-17
8.270009999929296e-09	-1.5114712e-07	-1.3078581e-08	0.00024358617	0.07167688	-7.253274e-17	-8.9313794e-17	5.456021e-17	-1.8928228e-17	0	-1.8850938e-17
8.280009999929175e-09	-1.5035816e-07	-2.0634419e-08	0.00024322276	0.071684405	-7.2533066e-17	-8.931282e-17	5.45596e-17	-1.8928905e-17	0	-1.8850938e-17
8.290009999929054e-09	-1.4626163e-07	-1.3837199e-08	0.00024283605	0.071691856	-7.25334e-17	-8.9311935e-17	5.455903e-17	-1.8929547e-17	0	-1.8850943e-17
8.300009999928933e-09	-1.4862852e-07	-1.18951355e-08	0.00024249133	0.07169916	-7.253371e-17	-8.931111e-17	5.455851e-17	-1.8930164e-17	0	-1.8850945e-17
8.310009999928812e-09	-1.6310295e-07	-8.496525e-09	0.00024222769	0.07170634	-7.2534025e-17	-8.931034e-17	5.4558014e-17	-1.8930753e-17	0	-1.885095e-17
8.320009999928691e-09	-1.4905334e-07	-5.2192943e-09	0.00024190823	0.07171347	-7.253433e-17	-8.930961e-17	5.4557558e-17	-1.8931319e-17	0	-1.8850952e-17
8.33000999992857e-09	-1.5208781e-07	1.1015139e-08	0.00024154942	0.07172064	-7.253464e-17	-8.930896e-17	5.4557134e-17	-1.8931863e-17	0	-1.8850953e-17
8.34000999992845e-09	-1.5930986e-07	1.6507535e-08	0.00024119257	0.07172774	-7.2534945e-17	-8.9308355e-17	5.4556754e-17	-1.8932382e-17	0	-1.8850958e-17
8.350009999928328e-09	-1.478092e-07	5.6744653e-09	0.00024084252	0.07173467	-7.253524e-17	-8.93078e-17	5.4556393e-17	-1.8932875e-17	0	-1.8850961e-17
8.360009999928207e-09	-1.5396918e-07	7.889631e-09	0.0002404808	0.07174142	-7.253552e-17	-8.9307276e-17	5.4556065e-17	-1.893335e-17	0	-1.8850963e-17
8.370009999928086e-09	-1.5694296e-07	1.6628915e-08	0.00024018878	0.07174796	-7.253582e-17	-8.9306806e-17	5.4555768e-17	-1.8933805e-17	0	-1.8850965e-17
8.380009999927965e-09	-1.5627538e-07	2.3426136e-08	0.0002399312	0.071754284	-7.2536116e-17	-8.9306396e-17	5.4555493e-17	-1.8934239e-17	0	-1.8850968e-17
8.390009999927844e-09	-1.7068913e-07	3.2226108e-08	0.00023965616	0.07176051	-7.253638e-17	-8.930601e-17	5.455525e-17	-1.893465e-17	0	-1.885097e-17
8.400009999927723e-09	-1.7108361e-07	1.7599946e-08	0.00023935757	0.07176668	-7.2536666e-17	-8.9305675e-17	5.455503e-17	-1.8935048e-17	0	-1.8850976e-17
8.410009999927602e-09	-1.5487953e-07	2.4639924e-08	0.00023899876	0.071772754	-7.2536944e-17	-8.930538e-17	5.4554838e-17	-1.8935425e-17	0	-1.8850976e-17
8.420009999927481e-09	-1.5299815e-07	3.6656438e-08	0.0002386929	0.07177865	-7.253722e-17	-8.930511e-17	5.4554666e-17	-1.8935785e-17	0	-1.885098e-17
8.43000999992736e-09	-1.432575e-07	5.619845e-08	0.0002383659	0.07178438	-7.2537486e-17	-8.9304874e-17	5.4554514e-17	-1.893613e-17	0	-1.8850981e-17
8.44000999992724e-09	-1.5266436e-07	5.0736396e-08	0.0002380304	0.07178997	-7.2537744e-17	-8.930469e-17	5.4554388e-17	-1.8936459e-17	0	-1.8850985e-17
8.450009999927118e-09	-1.6128226e-07	7.161357e-08	0.00023774954	0.07179542	-7.2538e-17	-8.930452e-17	5.4554285e-17	-1.8936775e-17	0	-1.8850988e-17
8.460009999926997e-09	-1.5151126e-07	7.0399786e-08	0.00023748177	0.07180063	-7.253826e-17	-8.930439e-17	5.4554193e-17	-1.8937074e-17	0	-1.8850988e-17
8.470009999926876e-09	-1.5839952e-07	6.408808e-08	0.00023722397	0.07180564	-7.253852e-17	-8.930428e-17	5.4554116e-17	-1.893736e-17	0	-1.8850993e-17
8.480009999926755e-09	-1.5718572e-07	6.287429e-08	0.00023693411	0.071810625	-7.253877e-17	-8.9304206e-17	5.4554067e-17	-1.8937633e-17	0	-1.8850993e-17
8.490009999926634e-09	-1.5318022e-07	5.2799837e-08	0.00023665592	0.07181563	-7.253901e-17	-8.930416e-17	5.4554034e-17	-1.8937891e-17	0	-1.8850996e-17
8.500009999926513e-09	-1.5512228e-07	6.6272904e-08	0.00023636242	0.07182067	-7.2539246e-17	-8.9304126e-17	5.4554017e-17	-1.8938136e-17	0	-1.8850998e-17
8.510009999926392e-09	-1.474754e-07	6.760807e-08	0.00023610776	0.071825735	-7.2539505e-17	-8.9304126e-17	5.455401e-17	-1.8938375e-17	0	-1.8851001e-17
8.520009999926271e-09	-1.6070571e-07	7.2220466e-08	0.00023582544	0.0718309	-7.253973e-17	-8.930415e-17	5.4554027e-17	-1.8938595e-17	0	-1.8851004e-17
8.53000999992615e-09	-1.602202e-07	7.501218e-08	0.0002355101	0.07183618	-7.253997e-17	-8.930419e-17	5.4554044e-17	-1.8938808e-17	0	-1.8851004e-17
8.540009999926029e-09	-1.591278e-07	7.8532175e-08	0.0002351717	0.0718415	-7.2540206e-17	-8.930427e-17	5.4554083e-17	-1.8939011e-17	0	-1.8851006e-17
8.550009999925908e-09	-1.5882434e-07	6.493773e-08	0.00023489859	0.07184672	-7.254044e-17	-8.930436e-17	5.4554133e-17	-1.8939202e-17	0	-1.8851008e-17
8.560009999925787e-09	-1.6106985e-07	5.8383268e-08	0.00023462938	0.0718518	-7.254066e-17	-8.9304464e-17	5.4554193e-17	-1.8939385e-17	0	-1.8851013e-17
8.570009999925666e-09	-1.5767124e-07	7.137081e-08	0.00023430093	0.07185673	-7.254089e-17	-8.930459e-17	5.4554272e-17	-1.8939556e-17	0	-1.8851014e-17
8.580009999925545e-09	-1.5381745e-07	6.9307376e-08	0.00023396568	0.07186153	-7.2541106e-17	-8.930473e-17	5.4554358e-17	-1.893972e-17	0	-1.8851016e-17
8.590009999925424e-09	-1.5536504e-07	7.02784e-08	0.0002336433	0.07186613	-7.2541324e-17	-8.930488e-17	5.4554457e-17	-1.8939873e-17	0	-1.8851016e-17
8.600009999925303e-09	-1.5572918e-07	9.7649355e-08	0.00023339227	0.071870655	-7.254153e-17	-8.9305066e-17	5.4554563e-17	-1.8940019e-17	0	-1.885102e-17
8.610009999925182e-09	-1.6125192e-07	9.249075e-08	0.00023314879	0.071875	-7.2541754e-17	-8.9305245e-17	5.4554672e-17	-1.894016e-17	0	-1.8851021e-17
8.620009999925061e-09	-1.5894572e-07	8.909214e-08	0.00023293881	0.07187919	-7.2541966e-17	-8.9305456e-17	5.4554805e-17	-1.894029e-17	0	-1.8851023e-17
8.63000999992494e-09	-1.4917471e-07	9.5646605e-08	0.00023275237	0.071883224	-7.2542165e-17	-8.930566e-17	5.4554934e-17	-1.8940414e-17	0	-1.8851024e-17
8.640009999924819e-09	-1.4425886e-07	1.1446034e-07	0.00023252782	0.07188721	-7.2542377e-17	-8.93059e-17	5.455508e-17	-1.894053e-17	0	-1.8851024e-17
8.650009999924698e-09	-1.5460643e-07	1.13853446e-07	0.00023226564	0.071891114	-7.2542575e-17	-8.930614e-17	5.4555225e-17	-1.8940641e-17	0	-1.885103e-17
8.660009999924577e-09	-1.6756363e-07	1.0620657e-07	0.00023196389	0.07189492	-7.254278e-17	-8.930638e-17	5.4555377e-17	-1.8940744e-17	0	-1.8851033e-17
8.670009999924456e-09	-1.5239125e-07	9.940935e-08	0.00023164442	0.07189871	-7.254298e-17	-8.9306654e-17	5.455555e-17	-1.8940845e-17	0	-1.8851031e-17
8.680009999924335e-09	-1.567609e-07	9.4432814e-08	0.00023129291	0.07190251	-7.254317e-17	-8.930691e-17	5.4555708e-17	-1.8940936e-17	0	-1.8851036e-17
8.690009999924214e-09	-1.6264778e-07	1.0681347e-07	0.00023100185	0.07190644	-7.254337e-17	-8.930719e-17	5.4555887e-17	-1.8941027e-17	0	-1.8851038e-17
8.700009999924093e-09	-1.5976502e-07	1.1555275e-07	0.00023078432	0.07191032	-7.2543554e-17	-8.930748e-17	5.455607e-17	-1.8941104e-17	0	-1.8851038e-17
8.710009999923972e-09	-1.405568e-07	1.15309994e-07	0.0002306144	0.071914196	-7.254376e-17	-8.9307786e-17	5.455625e-17	-1.8941182e-17	0	-1.885104e-17
8.720009999923851e-09	-1.5685194e-07	1.13853446e-07	0.0002303998	0.07191803	-7.2543925e-17	-8.930808e-17	5.4556446e-17	-1.8941256e-17	0	-1.8851041e-17
8.73000999992373e-09	-1.5433332e-07	1.140962e-07	0.0002301818	0.07192182	-7.2544124e-17	-8.930839e-17	5.4556634e-17	-1.8941328e-17	0	-1.8851041e-17
8.740009999923609e-09	-1.6058434e-07	1.16766536e-07	0.00022991962	0.07192553	-7.25443e-17	-8.93087e-17	5.4556826e-17	-1.8941392e-17	0	-1.8851044e-17
8.750009999923488e-09	-1.5876365e-07	1.1482447e-07	0.00022962953	0.0719292	-7.254449e-17	-8.930903e-17	5.4557038e-17	-1.8941452e-17	0	-1.8851046e-17
8.760009999923367e-09	-1.6155536e-07	9.431143e-08	0.00022934502	0.071932845	-7.254468e-17	-8.930934e-17	5.4557233e-17	-1.8941511e-17	0	-1.8851046e-17
8.770009999923246e-09	-1.6070571e-07	1.0207969e-07	0.00022910663	0.071936436	-7.2544845e-17	-8.930968e-17	5.4557445e-17	-1.8941567e-17	0	-1.8851049e-17
8.780009999923125e-09	-1.6695672e-07	1.0644933e-07	0.00022890199	0.07193998	-7.254504e-17	-8.931001e-17	5.4557647e-17	-1.8941622e-17	0	-1.8851049e-17
8.790009999923004e-09	-1.705374e-07	1.1901205e-07	0.00022870535	0.071943454	-7.25452e-17	-8.931034e-17	5.455786e-17	-1.8941672e-17	0	-1.885105e-17
8.800009999922883e-09	-1.5700365e-07	1.204686e-07	0.00022846478	0.07194694	-7.254538e-17	-8.931068e-17	5.4558067e-17	-1.8941721e-17	0	-1.885105e-17
8.810009999922762e-09	-1.5402988e-07	1.2726582e-07	0.00022818852	0.07195041	-7.254555e-17	-8.931102e-17	5.4558285e-17	-1.8941766e-17	0	-1.885105e-17
8.820009999922641e-09	-1.5060091e-07	1.1300379e-07	0.00022785594	0.07195378	-7.254571e-17	-8.931135e-17	5.4558494e-17	-1.894181e-17	0	-1.8851054e-17
8.83000999992252e-09	-1.5372642e-07	1.1882998e-07	0.00022750976	0.07195702	-7.2545884e-17	-8.9311683e-17	5.455871e-17	-1.8941854e-17	0	-1.8851054e-17
8.840009999922399e-09	-1.6204088e-07	1.2514168e-07	0.00022724638	0.07196015	-7.254606e-17	-8.9312034e-17	5.4558924e-17	-1.8941897e-17	0	-1.8851056e-17
8.850009999922278e-09	-1.645595e-07	1.2987546e-07	0.00022702255	0.0719632	-7.254623e-17	-8.9312365e-17	5.455914e-17	-1.894194e-17	0	-1.8851056e-17
8.860009999922157e-09	-1.7326843e-07	1.17494814e-07	0.00022681718	0.07196625	-7.2546393e-17	-8.931271e-17	5.455935e-17	-1.8941976e-17	0	-1.8851057e-17
8.870009999922036e-09	-1.65925e-07	1.2065067e-07	0.0002266686	0.07196938	-7.254655e-17	-8.9313033e-17	5.455956e-17	-1.8942017e-17	0	-1.8851057e-17
8.880009999921915e-09	-1.5833882e-07	1.2653754e-07	0.0002265312	0.071972616	-7.254671e-17	-8.9313364e-17	5.4559768e-17	-1.8942062e-17	0	-1.8851059e-17
8.890009999921794e-09	-1.6270846e-07	1.5014575e-07	0.0002263319	0.07197588	-7.2546876e-17	-8.931369e-17	5.4559973e-17	-1.8942104e-17	0	-1.8851059e-17
8.900009999921673e-09	-1.6064503e-07	1.5269471e-07	0.00022608963	0.07197915	-7.254704e-17	-8.9314006e-17	5.4560175e-17	-1.8942147e-17	0	-1.8851059e-17
8.910009999921552e-09	-1.6683535e-07	1.46383e-07	0.00022581217	0.07198244	-7.2547214e-17	-8.931432e-17	5.4560367e-17	-1.8942191e-17	0	-1.8851059e-17
8.92000999992143e-09	-1.7284361e-07	1.319389e-07	0.00022552644	0.07198579	-7.2547366e-17	-8.931462e-17	5.456057e-17	-1.8942234e-17	0	-1.8851059e-17
8.93000999992131e-09	-1.7527118e-07	1.3351683e-07	0.00022526571	0.071989276	-7.2547525e-17	-8.931493e-17	5.456076e-17	-1.8942285e-17	0	-1.8851062e-17
8.940009999921189e-09	-1.7235809e-07	1.3867543e-07	0.0002249829	0.071992755	-7.254768e-17	-8.931524e-17	5.4560952e-17	-1.8942335e-17	0	-1.8851059e-17
8.950009999921068e-09	-1.6628914e-07	1.3418442e-07	0.00022473917	0.071996205	-7.2547836e-17	-8.931552e-17	5.4561138e-17	-1.8942386e-17	0	-1.8851062e-17
8.960009999920947e-09	-1.6028089e-07	1.3867543e-07	0.00022449302	0.07199961	-7.254799e-17	-8.9315806e-17	5.4561316e-17	-1.894244e-17	0	-1.8851062e-17
8.970009999920826e-09	-1.5718572e-07	1.4116371e-07	0.00022425779	0.072002985	-7.2548134e-17	-8.9316064e-17	5.4561485e-17	-1.89425e-17	0	-1.8851062e-17
8.980009999920705e-09	-1.56154e-07	1.3649061e-07	0.00022407038	0.0720063	-7.25483e-17	-8.931632e-17	5.4561647e-17	-1.8942567e-17	0	-1.8851062e-17
8.990009999920584e-09	-1.5108644e-07	1.3333477e-07	0.00022388103	0.07200951	-7.254845e-17	-8.9316574e-17	5.4561803e-17	-1.894263e-17	0	-1.8851062e-17
9.000009999920463e-09	-1.4614024e-07	1.2684099e-07	0.00022369361	0.07201265	-7.2548604e-17	-8.931681e-17	5.4561965e-17	-1.8942704e-17	0	-1.8851062e-17
9.010009999920342e-09	-1.57034e-07	1.3327407e-07	0.00022347877	0.072015725	-7.254877e-17	-8.9317024e-17	5.45621e-17	-1.8942782e-17	0	-1.8851062e-17
9.02000999992022e-09	-1.6983948e-07	1.34852e-07	0.00022321247	0.07201869	-7.2548915e-17	-8.931723e-17	5.456224e-17	-1.8942863e-17	0	-1.8851062e-17
9.0300099999201e-09	-1.6389191e-07	1.250203e-07	0.00022294713	0.072021596	-7.2549073e-17	-8.931743e-17	5.4562362e-17	-1.8942949e-17	0	-1.8851062e-17
9.040009999919979e-09	-1.5651814e-07	1.3278856e-07	0.00022272671	0.07202448	-7.254924e-17	-8.93176e-17	5.456247e-17	-1.8943042e-17	0	-1.8851062e-17
9.050009999919858e-09	-1.5724642e-07	1.2957202e-07	0.000222516	0.07202728	-7.254939e-17	-8.931775e-17	5.456257e-17	-1.8943146e-17	0	-1.8851059e-17
9.060009999919737e-09	-1.5117747e-07	1.3145339e-07	0.00022230334	0.072030015	-7.254955e-17	-8.93179e-17	5.456267e-17	-1.8943253e-17	0	-1.8851059e-17
9.070009999919616e-09	-1.3558028e-07	1.4650438e-07	0.00022207247	0.072032735	-7.25497e-17	-8.9318016e-17	5.4562742e-17	-1.8943374e-17	0	-1.8851057e-17
9.080009999919495e-09	-1.4862852e-07	1.417099e-07	0.00022183044	0.07203541	-7.2549854e-17	-8.9318116e-17	5.4562812e-17	-1.8943496e-17	0	-1.8851057e-17
9.090009999919374e-09	-1.6744225e-07	1.2417065e-07	0.0002215571	0.072038144	-7.2550006e-17	-8.931819e-17	5.4562868e-17	-1.8943634e-17	0	-1.8851057e-17
9.100009999919253e-09	-1.5779261e-07	1.3181753e-07	0.00022128035	0.07204091	-7.2550165e-17	-8.931824e-17	5.4562904e-17	-1.8943776e-17	0	-1.8851056e-17
9.110009999919132e-09	-1.5770159e-07	1.319996e-07	0.00022102935	0.07204375	-7.255033e-17	-8.931827e-17	5.456292e-17	-1.8943933e-17	0	-1.8851056e-17
9.12000999991901e-09	-1.4595817e-07	1.3667268e-07	0.000220798	0.07204663	-7.255049e-17	-8.9318274e-17	5.4562934e-17	-1.8944099e-17	0	-1.8851054e-17
9.13000999991889e-09	-1.5208781e-07	1.3460924e-07	0.00022055767	0.07204953	-7.255065e-17	-8.931824e-17	5.456293e-17	-1.8944272e-17	0	-1.885105e-17
9.140009999918769e-09	-1.5876365e-07	1.4990299e-07	0.00022029888	0.07205252	-7.255082e-17	-8.9318195e-17	5.4562898e-17	-1.8944463e-17	0	-1.8851049e-17
9.150009999918648e-09	-1.4450163e-07	1.4116371e-07	0.00022008817	0.0720556	-7.255097e-17	-8.9318116e-17	5.456285e-17	-1.8944668e-17	0	-1.8851047e-17
9.160009999918527e-09	-1.4492645e-07	1.4359128e-07	0.00021990295	0.07205868	-7.2551145e-17	-8.9317996e-17	5.4562782e-17	-1.8944886e-17	0	-1.8851046e-17
9.170009999918406e-09	-1.5545608e-07	1.3861475e-07	0.0002196818	0.07206176	-7.255131e-17	-8.931785e-17	5.4562696e-17	-1.8945114e-17	0	-1.8851044e-17
9.180009999918285e-09	-1.4368231e-07	1.4225611e-07	0.0002194354	0.072064795	-7.255147e-17	-8.9317666e-17	5.456259e-17	-1.894536e-17	0	-1.8851041e-17
9.190009999918163e-09	-1.4143681e-07	1.5706435e-07	0.0002191169	0.07206781	-7.2551634e-17	-8.931744e-17	5.456246e-17	-1.894562e-17	0	-1.885104e-17
9.200009999918042e-09	-1.5075264e-07	1.4662575e-07	0.00021881588	0.07207088	-7.255181e-17	-8.9317196e-17	5.456231e-17	-1.8945899e-17	0	-1.8851036e-17
9.210009999917921e-09	-1.5536504e-07	1.406782e-07	0.00021851438	0.07207396	-7.2551985e-17	-8.931689e-17	5.4562134e-17	-1.8946191e-17	0	-1.8851036e-17
9.2200099999178e-09	-1.5378711e-07	1.3667268e-07	0.00021823884	0.07207702	-7.2552164e-17	-8.9316554e-17	5.4561932e-17	-1.8946504e-17	0	-1.8851031e-17
9.23000999991768e-09	-1.4802161e-07	1.4941747e-07	0.000218016	0.07208006	-7.2552336e-17	-8.9316163e-17	5.4561697e-17	-1.894684e-17	0	-1.885103e-17
9.240009999917558e-09	-1.591278e-07	1.6386157e-07	0.00021780019	0.07208319	-7.255252e-17	-8.931574e-17	5.4561432e-17	-1.8947192e-17	0	-1.8851028e-17
9.250009999917437e-09	-1.6847396e-07	1.544547e-07	0.00021750596	0.072086476	-7.2552706e-17	-8.931527e-17	5.4561148e-17	-1.8947563e-17	0	-1.8851023e-17
9.260009999917316e-09	-1.5660918e-07	1.3412372e-07	0.00021717533	0.072089925	-7.2552885e-17	-8.931474e-17	5.456083e-17	-1.8947962e-17	0	-1.885102e-17
9.270009999917195e-09	-1.4990299e-07	1.2344238e-07	0.00021688086	0.07209346	-7.2553084e-17	-8.9314165e-17	5.4560482e-17	-1.8948378e-17	0	-1.8851016e-17
9.280009999917074e-09	-1.533016e-07	1.3218167e-07	0.0002165876	0.07209692	-7.255328e-17	-8.931354e-17	5.4560092e-17	-1.8948819e-17	0	-1.8851013e-17
9.290009999916953e-09	-1.4416783e-07	1.23321e-07	0.00021632931	0.07210032	-7.2553474e-17	-8.9312855e-17	5.4559675e-17	-1.8949285e-17	0	-1.8851006e-17
9.300009999916832e-09	-1.4444093e-07	1.18223085e-07	0.00021608899	0.072103694	-7.255368e-17	-8.9312113e-17	5.4559225e-17	-1.8949778e-17	0	-1.8851004e-17
9.310009999916711e-09	-1.5008506e-07	1.3169615e-07	0.00021584841	0.072107114	-7.255388e-17	-8.9311306e-17	5.455873e-17	-1.89503e-17	0	-1.8850998e-17
9.32000999991659e-09	-1.5318022e-07	1.486892e-07	0.0002156457	0.0721105	-7.2554096e-17	-8.9310446e-17	5.4558196e-17	-1.8950848e-17	0	-1.8850996e-17
9.33000999991647e-09	-1.4856782e-07	1.3181753e-07	0.00021533207	0.07211388	-7.2554295e-17	-8.9309506e-17	5.4557617e-17	-1.8951424e-17	0	-1.885099e-17
9.340009999916348e-09	-1.5463677e-07	1.3873613e-07	0.00021496962	0.07211722	-7.255451e-17	-8.930851e-17	5.4557008e-17	-1.8952035e-17	0	-1.8850985e-17
9.350009999916227e-09	-1.6179813e-07	1.3630854e-07	0.00021457222	0.07212055	-7.2554745e-17	-8.930743e-17	5.4556343e-17	-1.8952675e-17	0	-1.885098e-17
9.360009999916106e-09	-1.5512228e-07	1.2975408e-07	0.00021424063	0.07212385	-7.2554956e-17	-8.930628e-17	5.455564e-17	-1.8953347e-17	0	-1.8850973e-17
9.370009999915985e-09	-1.4316646e-07	1.3339546e-07	0.00021388619	0.07212715	-7.255521e-17	-8.930507e-17	5.4554887e-17	-1.8954051e-17	0	-1.8850968e-17
9.380009999915864e-09	-1.4343956e-07	1.347913e-07	0.0002135138	0.07213054	-7.255543e-17	-8.930377e-17	5.455409e-17	-1.8954792e-17	0	-1.885096e-17
9.390009999915743e-09	-1.5299815e-07	1.3788647e-07	0.00021314311	0.07213401	-7.255568e-17	-8.930239e-17	5.455324e-17	-1.8955568e-17	0	-1.8850955e-17
9.400009999915622e-09	-1.4453197e-07	1.291472e-07	0.00021280009	0.072137594	-7.2555936e-17	-8.9300937e-17	5.455234e-17	-1.895639e-17	0	-1.8850947e-17
9.410009999915501e-09	-1.3952508e-07	1.4031406e-07	0.0002124748	0.0721414	-7.2556174e-17	-8.929937e-17	5.455138e-17	-1.895725e-17	0	-1.8850942e-17
9.42000999991538e-09	-1.4243818e-07	1.3284925e-07	0.00021213251	0.072145335	-7.255644e-17	-8.9297734e-17	5.455037e-17	-1.8958141e-17	0	-1.8850935e-17
9.43000999991526e-09	-1.4213474e-07	1.2456513e-07	0.00021182421	0.07214936	-7.25567e-17	-8.9295993e-17	5.45493e-17	-1.8959082e-17	0	-1.8850928e-17
9.440009999915138e-09	-1.3020926e-07	1.187086e-07	0.00021146517	0.07215342	-7.255698e-17	-8.9294174e-17	5.4548167e-17	-1.8960063e-17	0	-1.8850918e-17
9.450009999915017e-09	-1.15674126e-07	1.2371548e-07	0.00021107675	0.07215756	-7.255727e-17	-8.929223e-17	5.4546976e-17	-1.8961092e-17	0	-1.885091e-17
9.460009999914896e-09	-1.2386721e-07	1.2608237e-07	0.0002106784	0.0721618	-7.255756e-17	-8.929021e-17	5.454572e-17	-1.8962166e-17	0	-1.8850904e-17
9.470009999914775e-09	-1.2295686e-07	1.2310859e-07	0.00021028197	0.07216613	-7.2557855e-17	-8.928807e-17	5.4544405e-17	-1.8963288e-17	0	-1.8850895e-17
9.480009999914654e-09	-1.3375958e-07	1.1907274e-07	0.00020984671	0.07217057	-7.255816e-17	-8.928583e-17	5.4543016e-17	-1.8964457e-17	0	-1.8850885e-17
9.490009999914533e-09	-1.342451e-07	1.2471686e-07	0.0002094282	0.07217501	-7.255847e-17	-8.928348e-17	5.4541567e-17	-1.896568e-17	0	-1.8850877e-17
9.500009999914412e-09	-1.2077204e-07	1.2283549e-07	0.00020896403	0.07217945	-7.2558794e-17	-8.928101e-17	5.4540035e-17	-1.8966952e-17	0	-1.8850869e-17
9.510009999914291e-09	-1.2192514e-07	1.1907274e-07	0.00020849502	0.07218392	-7.255912e-17	-8.927843e-17	5.4538446e-17	-1.8968275e-17	0	-1.8850859e-17
9.52000999991417e-09	-1.2441342e-07	1.1257897e-07	0.00020806292	0.072188415	-7.255946e-17	-8.927573e-17	5.4536766e-17	-1.8969654e-17	0	-1.8850849e-17
9.530009999914049e-09	-1.0881622e-07	1.00198314e-07	0.00020763009	0.07219291	-7.255981e-17	-8.927291e-17	5.453503e-17	-1.897109e-17	0	-1.8850839e-17
9.540009999913928e-09	-8.939559e-08	9.813487e-08	0.0002072101	0.07219743	-7.2560164e-17	-8.926997e-17	5.4533215e-17	-1.8972575e-17	0	-1.8850829e-17
9.550009999913807e-09	-1.0077486e-07	9.9834175e-08	0.00020682436	0.07220194	-7.2560535e-17	-8.9266916e-17	5.4531313e-17	-1.8974122e-17	0	-1.8850816e-17
9.560009999913686e-09	-1.1543137e-07	8.435836e-08	0.00020643014	0.07220647	-7.2560905e-17	-8.9263713e-17	5.452934e-17	-1.8975728e-17	0	-1.8850806e-17
9.570009999913565e-09	-1.1949757e-07	8.229492e-08	0.00020597204	0.07221101	-7.25613e-17	-8.926039e-17	5.452728e-17	-1.8977393e-17	0	-1.8850796e-17
9.580009999913444e-09	-1.1615965e-07	9.415971e-08	0.00020547755	0.07221558	-7.25617e-17	-8.925694e-17	5.4525145e-17	-1.8979117e-17	0	-1.8850783e-17
9.590009999913323e-09	-1.2143963e-07	9.491833e-08	0.00020493523	0.07222028	-7.2562097e-17	-8.9253364e-17	5.4522932e-17	-1.8980895e-17	0	-1.8850773e-17
9.600009999913202e-09	-1.0644933e-07	8.8728e-08	0.0002043781	0.07222509	-7.2562513e-17	-8.924965e-17	5.4520636e-17	-1.8982738e-17	0	-1.8850761e-17
9.610009999913081e-09	-1.1324655e-07	1.0147279e-07	0.00020379135	0.07223001	-7.256295e-17	-8.924581e-17	5.451825e-17	-1.898464e-17	0	-1.885075e-17
9.62000999991296e-09	-1.09362425e-07	9.491833e-08	0.00020325874	0.07223507	-7.256339e-17	-8.924184e-17	5.4515795e-17	-1.8986601e-17	0	-1.8850738e-17
9.630009999912839e-09	-9.862039e-08	8.247699e-08	0.00020279823	0.07224028	-7.256384e-17	-8.9237747e-17	5.4513264e-17	-1.8988618e-17	0	-1.8850727e-17
9.640009999912718e-09	-8.81818e-08	9.1671446e-08	0.00020232242	0.0722455	-7.2564294e-17	-8.923353e-17	5.4510647e-17	-1.8990699e-17	0	-1.8850713e-17
9.650009999912597e-09	-9.5464536e-08	1.04871404e-07	0.00020182016	0.07225077	-7.2564763e-17	-8.922917e-17	5.450795e-17	-1.8992834e-17	0	-1.8850702e-17
9.660009999912476e-09	-9.3340404e-08	9.503971e-08	0.00020134824	0.07225601	-7.2565246e-17	-8.922472e-17	5.4505184e-17	-1.8995022e-17	0	-1.8850692e-17
9.670009999912355e-09	-8.778731e-08	8.748387e-08	0.00020086856	0.07226115	-7.2565736e-17	-8.922014e-17	5.450235e-17	-1.8997265e-17	0	-1.885068e-17
9.680009999912234e-09	-8.205216e-08	8.1445265e-08	0.00020033594	0.07226609	-7.2566226e-17	-8.921543e-17	5.4499433e-17	-1.8999563e-17	0	-1.8850669e-17
9.690009999912113e-09	-8.966869e-08	6.80329e-08	0.00019981473	0.0722709	-7.256674e-17	-8.921064e-17	5.4496465e-17	-1.9001905e-17	0	-1.8850659e-17
9.700009999911992e-09	-9.877211e-08	7.228116e-08	0.00019934234	0.07227557	-7.256726e-17	-8.920575e-17	5.4493435e-17	-1.900429e-17	0	-1.8850649e-17
9.710009999911871e-09	-9.51004e-08	6.8427376e-08	0.00019887963	0.07228019	-7.2567774e-17	-8.920076e-17	5.4490344e-17	-1.9006718e-17	0	-1.885064e-17
9.72000999991175e-09	-8.812111e-08	6.6637035e-08	0.00019843684	0.07228474	-7.256832e-17	-8.91957e-17	5.4487204e-17	-1.9009181e-17	0	-1.8850632e-17
9.730009999911629e-09	-7.646873e-08	5.3983282e-08	0.00019801687	0.072289206	-7.256884e-17	-8.9190564e-17	5.4484025e-17	-1.9011678e-17	0	-1.8850624e-17
9.740009999911508e-09	-7.880528e-08	7.064254e-08	0.00019759618	0.07229359	-7.2569396e-17	-8.918539e-17	5.4480815e-17	-1.90142e-17	0	-1.8850617e-17
9.750009999911387e-09	-8.909214e-08	8.211285e-08	0.00019714634	0.07229788	-7.256994e-17	-8.9180155e-17	5.447757e-17	-1.9016742e-17	0	-1.885061e-17
9.760009999911266e-09	-8.496526e-08	7.244805e-08	0.0001966965	0.072301954	-7.257049e-17	-8.91749e-17	5.447431e-17	-1.9019293e-17	0	-1.8850609e-17
9.770009999911145e-09	-8.314457e-08	4.9188813e-08	0.00019629717	0.07230575	-7.257103e-17	-8.9169627e-17	5.4471044e-17	-1.902185e-17	0	-1.8850606e-17
9.780009999911024e-09	-7.2797015e-08	5.484811e-08	0.00019593329	0.07230931	-7.2571586e-17	-8.916436e-17	5.4467782e-17	-1.9024408e-17	0	-1.8850602e-17
9.790009999910903e-09	-6.703152e-08	6.190326e-08	0.0001956274	0.072312735	-7.2572135e-17	-8.915911e-17	5.4464533e-17	-1.9026952e-17	0	-1.8850606e-17
9.800009999910782e-09	-6.8214966e-08	5.7973615e-08	0.0001953628	0.07231595	-7.25727e-17	-8.9153923e-17	5.446131e-17	-1.9029475e-17	0	-1.8850606e-17
9.810009999910661e-09	-5.4074317e-08	7.663563e-08	0.00019513388	0.07231901	-7.2573234e-17	-8.914878e-17	5.4458127e-17	-1.903197e-17	0	-1.8850609e-17
9.82000999991054e-09	-4.973502e-08	5.498466e-08	0.00019492194	0.07232189	-7.2573776e-17	-8.914373e-17	5.4454997e-17	-1.9034427e-17	0	-1.8850616e-17
9.830009999910419e-09	-5.2890872e-08	6.3390154e-08	0.00019474473	0.07232452	-7.2574306e-17	-8.9138776e-17	5.4451927e-17	-1.9036834e-17	0	-1.8850619e-17
9.840009999910298e-09	-4.6306067e-08	7.537632e-08	0.0001945549	0.0723269	-7.2574835e-17	-8.913394e-17	5.444894e-17	-1.9039186e-17	0	-1.8850629e-17
9.850009999910177e-09	-4.748951e-08	6.958047e-08	0.00019433424	0.072329134	-7.257534e-17	-8.912926e-17	5.4446034e-17	-1.9041468e-17	0	-1.885064e-17
9.860009999910056e-09	-5.1525358e-08	6.35267e-08	0.0001941779	0.07233135	-7.257585e-17	-8.912477e-17	5.4443238e-17	-1.9043675e-17	0	-1.8850652e-17
9.870009999909935e-09	-4.7034337e-08	5.7594306e-08	0.0001940791	0.072333544	-7.257633e-17	-8.912043e-17	5.444055e-17	-1.9045794e-17	0	-1.8850667e-17
9.880009999909814e-09	-4.6063306e-08	6.096257e-08	0.0001940337	0.07233534	-7.2576814e-17	-8.911631e-17	5.4438e-17	-1.9047824e-17	0	-1.885068e-17
9.890009999909693e-09	-4.7034337e-08	6.505911e-08	0.00019401695	0.07233683	-7.2577264e-17	-8.9112406e-17	5.4435585e-17	-1.9049751e-17	0	-1.8850695e-17
9.900009999909572e-09	-3.8052296e-08	6.126602e-08	0.00019403976	0.07233797	-7.2577714e-17	-8.910874e-17	5.4433312e-17	-1.905157e-17	0	-1.8850713e-17
9.91000999990945e-09	-3.562472e-08	4.975019e-08	0.00019403006	0.07233873	-7.257816e-17	-8.9105345e-17	5.4431204e-17	-1.9053277e-17	0	-1.8850731e-17
9.92000999990933e-09	-4.9643987e-08	6.291981e-08	0.00019405021	0.07233895	-7.257856e-17	-8.9102195e-17	5.4429255e-17	-1.9054865e-17	0	-1.885075e-17
9.930009999909209e-09	-5.6501896e-08	5.7594306e-08	0.00019410677	0.07233869	-7.257894e-17	-8.9099316e-17	5.442747e-17	-1.905633e-17	0	-1.885077e-17
9.940009999909088e-09	-3.780954e-08	6.185774e-08	0.00019419707	0.072338104	-7.2579315e-17	-8.9096716e-17	5.4425864e-17	-1.9057674e-17	0	-1.885079e-17
9.950009999908967e-09	-2.7613709e-08	5.8011548e-08	0.00019431142	0.07233717	-7.257968e-17	-8.909439e-17	5.442442e-17	-1.90589e-17	0	-1.8850808e-17
9.960009999908846e-09	-3.2833004e-08	7.164392e-08	0.00019441871	0.07233582	-7.258002e-17	-8.909236e-17	5.4423164e-17	-1.9059995e-17	0	-1.8850826e-17
9.970009999908725e-09	-2.7613709e-08	8.139975e-08	0.00019454301	0.07233403	-7.258035e-17	-8.909061e-17	5.4422072e-17	-1.906097e-17	0	-1.8850844e-17
9.980009999908604e-09	-3.2529556e-08	7.3479775e-08	0.00019465492	0.07233185	-7.258064e-17	-8.908911e-17	5.442116e-17	-1.9061826e-17	0	-1.8850859e-17
9.990009999908483e-09	-2.4366821e-08	6.955013e-08	0.00019476197	0.07232929	-7.258094e-17	-8.90879e-17	5.442041e-17	-1.9062563e-17	0	-1.8850877e-17
1.0000009999908362e-08	-1.6568226e-08	5.798879e-08	0.00019488335	0.07232637	-7.2581214e-17	-8.908696e-17	5.4419825e-17	-1.9063186e-17	0	-1.885089e-17
1.001000999990824e-08	-3.095163e-08	7.402598e-08	0.00019500619	0.07232306	-7.258147e-17	-8.908626e-17	5.4419392e-17	-1.9063704e-17	0	-1.8850907e-17
1.002000999990812e-08	-3.6110233e-08	8.0299756e-08	0.00019512247	0.07231951	-7.258173e-17	-8.90858e-17	5.4419104e-17	-1.9064118e-17	0	-1.8850918e-17
1.0030009999907999e-08	-1.7296498e-08	7.780769e-08	0.0001952441	0.07231561	-7.258196e-17	-8.908555e-17	5.4418962e-17	-1.9064435e-17	0	-1.885093e-17
1.0040009999907878e-08	-1.6204089e-08	6.7881174e-08	0.00019538368	0.07231146	-7.2582194e-17	-8.9085526e-17	5.4418945e-17	-1.9064664e-17	0	-1.8850945e-17
1.0050009999907757e-08	-1.3533752e-08	7.3582186e-08	0.0001954934	0.07230702	-7.25824e-17	-8.90857e-17	5.4419054e-17	-1.9064806e-17	0	-1.8850953e-17
1.0060009999907636e-08	-7.828942e-09	1.0237555e-07	0.00019559269	0.07230235	-7.2582624e-17	-8.908606e-17	5.4419276e-17	-1.9064869e-17	0	-1.8850963e-17
1.0070009999907515e-08	7.282736e-09	1.01245206e-07	0.00019570508	0.07229749	-7.25828e-17	-8.908658e-17	5.4419594e-17	-1.906486e-17	0	-1.8850971e-17
1.0080009999907394e-08	2.1180625e-08	9.057524e-08	0.00019582064	0.07229251	-7.2582994e-17	-8.908723e-17	5.4420014e-17	-1.9064796e-17	0	-1.885098e-17
1.0090009999907273e-08	2.0027525e-08	9.096403e-08	0.00019600004	0.072287515	-7.258318e-17	-8.908804e-17	5.442051e-17	-1.9064667e-17	0	-1.8850988e-17
1.0100009999907152e-08	3.8234367e-09	1.01586586e-07	0.00019615516	0.07228246	-7.258335e-17	-8.9088967e-17	5.4421096e-17	-1.9064482e-17	0	-1.8850995e-17
1.011000999990703e-08	-7.525494e-09	1.2477754e-07	0.0001963319	0.07227737	-7.2583524e-17	-8.908999e-17	5.4421735e-17	-1.9064252e-17	0	-1.8851001e-17
1.012000999990691e-08	-4.8551574e-10	1.3407441e-07	0.00019655353	0.0722723	-7.258367e-17	-8.909111e-17	5.442243e-17	-1.9063984e-17	0	-1.8851008e-17
1.0130009999906789e-08	3.1619212e-08	1.2533702e-07	0.00019675598	0.0722672	-7.258383e-17	-8.9092335e-17	5.4423187e-17	-1.9063671e-17	0	-1.8851011e-17
1.0140009999906668e-08	5.5591553e-08	1.14014654e-07	0.00019695383	0.072262116	-7.258398e-17	-8.909361e-17	5.442398e-17	-1.9063333e-17	0	-1.8851016e-17
1.0150009999906547e-08	5.3406733e-08	1.07725704e-07	0.0001971291	0.07225707	-7.2584106e-17	-8.909495e-17	5.442482e-17	-1.9062963e-17	0	-1.8851021e-17
1.0160009999906426e-08	4.3999865e-08	9.054869e-08	0.00019725485	0.072252065	-7.258425e-17	-8.9096345e-17	5.4425685e-17	-1.9062567e-17	0	-1.8851024e-17
1.0170009999906305e-08	4.888537e-08	1.0507054e-07	0.0001973272	0.07224709	-7.258438e-17	-8.909778e-17	5.442659e-17	-1.9062154e-17	0	-1.885103e-17
1.0180009999906184e-08	4.9401226e-08	1.3288339e-07	0.00019745635	0.07224213	-7.258451e-17	-8.909926e-17	5.44275e-17	-1.9061724e-17	0	-1.8851033e-17
1.0190009999906063e-08	7.100668e-08	1.3357942e-07	0.00019762627	0.07223725	-7.2584636e-17	-8.9100766e-17	5.4428438e-17	-1.9061277e-17	0	-1.8851038e-17
1.0200009999905942e-08	8.690732e-08	1.03678474e-07	0.00019783869	0.07223243	-7.2584755e-17	-8.910229e-17	5.4429398e-17	-1.906082e-17	0	-1.8851041e-17
1.021000999990582e-08	5.7199824e-08	1.1809602e-07	0.00019802099	0.07222765	-7.258488e-17	-8.910384e-17	5.4430357e-17	-1.9060349e-17	0	-1.8851044e-17
1.02200099999057e-08	5.8383268e-08	1.512173e-07	0.00019816495	0.07222295	-7.2584986e-17	-8.910539e-17	5.4431326e-17	-1.905987e-17	0	-1.8851046e-17
1.0230009999905578e-08	7.5983216e-08	1.6677465e-07	0.00019831644	0.07221835	-7.2585105e-17	-8.910696e-17	5.4432296e-17	-1.9059388e-17	0	-1.8851047e-17
1.0240009999905457e-08	8.058044e-08	1.6392036e-07	0.00019843344	0.07221391	-7.258521e-17	-8.910853e-17	5.4433275e-17	-1.9058903e-17	0	-1.8851054e-17
1.0250009999905336e-08	8.921352e-08	1.4577421e-07	0.00019858565	0.072209656	-7.258531e-17	-8.911011e-17	5.4434258e-17	-1.905841e-17	0	-1.8851054e-17
1.0260009999905215e-08	6.651566e-08	1.3541717e-07	0.000198733	0.07220557	-7.2585416e-17	-8.911169e-17	5.443524e-17	-1.9057914e-17	0	-1.8851057e-17
1.0270009999905094e-08	7.514873e-08	1.5355573e-07	0.00019888085	0.07220165	-7.2585516e-17	-8.9113266e-17	5.4436223e-17	-1.9057417e-17	0	-1.8851057e-17
1.0280009999904973e-08	8.545077e-08	1.6970482e-07	0.00019904884	0.072197855	-7.258563e-17	-8.911485e-17	5.44372e-17	-1.9056921e-17	0	-1.8851059e-17
1.0290009999904852e-08	7.2979084e-08	1.5081713e-07	0.00019918065	0.07219421	-7.258571e-17	-8.911641e-17	5.4438182e-17	-1.9056418e-17	0	-1.8851064e-17
1.0300009999904731e-08	7.234185e-08	1.4395542e-07	0.0001993433	0.07219073	-7.2585813e-17	-8.9117984e-17	5.4439155e-17	-1.9055924e-17	0	-1.8851066e-17
1.031000999990461e-08	8.903145e-08	1.56154e-07	0.00019950158	0.07218734	-7.258589e-17	-8.9119526e-17	5.4440124e-17	-1.9055426e-17	0	-1.8851067e-17
1.032000999990449e-08	1.0420382e-07	1.3690027e-07	0.0001996567	0.072184116	-7.258598e-17	-8.912107e-17	5.444109e-17	-1.905493e-17	0	-1.8851067e-17
1.0330009999904368e-08	9.8741765e-08	1.2963271e-07	0.00019971885	0.07218099	-7.2586065e-17	-8.91226e-17	5.444205e-17	-1.9054435e-17	0	-1.885107e-17
1.0340009999904247e-08	1.1179e-07	1.3910027e-07	0.0001998276	0.072177984	-7.258616e-17	-8.9124145e-17	5.4443003e-17	-1.905394e-17	0	-1.8851072e-17
1.0350009999904126e-08	1.2204653e-07	1.3445373e-07	0.00019995263	0.07217508	-7.2586224e-17	-8.912565e-17	5.444395e-17	-1.9053452e-17	0	-1.8851074e-17
1.0360009999904005e-08	1.2210721e-07	1.479723e-07	0.00020009172	0.07217227	-7.2586316e-17	-8.9127176e-17	5.444489e-17	-1.9052959e-17	0	-1.8851074e-17
1.0370009999903884e-08	1.1549206e-07	1.342451e-07	0.00020021504	0.07216958	-7.258639e-17	-8.9128665e-17	5.4445825e-17	-1.9052474e-17	0	-1.8851079e-17
1.0380009999903763e-08	1.2690168e-07	1.4299957e-07	0.00020030462	0.072166964	-7.258647e-17	-8.9130154e-17	5.4446752e-17	-1.905199e-17	0	-1.8851079e-17
1.0390009999903642e-08	1.1846584e-07	1.5210678e-07	0.00020039469	0.0721644	-7.2586555e-17	-8.9131636e-17	5.4447678e-17	-1.9051511e-17	0	-1.885108e-17
1.0400009999903521e-08	1.4741472e-07	1.6333811e-07	0.00020051436	0.07216191	-7.258663e-17	-8.9133105e-17	5.4448595e-17	-1.9051033e-17	0	-1.885108e-17
1.04100099999034e-08	1.3818992e-07	1.4850333e-07	0.0002006673	0.07215949	-7.2586713e-17	-8.913456e-17	5.4449495e-17	-1.9050553e-17	0	-1.8851082e-17
1.042000999990328e-08	1.4841609e-07	1.5228505e-07	0.00020081586	0.07215714	-7.258677e-17	-8.913601e-17	5.44504e-17	-1.905008e-17	0	-1.8851082e-17
1.0430009999903158e-08	1.7079533e-07	1.6902017e-07	0.00020091419	0.07215485	-7.2586846e-17	-8.9137446e-17	5.4451298e-17	-1.904961e-17	0	-1.8851084e-17
1.0440009999903037e-08	1.7624222e-07	1.6216227e-07	0.00020097487	0.07215265	-7.258691e-17	-8.9138875e-17	5.4452185e-17	-1.9049149e-17	0	-1.8851086e-17
1.0450009999902916e-08	1.7105327e-07	1.6813259e-07	0.00020105329	0.07215054	-7.258699e-17	-8.914028e-17	5.4453065e-17	-1.904868e-17	0	-1.8851086e-17
1.0460009999902795e-08	1.6698708e-07	1.7686429e-07	0.0002011669	0.07214849	-7.258706e-17	-8.914168e-17	5.445394e-17	-1.9048223e-17	0	-1.8851086e-17
1.0470009999902674e-08	1.4400094e-07	1.7895808e-07	0.00020126182	0.072146475	-7.258712e-17	-8.9143064e-17	5.4454805e-17	-1.9047764e-17	0	-1.885109e-17
1.0480009999902553e-08	1.4850713e-07	1.9017804e-07	0.00020139242	0.07214454	-7.258718e-17	-8.914444e-17	5.4455665e-17	-1.9047313e-17	0	-1.8851089e-17
1.0490009999902432e-08	1.8146152e-07	1.7220637e-07	0.00020151817	0.07214267	-7.258727e-17	-8.914582e-17	5.4456516e-17	-1.9046864e-17	0	-1.885109e-17
1.0500009999902311e-08	2.0297593e-07	1.9471457e-07	0.00020158323	0.07214087	-7.258732e-17	-8.9147174e-17	5.445736e-17	-1.9046416e-17	0	-1.8851092e-17
1.051000999990219e-08	2.0531247e-07	2.1889933e-07	0.00020167402	0.072139114	-7.258738e-17	-8.9148524e-17	5.4458203e-17	-1.9045973e-17	0	-1.8851092e-17
1.052000999990207e-08	2.0033593e-07	2.1012211e-07	0.00020175315	0.0721374	-7.258744e-17	-8.914985e-17	5.4459037e-17	-1.9045531e-17	0	-1.8851092e-17
1.0530009999901948e-08	2.0828625e-07	2.2216898e-07	0.00020183278	0.072135754	-7.258751e-17	-8.915118e-17	5.4459858e-17	-1.9045094e-17	0	-1.8851094e-17
1.0540009999901827e-08	2.092573e-07	2.3838824e-07	0.00020190148	0.07213415	-7.258756e-17	-8.915249e-17	5.4460678e-17	-1.9044657e-17	0	-1.8851097e-17
1.0550009999901706e-08	2.0197456e-07	2.2892068e-07	0.00020195222	0.07213263	-7.258762e-17	-8.91538e-17	5.4461492e-17	-1.9044229e-17	0	-1.8851097e-17
1.0560009999901585e-08	2.1538692e-07	2.4044408e-07	0.00020206244	0.072131194	-7.258768e-17	-8.915508e-17	5.44623e-17	-1.9043804e-17	0	-1.8851097e-17
1.0570009999901464e-08	2.1484072e-07	2.5057165e-07	0.00020219036	0.07212979	-7.2587746e-17	-8.915637e-17	5.4463103e-17	-1.9043377e-17	0	-1.8851099e-17
1.0580009999901343e-08	2.080435e-07	2.318186e-07	0.0002023183	0.07212845	-7.25878e-17	-8.915765e-17	5.4463894e-17	-1.9042955e-17	0	-1.8851099e-17
1.0590009999901222e-08	2.0974281e-07	2.3800892e-07	0.00020237923	0.07212714	-7.258785e-17	-8.915889e-17	5.446468e-17	-1.9042535e-17	0	-1.8851099e-17
1.0600009999901101e-08	2.2849585e-07	2.7312538e-07	0.00020243846	0.072125874	-7.2587905e-17	-8.916016e-17	5.4465463e-17	-1.904212e-17	0	-1.8851099e-17
1.061000999990098e-08	2.229276e-07	3.0255217e-07	0.00020246566	0.07212466	-7.2587964e-17	-8.9161395e-17	5.4466237e-17	-1.9041708e-17	0	-1.88511e-17
1.0620009999900859e-08	2.3061999e-07	3.0493425e-07	0.0002024722	0.07212345	-7.258801e-17	-8.916262e-17	5.4466998e-17	-1.90413e-17	0	-1.88511e-17
1.0630009999900738e-08	2.4020892e-07	2.959522e-07	0.00020251857	0.07212229	-7.258808e-17	-8.916384e-17	5.4467765e-17	-1.9040899e-17	0	-1.88511e-17
1.0640009999900617e-08	2.51922e-07	3.0584457e-07	0.00020261301	0.072121136	-7.258813e-17	-8.9165054e-17	5.4468523e-17	-1.9040495e-17	0	-1.8851102e-17
1.0650009999900496e-08	2.460958e-07	3.2602384e-07	0.00020272832	0.07212	-7.2588176e-17	-8.916625e-17	5.446927e-17	-1.9040093e-17	0	-1.8851102e-17
1.0660009999900375e-08	2.3468618e-07	3.4934376e-07	0.00020282518	0.07211893	-7.2588235e-17	-8.916744e-17	5.4470012e-17	-1.9039698e-17	0	-1.8851102e-17
1.0670009999900254e-08	2.2637172e-07	3.5473752e-07	0.00020288174	0.072117925	-7.2588275e-17	-8.9168614e-17	5.4470753e-17	-1.9039304e-17	0	-1.8851105e-17
1.0680009999900133e-08	2.1441589e-07	3.5136168e-07	0.00020293101	0.07211698	-7.258833e-17	-8.91698e-17	5.4471488e-17	-1.9038917e-17	0	-1.8851105e-17
1.0690009999900012e-08	2.385703e-07	3.986236e-07	0.0002029888	0.07211605	-7.258838e-17	-8.9170963e-17	5.4472212e-17	-1.903853e-17	0	-1.8851105e-17
1.0700009999899891e-08	2.5853714e-07	4.1341667e-07	0.00020307764	0.07211515	-7.258845e-17	-8.9172115e-17	5.4472934e-17	-1.9038142e-17	0	-1.8851105e-17
1.071000999989977e-08	2.4530684e-07	3.7311128e-07	0.00020320412	0.072114296	-7.2588474e-17	-8.917326e-17	5.4473645e-17	-1.9037764e-17	0	-1.8851107e-17
1.0720009999899649e-08	2.4645993e-07	3.665189e-07	0.00020331166	0.072113484	-7.258854e-17	-8.91744e-17	5.4474353e-17	-1.9037386e-17	0	-1.8851107e-17
1.0730009999899528e-08	2.5780886e-07	4.0589117e-07	0.00020340463	0.07211271	-7.258858e-17	-8.917552e-17	5.4475058e-17	-1.9037008e-17	0	-1.8851107e-17
1.0740009999899407e-08	2.655771e-07	4.210939e-07	0.00020347383	0.07211195	-7.2588626e-17	-8.917665e-17	5.447576e-17	-1.903663e-17	0	-1.8851109e-17
1.0750009999899286e-08	2.7061435e-07	4.1018495e-07	0.00020353889	0.0721112	-7.258868e-17	-8.917776e-17	5.447645e-17	-1.9036265e-17	0	-1.8851109e-17
1.0760009999899165e-08	2.9598255e-07	3.9569534e-07	0.0002035923	0.072110504	-7.2588725e-17	-8.917885e-17	5.447715e-17	-1.9035896e-17	0	-1.8851109e-17
1.0770009999899044e-08	3.0566252e-07	4.0783323e-07	0.00020364909	0.07210983	-7.258876e-17	-8.9179956e-17	5.4477827e-17	-1.9035534e-17	0	-1.8851109e-17
1.0780009999898923e-08	2.870005e-07	4.383297e-07	0.00020369377	0.07210915	-7.25888e-17	-8.9181035e-17	5.447851e-17	-1.903517e-17	0	-1.8851109e-17
1.0790009999898802e-08	2.990777e-07	4.5250067e-07	0.00020370274	0.07210847	-7.2588844e-17	-8.918211e-17	5.4479184e-17	-1.9034812e-17	0	-1.885111e-17
1.0800009999898681e-08	3.089094e-07	4.3347453e-07	0.00020373455	0.072107814	-7.25889e-17	-8.918319e-17	5.4479852e-17	-1.9034453e-17	0	-1.885111e-17
1.081000999989856e-08	3.4441274e-07	4.350828e-07	0.00020376513	0.07210716	-7.258895e-17	-8.918426e-17	5.4480514e-17	-1.9034096e-17	0	-1.885111e-17
1.0820009999898439e-08	3.6170923e-07	4.414552e-07	0.00020381028	0.072106525	-7.258898e-17	-8.9185303e-17	5.4481176e-17	-1.9033745e-17	0	-1.885111e-17
1.0830009999898318e-08	3.6972025e-07	4.4436828e-07	0.00020385835	0.07210592	-7.2589036e-17	-8.918636e-17	5.4481834e-17	-1.9033391e-17	0	-1.8851114e-17
1.0840009999898197e-08	3.602527e-07	4.643958e-07	0.00020392123	0.07210534	-7.2589076e-17	-8.91874e-17	5.4482486e-17	-1.9033044e-17	0	-1.8851114e-17
1.0850009999898076e-08	3.3512725e-07	4.943764e-07	0.00020399867	0.072104774	-7.2589116e-17	-8.9188433e-17	5.448313e-17	-1.90327e-17	0	-1.885111e-17
1.0860009999897955e-08	3.3409552e-07	4.8788263e-07	0.00020408267	0.072104245	-7.258916e-17	-8.9189466e-17	5.4483766e-17	-1.9032356e-17	0	-1.8851114e-17
1.0870009999897834e-08	3.4065e-07	4.7580545e-07	0.00020414796	0.072103724	-7.258921e-17	-8.919049e-17	5.448441e-17	-1.9032013e-17	0	-1.8851114e-17
1.0880009999897713e-08	3.5770373e-07	4.6415306e-07	0.0002042072	0.07210323	-7.2589255e-17	-8.9191504e-17	5.448504e-17	-1.9031676e-17	0	-1.8851114e-17
1.0890009999897592e-08	3.9223605e-07	4.6997926e-07	0.00020423195	0.0721028	-7.258929e-17	-8.9192516e-17	5.4485672e-17	-1.9031336e-17	0	-1.8851114e-17
1.0900009999897471e-08	4.182718e-07	4.9568126e-07	0.00020428463	0.07210242	-7.2589334e-17	-8.9193516e-17	5.4486298e-17	-1.9031004e-17	0	-1.8851114e-17
1.091000999989735e-08	4.5092276e-07	5.339763e-07	0.00020435746	0.07210207	-7.2589374e-17	-8.91945e-17	5.4486916e-17	-1.9030671e-17	0	-1.8851115e-17
1.0920009999897229e-08	4.6743028e-07	5.497859e-07	0.00020444437	0.07210173	-7.2589413e-17	-8.9195494e-17	5.4487535e-17	-1.9030344e-17	0	-1.8851115e-17
1.0930009999897108e-08	4.603903e-07	5.690548e-07	0.00020452497	0.072101384	-7.2589466e-17	-8.919648e-17	5.4488154e-17	-1.9030015e-17	0	-1.8851115e-17
1.0940009999896987e-08	4.4807035e-07	5.8304374e-07	0.00020459585	0.07210104	-7.2589506e-17	-8.919746e-17	5.4488766e-17	-1.9029687e-17	0	-1.8851115e-17
1.0950009999896866e-08	4.362966e-07	5.788258e-07	0.0002046262	0.07210072	-7.258954e-17	-8.919842e-17	5.4489375e-17	-1.9029364e-17	0	-1.8851115e-17
1.0960009999896745e-08	4.4964827e-07	5.5421623e-07	0.00020465751	0.07210043	-7.258957e-17	-8.9199385e-17	5.4489974e-17	-1.9029039e-17	0	-1.8851117e-17
1.0970009999896624e-08	4.7616956e-07	5.6975273e-07	0.00020471505	0.07210014	-7.258962e-17	-8.9200365e-17	5.449057e-17	-1.9028718e-17	0	-1.8851117e-17
1.0980009999896503e-08	4.92495e-07	6.047099e-07	0.00020477452	0.07209984	-7.2589645e-17	-8.9201304e-17	5.449117e-17	-1.9028398e-17	0	-1.8851117e-17
1.0990009999896382e-08	4.6925098e-07	6.376339e-07	0.00020482356	0.07209957	-7.258969e-17	-8.920225e-17	5.4491764e-17	-1.902808e-17	0	-1.8851117e-17
1.100000999989626e-08	4.4400414e-07	6.484063e-07	0.0002049027	0.072099306	-7.258973e-17	-8.92032e-17	5.449235e-17	-1.9027768e-17	0	-1.8851117e-17
1.101000999989614e-08	4.1183873e-07	6.501056e-07	0.000204968	0.072099075	-7.2589764e-17	-8.920413e-17	5.4492938e-17	-1.9027452e-17	0	-1.8851115e-17
1.1020009999896019e-08	4.1341667e-07	6.548697e-07	0.00020499591	0.072098844	-7.25898e-17	-8.920506e-17	5.4493524e-17	-1.9027141e-17	0	-1.8851117e-17
1.1030009999895898e-08	4.3951314e-07	6.6515656e-07	0.00020501048	0.07209864	-7.2589843e-17	-8.9205996e-17	5.4494096e-17	-1.902683e-17	0	-1.8851119e-17
1.1040009999895777e-08	4.6718753e-07	6.520477e-07	0.0002050367	0.07209846	-7.2589877e-17	-8.9206916e-17	5.4494675e-17	-1.902652e-17	0	-1.8851119e-17
1.1050009999895656e-08	4.7386337e-07	6.497718e-07	0.00020510443	0.072098255	-7.258991e-17	-8.920782e-17	5.4495248e-17	-1.9026216e-17	0	-1.8851119e-17
1.1060009999895535e-08	4.8320953e-07	6.7125586e-07	0.00020516681	0.07209806	-7.258994e-17	-8.9208736e-17	5.4495817e-17	-1.902591e-17	0	-1.8851119e-17
1.1070009999895414e-08	5.015378e-07	7.061827e-07	0.00020522944	0.07209788	-7.258999e-17	-8.920965e-17	5.4496386e-17	-1.9025607e-17	0	-1.8851119e-17
1.1080009999895293e-08	5.127653e-07	7.300943e-07	0.00020527071	0.07209769	-7.259002e-17	-8.9210556e-17	5.4496952e-17	-1.9025303e-17	0	-1.8851119e-17
1.1090009999895172e-08	5.1027706e-07	7.426874e-07	0.00020532413	0.072097495	-7.259005e-17	-8.921144e-17	5.449751e-17	-1.9025005e-17	0	-1.8851119e-17
1.110000999989505e-08	5.1895563e-07	7.4423497e-07	0.00020538676	0.07209729	-7.25901e-17	-8.9212336e-17	5.4498067e-17	-1.9024706e-17	0	-1.8851119e-17
1.111000999989493e-08	5.3303563e-07	7.457219e-07	0.00020542511	0.07209711	-7.259012e-17	-8.921322e-17	5.4498623e-17	-1.9024406e-17	0	-1.8851119e-17
1.1120009999894809e-08	5.5524794e-07	7.7004313e-07	0.00020545133	0.07209695	-7.259016e-17	-8.921411e-17	5.4499182e-17	-1.902411e-17	0	-1.8851122e-17
1.1130009999894688e-08	5.5992103e-07	7.87719e-07	0.0002055023	0.07209678	-7.25902e-17	-8.921499e-17	5.4499724e-17	-1.9023814e-17	0	-1.8851119e-17
1.1140009999894567e-08	5.7648924e-07	7.8595895e-07	0.000205546	0.072096616	-7.2590234e-17	-8.921587e-17	5.4500277e-17	-1.9023521e-17	0	-1.8851119e-17
1.1150009999894446e-08	5.924506e-07	7.826514e-07	0.00020558291	0.07209644	-7.259026e-17	-8.921673e-17	5.450082e-17	-1.9023235e-17	0	-1.8851119e-17
1.1160009999894325e-08	5.8747406e-07	7.9903754e-07	0.0002055931	0.0720963	-7.25903e-17	-8.921759e-17	5.450136e-17	-1.9022944e-17	0	-1.8851122e-17
1.1170009999894204e-08	5.769141e-07	8.484388e-07	0.0002056232	0.07209618	-7.259033e-17	-8.921845e-17	5.4501895e-17	-1.9022653e-17	0	-1.8851122e-17
1.1180009999894083e-08	5.702382e-07	8.799973e-07	0.0002057004	0.072096035	-7.2590366e-17	-8.921931e-17	5.4502434e-17	-1.9022368e-17	0	-1.8851122e-17
1.1190009999893962e-08	5.833472e-07	8.9072415e-07	0.00020577469	0.07209591	-7.2590406e-17	-8.9220164e-17	5.450296e-17	-1.9022084e-17	0	-1.8851122e-17
1.120000999989384e-08	6.0586297e-07	8.996e-07	0.00020585382	0.072095774	-7.2590446e-17	-8.922101e-17	5.450349e-17	-1.9021799e-17	0	-1.8851122e-17
1.121000999989372e-08	6.11143e-07	9.052441e-07	0.00020593636	0.07209564	-7.259048e-17	-8.922186e-17	5.450402e-17	-1.9021516e-17	0	-1.8851122e-17
1.1220009999893599e-08	6.011292e-07	8.9134625e-07	0.00020601331	0.072095536	-7.2590505e-17	-8.922269e-17	5.4504542e-17	-1.9021237e-17	0	-1.8851124e-17
1.1230009999893478e-08	5.6750724e-07	8.982952e-07	0.00020605531	0.07209542	-7.259054e-17	-8.9223526e-17	5.4505068e-17	-1.9020955e-17	0	-1.8851122e-17
1.1240009999893357e-08	5.597997e-07	9.2005234e-07	0.00020608881	0.0720953	-7.259057e-17	-8.922435e-17	5.4505587e-17	-1.9020679e-17	0	-1.8851124e-17
1.1250009999893235e-08	5.652617e-07	9.42993e-07	0.000206116	0.0720952	-7.2590604e-17	-8.922518e-17	5.4506104e-17	-1.9020401e-17	0	-1.8851124e-17
1.1260009999893114e-08	5.8043406e-07	9.4843983e-07	0.00020617961	0.072095096	-7.259064e-17	-8.9226014e-17	5.450662e-17	-1.9020122e-17	0	-1.8851124e-17
1.1270009999892993e-08	6.123871e-07	9.4064126e-07	0.00020624758	0.07209499	-7.259067e-17	-8.922683e-17	5.450713e-17	-1.901985e-17	0	-1.8851124e-17
1.1280009999892872e-08	6.2631534e-07	9.627626e-07	0.00020631604	0.0720949	-7.2590704e-17	-8.922765e-17	5.4507642e-17	-1.9019574e-17	0	-1.8851124e-17
1.1290009999892751e-08	6.5083384e-07	9.831542e-07	0.0002063879	0.07209483	-7.259073e-17	-8.922846e-17	5.4508152e-17	-1.9019301e-17	0	-1.8851124e-17
1.130000999989263e-08	6.728035e-07	9.994342e-07	0.0002064044	0.07209475	-7.2590777e-17	-8.9229276e-17	5.4508658e-17	-1.9019031e-17	0	-1.8851124e-17
1.131000999989251e-08	6.995675e-07	1.0237554e-06	0.00020641994	0.07209468	-7.2590796e-17	-8.923008e-17	5.4509168e-17	-1.9018758e-17	0	-1.8851124e-17
1.1320009999892388e-08	7.323246e-07	1.0554202e-06	0.00020643936	0.07209464	-7.259083e-17	-8.9230884e-17	5.450967e-17	-1.9018487e-17	0	-1.8851124e-17
1.1330009999892267e-08	7.567977e-07	1.0748105e-06	0.00020647237	0.072094604	-7.259087e-17	-8.923168e-17	5.451017e-17	-1.9018224e-17	0	-1.8851124e-17
1.1340009999892146e-08	7.821659e-07	1.084627e-06	0.00020649859	0.07209455	-7.259089e-17	-8.923248e-17	5.451067e-17	-1.9017953e-17	0	-1.8851124e-17
1.1350009999892025e-08	7.573439e-07	1.1140158e-06	0.00020653039	0.07209452	-7.259093e-17	-8.923328e-17	5.4511166e-17	-1.9017686e-17	0	-1.8851124e-17
1.1360009999891904e-08	7.202171e-07	1.1305841e-06	0.00020657772	0.07209448	-7.259095e-17	-8.9234074e-17	5.4511666e-17	-1.9017422e-17	0	-1.8851124e-17
1.1370009999891783e-08	7.0563647e-07	1.1135608e-06	0.00020664133	0.07209445	-7.259099e-17	-8.923487e-17	5.4512155e-17	-1.9017157e-17	0	-1.8851125e-17
1.1380009999891662e-08	7.072751e-07	1.1261235e-06	0.00020669425	0.07209442	-7.259102e-17	-8.9235656e-17	5.4512645e-17	-1.9016894e-17	0	-1.8851124e-17
1.1390009999891541e-08	7.0788195e-07	1.1503386e-06	0.00020673698	0.0720944	-7.259104e-17	-8.923642e-17	5.4513135e-17	-1.901663e-17	0	-1.8851125e-17
1.140000999989142e-08	7.217192e-07	1.1665123e-06	0.00020678795	0.072094426	-7.259108e-17	-8.923721e-17	5.4513624e-17	-1.9016368e-17	0	-1.8851125e-17
1.14100099998913e-08	7.34464e-07	1.1870253e-06	0.00020687486	0.07209448	-7.259112e-17	-8.923798e-17	5.4514107e-17	-1.9016108e-17	0	-1.8851125e-17
1.1420009999891178e-08	7.582542e-07	1.215428e-06	0.00020698848	0.07209452	-7.259114e-17	-8.923876e-17	5.451459e-17	-1.9015848e-17	0	-1.8851124e-17
1.1430009999891057e-08	7.774169e-07	1.2272473e-06	0.00020707175	0.07209458	-7.259117e-17	-8.923953e-17	5.4515077e-17	-1.9015592e-17	0	-1.8851125e-17
1.1440009999890936e-08	7.911479e-07	1.2369727e-06	0.00020712684	0.07209467	-7.2591193e-17	-8.924028e-17	5.4515557e-17	-1.9015335e-17	0	-1.8851125e-17
1.1450009999890815e-08	7.8847756e-07	1.2520237e-06	0.00020715452	0.07209476	-7.259123e-17	-8.924106e-17	5.4516033e-17	-1.9015077e-17	0	-1.8851125e-17
1.1460009999890694e-08	7.814983e-07	1.2685616e-06	0.00020716424	0.07209484	-7.259125e-17	-8.924181e-17	5.4516506e-17	-1.9014823e-17	0	-1.8851125e-17
1.1470009999890573e-08	7.8121e-07	1.2672568e-06	0.00020717733	0.07209494	-7.259128e-17	-8.9242564e-17	5.4516983e-17	-1.9014568e-17	0	-1.8851125e-17
1.1480009999890452e-08	7.7685553e-07	1.2671658e-06	0.00020720501	0.07209502	-7.2591306e-17	-8.924332e-17	5.451745e-17	-1.9014318e-17	0	-1.8851125e-17
1.1490009999890331e-08	7.862321e-07	1.2889229e-06	0.00020727348	0.0720951	-7.2591346e-17	-8.924407e-17	5.4517916e-17	-1.9014065e-17	0	-1.8851125e-17
1.150000999989021e-08	8.178513e-07	1.3090112e-06	0.00020733173	0.072095186	-7.259137e-17	-8.924483e-17	5.4518392e-17	-1.9013812e-17	0	-1.8851125e-17
1.151000999989009e-08	8.363009e-07	1.3276428e-06	0.00020736377	0.07209526	-7.25914e-17	-8.9245575e-17	5.451886e-17	-1.901356e-17	0	-1.8851125e-17
1.1520009999889968e-08	8.2058233e-07	1.3227118e-06	0.00020740359	0.07209534	-7.2591425e-17	-8.9246316e-17	5.4519325e-17	-1.9013309e-17	0	-1.8851125e-17
1.1530009999889847e-08	7.965796e-07	1.3273394e-06	0.00020744486	0.07209542	-7.259147e-17	-8.924707e-17	5.4519782e-17	-1.901306e-17	0	-1.8851125e-17
1.1540009999889726e-08	8.021327e-07	1.359338e-06	0.00020749244	0.0720955	-7.259149e-17	-8.924781e-17	5.4520255e-17	-1.9012814e-17	0	-1.8851127e-17
1.1550009999889605e-08	8.1590923e-07	1.3994688e-06	0.00020752108	0.07209557	-7.259152e-17	-8.924854e-17	5.452071e-17	-1.9012564e-17	0	-1.8851125e-17
1.1560009999889484e-08	8.419905e-07	1.4162191e-06	0.00020754925	0.07209565	-7.259154e-17	-8.924927e-17	5.452117e-17	-1.901232e-17	0	-1.8851127e-17
1.1570009999889363e-08	8.6816283e-07	1.419648e-06	0.00020760266	0.07209572	-7.259158e-17	-8.925e-17	5.4521628e-17	-1.9012073e-17	0	-1.8851125e-17
1.1580009999889242e-08	8.7520283e-07	1.4447128e-06	0.00020766868	0.07209579	-7.2591604e-17	-8.925074e-17	5.4522088e-17	-1.901183e-17	0	-1.8851127e-17
1.1590009999889121e-08	8.9007176e-07	1.4847375e-06	0.00020770752	0.072095856	-7.259164e-17	-8.925146e-17	5.452254e-17	-1.9011587e-17	0	-1.8851127e-17
1.1600009999889e-08	9.206289e-07	1.5244588e-06	0.00020771626	0.07209594	-7.259166e-17	-8.9252186e-17	5.452299e-17	-1.901134e-17	0	-1.8851127e-17
1.1610009999888879e-08	9.43964e-07	1.5589911e-06	0.00020772597	0.07209601	-7.259169e-17	-8.925291e-17	5.452344e-17	-1.9011099e-17	0	-1.8851127e-17
1.1620009999888758e-08	9.663585e-07	1.6011703e-06	0.00020776967	0.07209608	-7.259172e-17	-8.9253635e-17	5.4523895e-17	-1.9010859e-17	0	-1.8851125e-17
1.1630009999888637e-08	9.868714e-07	1.6415288e-06	0.00020780851	0.07209616	-7.259175e-17	-8.925435e-17	5.4524348e-17	-1.9010619e-17	0	-1.8851125e-17
1.1640009999888516e-08	9.870536e-07	1.6766376e-06	0.00020785123	0.07209623	-7.259177e-17	-8.9255064e-17	5.452479e-17	-1.9010377e-17	0	-1.8851127e-17
1.1650009999888395e-08	9.837156e-07	1.6911121e-06	0.00020789687	0.072096296	-7.2591796e-17	-8.925577e-17	5.4525238e-17	-1.9010137e-17	0	-1.8851127e-17
1.1660009999888274e-08	9.950645e-07	1.7091671e-06	0.0002079328	0.07209635	-7.259182e-17	-8.9256474e-17	5.452568e-17	-1.9009903e-17	0	-1.8851127e-17
1.1670009999888153e-08	1.0136355e-06	1.7507698e-06	0.0002079731	0.07209639	-7.259186e-17	-8.925718e-17	5.4526125e-17	-1.9009663e-17	0	-1.8851127e-17
1.1680009999888032e-08	1.0167307e-06	1.7823284e-06	0.00020802747	0.07209643	-7.259188e-17	-8.9257903e-17	5.4526565e-17	-1.9009428e-17	0	-1.8851129e-17
1.1690009999887911e-08	1.0213431e-06	1.8175282e-06	0.00020811973	0.07209647	-7.2591915e-17	-8.92586e-17	5.4527005e-17	-1.900919e-17	0	-1.8851127e-17
1.170000999988779e-08	1.0303858e-06	1.833793e-06	0.00020822168	0.072096504	-7.259194e-17	-8.92593e-17	5.4527438e-17	-1.9008955e-17	0	-1.8851127e-17
1.1710009999887669e-08	1.0419168e-06	1.8503612e-06	0.00020831927	0.072096534	-7.259196e-17	-8.925999e-17	5.452788e-17	-1.9008723e-17	0	-1.8851127e-17
1.1720009999887548e-08	1.0453155e-06	1.881859e-06	0.00020838482	0.07209655	-7.259198e-17	-8.926069e-17	5.4528315e-17	-1.900849e-17	0	-1.8851127e-17
1.1730009999887427e-08	1.0507774e-06	1.8930866e-06	0.00020843143	0.07209656	-7.259202e-17	-8.926139e-17	5.452875e-17	-1.9008251e-17	0	-1.8851127e-17
1.1740009999887306e-08	1.065525e-06	1.9046176e-06	0.00020844162	0.072096564	-7.259205e-17	-8.9262086e-17	5.4529192e-17	-1.900802e-17	0	-1.8851127e-17
1.1750009999887185e-08	1.0776629e-06	1.9284685e-06	0.00020841978	0.072096564	-7.2592074e-17	-8.9262774e-17	5.4529622e-17	-1.9007788e-17	0	-1.8851127e-17
1.1760009999887064e-08	1.0890118e-06	1.9708602e-06	0.00020843628	0.07209655	-7.25921e-17	-8.926346e-17	5.4530052e-17	-1.9007558e-17	0	-1.8851127e-17
1.1770009999886943e-08	1.1013773e-06	2.0161344e-06	0.00020846687	0.07209652	-7.259213e-17	-8.926415e-17	5.4530482e-17	-1.9007323e-17	0	-1.8851127e-17
1.1780009999886822e-08	1.1008462e-06	2.044446e-06	0.00020849114	0.072096504	-7.259215e-17	-8.926485e-17	5.4530916e-17	-1.9007097e-17	0	-1.8851127e-17
1.1790009999886701e-08	1.1062476e-06	2.0726668e-06	0.00020852513	0.072096504	-7.259218e-17	-8.9265527e-17	5.4531343e-17	-1.9006867e-17	0	-1.8851127e-17
1.180000999988658e-08	1.1202062e-06	2.0963357e-06	0.0002085567	0.072096504	-7.2592206e-17	-8.926621e-17	5.453177e-17	-1.9006637e-17	0	-1.8851127e-17
1.1810009999886459e-08	1.1450888e-06	2.1081398e-06	0.00020860524	0.07209652	-7.2592226e-17	-8.926689e-17	5.4532193e-17	-1.900641e-17	0	-1.8851127e-17
1.1820009999886338e-08	1.166406e-06	2.140639e-06	0.00020864457	0.072096534	-7.259225e-17	-8.926758e-17	5.453262e-17	-1.9006179e-17	0	-1.8851127e-17
1.1830009999886217e-08	1.1863577e-06	2.1474968e-06	0.00020868971	0.07209655	-7.259228e-17	-8.926824e-17	5.4533043e-17	-1.9005954e-17	0	-1.8851127e-17
1.1840009999886096e-08	1.2041094e-06	2.1728044e-06	0.00020876207	0.07209656	-7.259231e-17	-8.9268915e-17	5.4533463e-17	-1.9005727e-17	0	-1.8851129e-17
1.1850009999885975e-08	1.2252293e-06	2.196898e-06	0.00020885625	0.07209658	-7.259234e-17	-8.92696e-17	5.453388e-17	-1.9005499e-17	0	-1.8851129e-17
1.1860009999885854e-08	1.235759e-06	2.2161366e-06	0.00020893296	0.07209661	-7.2592365e-17	-8.927027e-17	5.4534307e-17	-1.9005277e-17	0	-1.8851127e-17
1.1870009999885733e-08	1.2557258e-06	2.2532786e-06	0.00020899171	0.07209663	-7.259239e-17	-8.927093e-17	5.4534724e-17	-1.9005054e-17	0	-1.8851127e-17
1.1880009999885612e-08	1.2740541e-06	2.2977033e-06	0.00020903298	0.07209663	-7.259242e-17	-8.927159e-17	5.453514e-17	-1.900483e-17	0	-1.8851127e-17
1.1890009999885491e-08	1.2824595e-06	2.3372122e-06	0.00020908154	0.072096646	-7.2592444e-17	-8.927227e-17	5.453556e-17	-1.9004604e-17	0	-1.8851129e-17
1.190000999988537e-08	1.2796982e-06	2.3778134e-06	0.000209133	0.07209665	-7.259247e-17	-8.927293e-17	5.453597e-17	-1.9004384e-17	0	-1.8851127e-17
1.1910009999885249e-08	1.2930801e-06	2.416412e-06	0.00020916699	0.07209668	-7.25925e-17	-8.927359e-17	5.453639e-17	-1.900416e-17	0	-1.8851127e-17
1.1920009999885128e-08	1.3074028e-06	2.4590158e-06	0.00020920874	0.07209671	-7.259252e-17	-8.9274255e-17	5.4536802e-17	-1.9003939e-17	0	-1.8851129e-17
1.1930009999885007e-08	1.3146553e-06	2.478194e-06	0.00020924903	0.07209674	-7.259254e-17	-8.927491e-17	5.453721e-17	-1.9003717e-17	0	-1.8851129e-17
1.1940009999884886e-08	1.3378386e-06	2.4993744e-06	0.00020930487	0.07209681	-7.259257e-17	-8.927557e-17	5.4537623e-17	-1.9003499e-17	0	-1.8851129e-17
1.1950009999884765e-08	1.3603393e-06	2.5255922e-06	0.00020935682	0.0720969	-7.2592596e-17	-8.927622e-17	5.4538036e-17	-1.9003277e-17	0	-1.8851129e-17
1.1960009999884644e-08	1.3794717e-06	2.5494433e-06	0.00020943354	0.072097	-7.259262e-17	-8.9276876e-17	5.4538446e-17	-1.900306e-17	0	-1.8851129e-17
1.1970009999884523e-08	1.3990743e-06	2.5846432e-06	0.00020951412	0.07209713	-7.259266e-17	-8.927753e-17	5.4538853e-17	-1.9002842e-17	0	-1.8851129e-17
1.1980009999884402e-08	1.4163102e-06	2.6273685e-06	0.00020958696	0.07209723	-7.2592676e-17	-8.9278186e-17	5.453926e-17	-1.9002622e-17	0	-1.8851129e-17
1.199000999988428e-08	1.4369142e-06	2.6706098e-06	0.00020964425	0.07209733	-7.2592696e-17	-8.927883e-17	5.4539664e-17	-1.9002405e-17	0	-1.8851132e-17
1.200000999988416e-08	1.447019e-06	2.7038373e-06	0.00020967484	0.072097436	-7.259272e-17	-8.927948e-17	5.454007e-17	-1.9002185e-17	0	-1.8851132e-17
1.2010009999884039e-08	1.4379763e-06	2.7363972e-06	0.00020967581	0.07209755	-7.259274e-17	-8.928012e-17	5.4540478e-17	-1.900197e-17	0	-1.8851132e-17
1.2020009999883918e-08	1.426506e-06	2.7772107e-06	0.00020967968	0.07209768	-7.2592775e-17	-8.9280767e-17	5.4540878e-17	-1.9001756e-17	0	-1.8851129e-17
1.2030009999883797e-08	1.4394328e-06	2.8489458e-06	0.00020968649	0.0720978	-7.259281e-17	-8.9281415e-17	5.4541275e-17	-1.9001541e-17	0	-1.8851132e-17
1.2040009999883676e-08	1.4722203e-06	2.9046284e-06	0.00020972095	0.07209795	-7.259283e-17	-8.928205e-17	5.454168e-17	-1.9001326e-17	0	-1.8851127e-17
1.2050009999883555e-08	1.4983016e-06	2.9544847e-06	0.00020975833	0.072098106	-7.259286e-17	-8.928269e-17	5.4542073e-17	-1.9001111e-17	0	-1.8851127e-17
1.2060009999883434e-08	1.5060699e-06	2.981795e-06	0.00020981612	0.072098255	-7.2592874e-17	-8.9283314e-17	5.4542476e-17	-1.90009e-17	0	-1.8851129e-17
1.2070009999883313e-08	1.4967844e-06	2.9797923e-06	0.00020988943	0.07209841	-7.25929e-17	-8.928395e-17	5.4542867e-17	-1.9000686e-17	0	-1.8851127e-17
1.2080009999883192e-08	1.5083153e-06	2.9854364e-06	0.00020996711	0.07209858	-7.2592934e-17	-8.928459e-17	5.454326e-17	-1.9000476e-17	0	-1.8851129e-17
1.209000999988307e-08	1.5372642e-06	3.0111687e-06	0.00021003363	0.07209875	-7.259295e-17	-8.9285214e-17	5.4543658e-17	-1.9000264e-17	0	-1.8851132e-17
1.210000999988295e-08	1.5707649e-06	3.0518913e-06	0.0002100584	0.07209892	-7.259297e-17	-8.928584e-17	5.4544055e-17	-1.9000054e-17	0	-1.8851129e-17
1.2110009999882829e-08	1.6046599e-06	3.0972872e-06	0.0002100919	0.07209908	-7.2593e-17	-8.928648e-17	5.4544445e-17	-1.8999847e-17	0	-1.8851132e-17
1.2120009999882708e-08	1.6163426e-06	3.1536372e-06	0.00021014627	0.072099246	-7.2593026e-17	-8.92871e-17	5.4544836e-17	-1.8999632e-17	0	-1.8851129e-17
1.2130009999882587e-08	1.6185882e-06	3.2013088e-06	0.00021019093	0.072099425	-7.259305e-17	-8.928773e-17	5.4545233e-17	-1.8999425e-17	0	-1.8851132e-17
1.2140009999882466e-08	1.6232309e-06	3.249921e-06	0.00021022734	0.072099574	-7.259308e-17	-8.928835e-17	5.4545616e-17	-1.8999219e-17	0	-1.8851129e-17
1.2150009999882345e-08	1.6540308e-06	3.302478e-06	0.00021027395	0.072099745	-7.259311e-17	-8.9288986e-17	5.4546007e-17	-1.8999007e-17	0	-1.8851132e-17
1.2160009999882224e-08	1.6968169e-06	3.351151e-06	0.00021032883	0.0720999	-7.259313e-17	-8.9289594e-17	5.4546394e-17	-1.8998798e-17	0	-1.8851129e-17
1.2170009999882103e-08	1.7170871e-06	3.431504e-06	0.00021041282	0.072100036	-7.2593146e-17	-8.929021e-17	5.4546784e-17	-1.8998593e-17	0	-1.8851129e-17
1.2180009999881982e-08	1.7515588e-06	3.4923148e-06	0.00021050264	0.07210019	-7.259318e-17	-8.929083e-17	5.4547168e-17	-1.8998387e-17	0	-1.8851129e-17
1.219000999988186e-08	1.7985627e-06	3.5623505e-06	0.00021056188	0.07210035	-7.259321e-17	-8.929144e-17	5.4547555e-17	-1.8998178e-17	0	-1.8851129e-17
1.220000999988174e-08	1.833793e-06	3.6253462e-06	0.00021060897	0.07210049	-7.259324e-17	-8.929207e-17	5.4547942e-17	-1.8997973e-17	0	-1.8851129e-17
1.2210009999881619e-08	1.8524247e-06	3.69083e-06	0.00021064587	0.07210063	-7.259325e-17	-8.929268e-17	5.4548323e-17	-1.8997768e-17	0	-1.8851129e-17
1.2220009999881498e-08	1.8832701e-06	3.7500326e-06	0.00021066965	0.07210077	-7.259327e-17	-8.9293293e-17	5.454871e-17	-1.8997566e-17	0	-1.8851129e-17
1.2230009999881377e-08	1.9140853e-06	3.7879938e-06	0.00021070169	0.0721009	-7.2593304e-17	-8.929391e-17	5.454909e-17	-1.8997356e-17	0	-1.8851129e-17
1.2240009999881256e-08	1.9628187e-06	3.832904e-06	0.00021073325	0.072101034	-7.259331e-17	-8.9294504e-17	5.4549474e-17	-1.8997156e-17	0	-1.8851129e-17
1.2250009999881135e-08	2.0036628e-06	3.8620956e-06	0.00021077793	0.07210117	-7.2593344e-17	-8.929512e-17	5.4549855e-17	-1.8996954e-17	0	-1.8851129e-17
1.2260009999881014e-08	2.0132518e-06	3.886948e-06	0.00021082065	0.07210131	-7.2593364e-17	-8.9295715e-17	5.4550232e-17	-1.8996752e-17	0	-1.8851129e-17
1.2270009999880893e-08	1.999172e-06	3.9226034e-06	0.00021085463	0.07210147	-7.259339e-17	-8.9296324e-17	5.4550613e-17	-1.8996547e-17	0	-1.8851129e-17
1.2280009999880772e-08	1.9887939e-06	3.9706083e-06	0.00021090465	0.0721016	-7.259343e-17	-8.9296946e-17	5.4550986e-17	-1.8996348e-17	0	-1.8851129e-17
1.229000999988065e-08	2.0040877e-06	4.0316922e-06	0.00021094592	0.072101735	-7.259345e-17	-8.9297535e-17	5.4551364e-17	-1.8996147e-17	0	-1.8851129e-17
1.230000999988053e-08	2.0338862e-06	4.0841587e-06	0.00021100321	0.07210187	-7.259347e-17	-8.929813e-17	5.455174e-17	-1.8995945e-17	0	-1.8851132e-17
1.2310009999880408e-08	2.064231e-06	4.1335597e-06	0.0002110605	0.072102025	-7.25935e-17	-8.929874e-17	5.4552118e-17	-1.8995746e-17	0	-1.8851132e-17
1.2320009999880287e-08	2.0866253e-06	4.1875733e-06	0.00021112167	0.072102174	-7.259353e-17	-8.9299335e-17	5.455249e-17	-1.8995548e-17	0	-1.8851132e-17
1.2330009999880166e-08	2.109566e-06	4.2444394e-06	0.00021118965	0.07210233	-7.259354e-17	-8.9299924e-17	5.455286e-17	-1.8995347e-17	0	-1.8851129e-17
1.2340009999880045e-08	2.133781e-06	4.2991205e-06	0.00021124937	0.0721025	-7.259357e-17	-8.9300526e-17	5.4553236e-17	-1.899515e-17	0	-1.8851129e-17
1.2350009999879924e-08	2.1430665e-06	4.3306486e-06	0.00021131005	0.07210265	-7.259358e-17	-8.930111e-17	5.4553604e-17	-1.8994952e-17	0	-1.8851129e-17
1.2360009999879803e-08	2.1487713e-06	4.3590517e-06	0.0002113722	0.07210282	-7.259362e-17	-8.930171e-17	5.4553974e-17	-1.8994754e-17	0	-1.8851132e-17
1.2370009999879682e-08	2.1714693e-06	4.40733e-06	0.0002114222	0.072102994	-7.259365e-17	-8.93023e-17	5.455434e-17	-1.8994558e-17	0	-1.8851132e-17
1.2380009999879561e-08	2.1679796e-06	4.4675644e-06	0.0002114756	0.07210317	-7.2593675e-17	-8.9302895e-17	5.4554715e-17	-1.8994366e-17	0	-1.8851129e-17
1.239000999987944e-08	2.1850637e-06	4.5252496e-06	0.0002115528	0.072103344	-7.2593695e-17	-8.9303464e-17	5.4555076e-17	-1.899417e-17	0	-1.8851132e-17
1.240000999987932e-08	2.2311876e-06	4.5917654e-06	0.00021162661	0.07210354	-7.259372e-17	-8.9304067e-17	5.4555447e-17	-1.8993973e-17	0	-1.8851129e-17
1.2410009999879198e-08	2.2679656e-06	4.6499663e-06	0.00021168875	0.07210372	-7.259375e-17	-8.930464e-17	5.455581e-17	-1.899378e-17	0	-1.8851132e-17
1.2420009999879077e-08	2.2962467e-06	4.7325343e-06	0.0002117606	0.072103895	-7.259377e-17	-8.930522e-17	5.4556178e-17	-1.8993584e-17	0	-1.8851129e-17
1.2430009999878956e-08	2.3247708e-06	4.7977755e-06	0.00021181353	0.07210406	-7.259379e-17	-8.930581e-17	5.4556542e-17	-1.899339e-17	0	-1.8851132e-17
1.2440009999878835e-08	2.3468617e-06	4.854854e-06	0.00021184266	0.072104216	-7.259382e-17	-8.930639e-17	5.4556896e-17	-1.8993203e-17	0	-1.8851132e-17
1.2450009999878714e-08	2.3664645e-06	4.9153614e-06	0.00021188636	0.07210438	-7.259384e-17	-8.930697e-17	5.4557266e-17	-1.8993007e-17	0	-1.8851132e-17
1.2460009999878593e-08	2.4012395e-06	4.9788123e-06	0.00021193248	0.07210455	-7.259386e-17	-8.930755e-17	5.4557627e-17	-1.8992815e-17	0	-1.8851132e-17
1.2470009999878472e-08	2.4467565e-06	5.0478466e-06	0.00021196986	0.072104715	-7.2593893e-17	-8.9308117e-17	5.455798e-17	-1.8992621e-17	0	-1.8851132e-17
1.2480009999878351e-08	2.4875399e-06	5.128503e-06	0.00021202522	0.072104864	-7.259392e-17	-8.93087e-17	5.4558342e-17	-1.8992436e-17	0	-1.8851129e-17
1.249000999987823e-08	2.5088723e-06	5.188919e-06	0.00021208008	0.07210502	-7.259394e-17	-8.9309275e-17	5.455871e-17	-1.8992242e-17	0	-1.8851129e-17
1.250000999987811e-08	2.5264267e-06	5.258864e-06	0.00021214173	0.07210518	-7.259395e-17	-8.930983e-17	5.455906e-17	-1.8992057e-17	0	-1.8851132e-17
1.2510009999877988e-08	2.5468487e-06	5.324439e-06	0.0002122403	0.07210534	-7.259399e-17	-8.931041e-17	5.4559417e-17	-1.8991868e-17	0	-1.8851129e-17
1.2520009999877867e-08	2.5574845e-06	5.4018483e-06	0.00021232186	0.072105475	-7.259401e-17	-8.931097e-17	5.4559768e-17	-1.899168e-17	0	-1.8851129e-17
1.2530009999877746e-08	2.598177e-06	5.48123e-06	0.00021238983	0.07210564	-7.259404e-17	-8.9311544e-17	5.4560125e-17	-1.8991493e-17	0	-1.8851132e-17
1.2540009999877625e-08	2.6392636e-06	5.5487167e-06	0.00021243305	0.0721058	-7.259406e-17	-8.931211e-17	5.4560482e-17	-1.8991304e-17	0	-1.8851129e-17
1.2550009999877504e-08	2.6656485e-06	5.6101344e-06	0.00021245296	0.072105974	-7.259409e-17	-8.9312676e-17	5.4560833e-17	-1.8991119e-17	0	-1.8851129e-17
1.2560009999877383e-08	2.6852965e-06	5.683569e-06	0.00021246314	0.07210615	-7.259412e-17	-8.931323e-17	5.4561177e-17	-1.8990932e-17	0	-1.8851132e-17
1.2570009999877262e-08	2.707964e-06	5.7559105e-06	0.00021249616	0.07210631	-7.2594145e-17	-8.9313794e-17	5.4561535e-17	-1.8990745e-17	0	-1.8851132e-17
1.2580009999877141e-08	2.735153e-06	5.835687e-06	0.00021255686	0.072106495	-7.259416e-17	-8.9314344e-17	5.4561882e-17	-1.8990561e-17	0	-1.8851129e-17
1.259000999987702e-08	2.7636468e-06	5.9062386e-06	0.00021261997	0.07210667	-7.259418e-17	-8.93149e-17	5.456223e-17	-1.899038e-17	0	-1.8851132e-17
1.26000099998769e-08	2.7816411e-06	5.9958766e-06	0.00021268844	0.07210685	-7.259421e-17	-8.931547e-17	5.4562577e-17	-1.8990192e-17	0	-1.8851132e-17
1.2610009999876778e-08	2.7895915e-06	6.083937e-06	0.00021277193	0.07210705	-7.2594224e-17	-8.931602e-17	5.456293e-17	-1.8990014e-17	0	-1.8851129e-17
1.2620009999876657e-08	2.7790923e-06	6.1684777e-06	0.00021284574	0.07210723	-7.259426e-17	-8.9316574e-17	5.4563275e-17	-1.8989832e-17	0	-1.8851129e-17
1.2630009999876536e-08	2.7845542e-06	6.244643e-06	0.00021290692	0.07210742	-7.259429e-17	-8.931713e-17	5.456362e-17	-1.898965e-17	0	-1.8851129e-17
1.2640009999876415e-08	2.8404493e-06	6.3104303e-06	0.00021295401	0.07210762	-7.259432e-17	-8.931767e-17	5.4563963e-17	-1.898947e-17	0	-1.8851129e-17
1.2650009999876294e-08	2.888394e-06	6.3887196e-06	0.00021296274	0.07210783	-7.2594343e-17	-8.931823e-17	5.4564304e-17	-1.8989288e-17	0	-1.8851129e-17
1.2660009999876173e-08	2.9133373e-06	6.488918e-06	0.00021296323	0.072108045	-7.2594357e-17	-8.931877e-17	5.4564648e-17	-1.8989107e-17	0	-1.8851127e-17
1.2670009999876052e-08	2.9317869e-06	6.583715e-06	0.00021299673	0.07210828	-7.2594376e-17	-8.931932e-17	5.4564986e-17	-1.8988929e-17	0	-1.8851127e-17
1.2680009999875931e-08	2.9665011e-06	6.664432e-06	0.00021304139	0.07210854	-7.25944e-17	-8.931985e-17	5.4565326e-17	-1.8988753e-17	0	-1.8851127e-17
1.269000999987581e-08	2.9861342e-06	6.7548594e-06	0.00021308559	0.0721088	-7.2594436e-17	-8.93204e-17	5.4565667e-17	-1.8988575e-17	0	-1.8851127e-17
1.2700009999875689e-08	3.0126253e-06	6.8445584e-06	0.00021312152	0.07210908	-7.259447e-17	-8.932094e-17	5.4566e-17	-1.8988399e-17	0	-1.8851129e-17
1.2710009999875568e-08	3.0450335e-06	6.9426324e-06	0.00021314822	0.07210936	-7.259449e-17	-8.932148e-17	5.4566342e-17	-1.898822e-17	0	-1.8851129e-17
1.2720009999875447e-08	3.0824788e-06	7.028538e-06	0.00021317929	0.07210967	-7.259451e-17	-8.932201e-17	5.4566673e-17	-1.8988045e-17	0	-1.8851129e-17
1.2730009999875326e-08	3.1261145e-06	7.125793e-06	0.00021322201	0.07210999	-7.259454e-17	-8.9322556e-17	5.456701e-17	-1.898787e-17	0	-1.8851129e-17
1.2740009999875205e-08	3.1458994e-06	7.23467e-06	0.00021328076	0.07211031	-7.2594555e-17	-8.932308e-17	5.4567345e-17	-1.8987694e-17	0	-1.8851129e-17
1.2750009999875084e-08	3.1566565e-06	7.3509514e-06	0.0002133565	0.072110645	-7.259459e-17	-8.932362e-17	5.456768e-17	-1.8987522e-17	0	-1.8851127e-17
1.2760009999874963e-08	3.1861364e-06	7.4599498e-06	0.00021345651	0.07211098	-7.259462e-17	-8.932415e-17	5.4568013e-17	-1.8987349e-17	0	-1.8851127e-17
1.2770009999874842e-08	3.21551e-06	7.552137e-06	0.00021355167	0.07211133	-7.259464e-17	-8.9324673e-17	5.456834e-17	-1.8987178e-17	0	-1.8851129e-17
1.2780009999874721e-08	3.2488135e-06	7.640046e-06	0.00021360994	0.0721117	-7.259467e-17	-8.9325196e-17	5.4568668e-17	-1.8987006e-17	0	-1.8851127e-17
1.27900099998746e-08	3.2913113e-06	7.741852e-06	0.00021364781	0.07211207	-7.259469e-17	-8.9325726e-17	5.4569002e-17	-1.8986836e-17	0	-1.8851129e-17
1.2800009999874479e-08	3.331063e-06	7.831612e-06	0.0002137114	0.07211245	-7.2594714e-17	-8.932625e-17	5.4569323e-17	-1.8986664e-17	0	-1.8851129e-17
1.2810009999874358e-08	3.3651097e-06	7.947165e-06	0.0002137954	0.072112806	-7.259475e-17	-8.932677e-17	5.4569648e-17	-1.8986497e-17	0	-1.8851129e-17
1.2820009999874237e-08	3.3980034e-06	8.064144e-06	0.00021386775	0.0721132	-7.259478e-17	-8.9327294e-17	5.4569975e-17	-1.8986328e-17	0	-1.8851127e-17
1.2830009999874116e-08	3.4319894e-06	8.175661e-06	0.00021391193	0.07211357	-7.259481e-17	-8.932782e-17	5.45703e-17	-1.8986162e-17	0	-1.8851127e-17
1.2840009999873995e-08	3.4839397e-06	8.271853e-06	0.00021393718	0.072113946	-7.259483e-17	-8.9328326e-17	5.4570624e-17	-1.8985992e-17	0	-1.8851127e-17
1.2850009999873874e-08	3.5275148e-06	8.374722e-06	0.00021397941	0.072114296	-7.259485e-17	-8.932884e-17	5.457095e-17	-1.8985828e-17	0	-1.8851127e-17
1.2860009999873753e-08	3.5690264e-06	8.488575e-06	0.00021405758	0.072114654	-7.259487e-17	-8.932935e-17	5.4571266e-17	-1.8985663e-17	0	-1.8851127e-17
1.2870009999873632e-08	3.5930593e-06	8.616417e-06	0.00021414546	0.07211499	-7.2594906e-17	-8.932987e-17	5.457159e-17	-1.8985497e-17	0	-1.8851127e-17
1.2880009999873511e-08	3.6100903e-06	8.7337e-06	0.00021422266	0.07211535	-7.259493e-17	-8.933038e-17	5.4571904e-17	-1.8985332e-17	0	-1.8851127e-17
1.289000999987339e-08	3.618731e-06	8.838571e-06	0.00021429938	0.07211569	-7.2594965e-17	-8.933089e-17	5.4572225e-17	-1.8985173e-17	0	-1.8851127e-17
1.2900009999873269e-08	3.6252854e-06	8.945324e-06	0.00021434404	0.07211603	-7.259498e-17	-8.9331383e-17	5.457254e-17	-1.898501e-17	0	-1.8851127e-17
1.2910009999873148e-08	3.6602426e-06	9.037815e-06	0.00021437899	0.072116375	-7.259501e-17	-8.933189e-17	5.4572854e-17	-1.8984847e-17	0	-1.8851127e-17
1.2920009999873027e-08	3.7066852e-06	9.130003e-06	0.00021440278	0.07211672	-7.2595045e-17	-8.93324e-17	5.457317e-17	-1.8984685e-17	0	-1.8851127e-17
1.2930009999872906e-08	3.7374396e-06	9.247982e-06	0.00021444066	0.07211707	-7.259506e-17	-8.933289e-17	5.457348e-17	-1.8984523e-17	0	-1.8851129e-17
1.2940009999872785e-08	3.7851414e-06	9.398584e-06	0.00021450184	0.07211741	-7.259509e-17	-8.93334e-17	5.4573797e-17	-1.8984366e-17	0	-1.8851129e-17
1.2950009999872664e-08	3.869629e-06	9.535013e-06	0.00021457272	0.072117776	-7.259512e-17	-8.933389e-17	5.4574104e-17	-1.8984209e-17	0	-1.8851127e-17
1.2960009999872543e-08	3.937123e-06	9.671292e-06	0.00021463631	0.07211813	-7.2595144e-17	-8.933438e-17	5.4574416e-17	-1.8984053e-17	0	-1.8851127e-17
1.2970009999872422e-08	3.9827087e-06	9.799529e-06	0.00021470235	0.072118476	-7.259517e-17	-8.933487e-17	5.4574723e-17	-1.8983893e-17	0	-1.8851127e-17
1.29800099998723e-08	4.0266855e-06	9.939721e-06	0.00021476691	0.072118826	-7.2595204e-17	-8.933537e-17	5.4575028e-17	-1.8983737e-17	0	-1.8851125e-17
1.299000999987218e-08	4.0689256e-06	1.0078913e-05	0.0002148145	0.07211918	-7.259524e-17	-8.9335863e-17	5.4575332e-17	-1.8983583e-17	0	-1.8851127e-17
1.3000009999872059e-08	4.11244e-06	1.0212732e-05	0.0002148679	0.07211953	-7.259527e-17	-8.9336347e-17	5.457564e-17	-1.8983428e-17	0	-1.8851127e-17
1.3010009999871938e-08	4.1603844e-06	1.0352592e-05	0.00021491208	0.072119854	-7.259529e-17	-8.933683e-17	5.4575947e-17	-1.8983274e-17	0	-1.8851125e-17
1.3020009999871817e-08	4.1886356e-06	1.0492177e-05	0.00021496258	0.07212019	-7.2595316e-17	-8.933731e-17	5.4576245e-17	-1.8983125e-17	0	-1.8851127e-17
1.3030009999871696e-08	4.2207703e-06	1.062536e-05	0.00021501648	0.072120525	-7.259534e-17	-8.933779e-17	5.457655e-17	-1.8982971e-17	0	-1.8851125e-17
1.3040009999871575e-08	4.2634506e-06	1.0765735e-05	0.00021507328	0.07212087	-7.259537e-17	-8.933828e-17	5.4576844e-17	-1.8982826e-17	0	-1.8851125e-17
1.3050009999871454e-08	4.309013e-06	1.0913696e-05	0.00021513834	0.07212119	-7.2595415e-17	-8.933875e-17	5.4577135e-17	-1.8982677e-17	0	-1.8851125e-17
1.3060009999871333e-08	4.355562e-06	1.1071124e-05	0.00021518883	0.07212152	-7.259543e-17	-8.933922e-17	5.457744e-17	-1.8982526e-17	0	-1.8851125e-17
1.3070009999871212e-08	4.3975815e-06	1.1212197e-05	0.00021524419	0.07212187	-7.259547e-17	-8.933969e-17	5.457773e-17	-1.8982379e-17	0	-1.8851127e-17
1.308000999987109e-08	4.434276e-06	1.1362677e-05	0.00021531167	0.0721222	-7.25955e-17	-8.934016e-17	5.4578025e-17	-1.8982238e-17	0	-1.8851124e-17
1.309000999987097e-08	4.4888966e-06	1.1505267e-05	0.00021538595	0.07212253	-7.259552e-17	-8.9340615e-17	5.4578316e-17	-1.8982094e-17	0	-1.8851124e-17
1.3100009999870849e-08	4.5404217e-06	1.1658568e-05	0.00021547578	0.07212288	-7.2595554e-17	-8.934108e-17	5.45786e-17	-1.8981952e-17	0	-1.8851124e-17
1.3110009999870728e-08	4.589459e-06	1.1797669e-05	0.0002155554	0.07212319	-7.259559e-17	-8.934154e-17	5.4578892e-17	-1.8981808e-17	0	-1.8851125e-17
1.3120009999870607e-08	4.617801e-06	1.1920322e-05	0.00021559958	0.07212355	-7.259561e-17	-8.9342e-17	5.4579183e-17	-1.8981664e-17	0	-1.8851124e-17
1.3130009999870486e-08	4.641652e-06	1.20620925e-05	0.0002156088	0.07212389	-7.2595654e-17	-8.934247e-17	5.457946e-17	-1.8981527e-17	0	-1.8851124e-17
1.3140009999870365e-08	4.6833457e-06	1.2198492e-05	0.00021563988	0.07212425	-7.2595673e-17	-8.934291e-17	5.457975e-17	-1.8981388e-17	0	-1.8851124e-17
1.3150009999870244e-08	4.738998e-06	1.2352128e-05	0.0002156792	0.072124615	-7.259571e-17	-8.934336e-17	5.4580027e-17	-1.898125e-17	0	-1.8851124e-17
1.3160009999870123e-08	4.7660806e-06	1.250461e-05	0.00021573747	0.072125	-7.259574e-17	-8.934382e-17	5.4580305e-17	-1.8981118e-17	0	-1.8851124e-17
1.3170009999870002e-08	4.793861e-06	1.2650113e-05	0.00021580204	0.072125405	-7.259577e-17	-8.9344254e-17	5.4580583e-17	-1.8980981e-17	0	-1.8851124e-17
1.318000999986988e-08	4.836526e-06	1.2797406e-05	0.00021587923	0.072125815	-7.25958e-17	-8.934469e-17	5.4580868e-17	-1.8980847e-17	0	-1.8851122e-17
1.319000999986976e-08	4.883841e-06	1.2965607e-05	0.00021594479	0.07212622	-7.2595826e-17	-8.934514e-17	5.4581142e-17	-1.8980715e-17	0	-1.8851124e-17
1.3200009999869639e-08	4.93727e-06	1.3118514e-05	0.00021600013	0.072126634	-7.259587e-17	-8.934557e-17	5.4581413e-17	-1.8980584e-17	0	-1.8851122e-17
1.3210009999869518e-08	4.9934083e-06	1.3259678e-05	0.00021602683	0.07212705	-7.25959e-17	-8.934601e-17	5.4581685e-17	-1.8980452e-17	0	-1.8851122e-17
1.3220009999869397e-08	5.0464205e-06	1.3414133e-05	0.00021604043	0.07212747	-7.259594e-17	-8.934644e-17	5.4581956e-17	-1.8980326e-17	0	-1.8851124e-17
1.3230009999869276e-08	5.094092e-06	1.3581544e-05	0.0002160754	0.07212787	-7.259597e-17	-8.934687e-17	5.4582224e-17	-1.8980202e-17	0	-1.8851124e-17
1.3240009999869155e-08	5.1361117e-06	1.3765282e-05	0.0002161589	0.07212829	-7.2596004e-17	-8.934729e-17	5.4582485e-17	-1.8980076e-17	0	-1.8851124e-17
1.3250009999869034e-08	5.1936227e-06	1.3955847e-05	0.0002162395	0.072128706	-7.2596044e-17	-8.934771e-17	5.4582747e-17	-1.897995e-17	0	-1.8851124e-17
1.3260009999868913e-08	5.256679e-06	1.4134759e-05	0.00021634145	0.0721291	-7.2596064e-17	-8.9348126e-17	5.4583015e-17	-1.8979828e-17	0	-1.8851122e-17
1.3270009999868792e-08	5.3246513e-06	1.43193165e-05	0.00021641428	0.072129495	-7.259609e-17	-8.934855e-17	5.458328e-17	-1.8979705e-17	0	-1.8851119e-17
1.328000999986867e-08	5.3848858e-06	1.4520744e-05	0.00021644389	0.0721299	-7.2596137e-17	-8.9348966e-17	5.4583538e-17	-1.8979586e-17	0	-1.8851119e-17
1.329000999986855e-08	5.4559832e-06	1.4706485e-05	0.00021648662	0.07213029	-7.259616e-17	-8.9349376e-17	5.4583792e-17	-1.8979469e-17	0	-1.8851119e-17
